# Blender 3.6.2
# www.blender.org
mtllib calf_left.mtl
o calf
v -0.021208 -0.010000 -0.215307
v -0.022382 -0.010000 -0.208962
v -0.023501 -0.010000 -0.209169
v -0.000050 -0.010000 0.039803
v -0.000354 -0.010000 0.039747
v 0.000251 -0.010000 0.036479
v -0.008927 -0.010000 -0.206757
v -0.008905 -0.010000 -0.206479
v -0.012214 -0.010000 -0.207080
v -0.011088 -0.010000 -0.186536
v -0.011544 -0.010000 -0.187207
v -0.008731 -0.010000 -0.191552
v -0.023191 -0.010000 -0.189725
v -0.021349 -0.010000 -0.198982
v -0.013965 -0.010000 -0.197616
v -0.029194 -0.010000 -0.193928
v -0.026921 -0.010000 -0.200013
v -0.024133 -0.010000 -0.199497
v -0.028055 -0.010000 -0.187009
v -0.031452 -0.010000 -0.186346
v -0.027611 -0.010000 -0.187726
v -0.029936 -0.010000 -0.193287
v -0.027052 -0.010000 -0.188358
v -0.026396 -0.010000 -0.188886
v -0.028373 -0.010000 -0.186228
v -0.028554 -0.010000 -0.185405
v -0.031969 -0.010000 -0.179259
v -0.028969 -0.010000 -0.178996
v -0.031477 -0.010000 -0.172171
v -0.028506 -0.010000 -0.172591
v -0.030486 -0.010000 -0.165164
v -0.029238 -0.010000 -0.156343
v -0.025659 -0.010000 -0.189298
v -0.024865 -0.010000 -0.189579
v -0.024034 -0.010000 -0.189723
v -0.013464 -0.010000 -0.188667
v -0.014232 -0.010000 -0.188926
v -0.015033 -0.010000 -0.189058
v -0.012101 -0.010000 -0.187796
v -0.012747 -0.010000 -0.188287
v -0.009728 -0.010000 -0.196832
v -0.006951 -0.010000 -0.196318
v -0.006915 -0.010000 -0.182101
v -0.010530 -0.010000 -0.185018
v -0.010747 -0.010000 -0.185800
v 0.017034 -0.010000 -0.031089
v 0.014130 -0.010000 -0.028862
v 0.016007 -0.010000 -0.045440
v 0.013150 -0.010000 -0.043737
v 0.014201 -0.010000 -0.061163
v 0.011487 -0.010000 -0.058802
v 0.011516 -0.010000 -0.078773
v 0.009026 -0.010000 -0.075461
v 0.007537 -0.010000 -0.100574
v 0.004857 -0.010000 -0.098628
v 0.000844 -0.010000 -0.134449
v -0.003385 -0.010000 -0.140593
v -0.003429 -0.010000 -0.157935
v -0.006722 -0.010000 -0.159475
v -0.006143 -0.010000 -0.176225
v -0.009107 -0.010000 -0.175752
v -0.009894 -0.010000 -0.181708
v 0.011397 -0.010000 -0.024200
v 0.012091 -0.010000 -0.024627
v 0.017353 -0.010000 -0.017743
v 0.012706 -0.010000 -0.025160
v 0.013227 -0.010000 -0.025787
v 0.013639 -0.010000 -0.026490
v 0.013932 -0.010000 -0.027250
v 0.014097 -0.010000 -0.028048
v 0.009035 -0.010000 -0.023660
v 0.009848 -0.010000 -0.023710
v 0.009484 -0.010000 -0.013420
v 0.010643 -0.010000 -0.023892
v -0.008996 -0.010000 -0.029076
v -0.013234 -0.010000 -0.024662
v -0.009271 -0.010000 -0.029822
v -0.012540 -0.010000 -0.030005
v -0.009424 -0.010000 -0.030602
v -0.009452 -0.010000 -0.031396
v -0.008606 -0.010000 -0.028383
v -0.008111 -0.010000 -0.027761
v -0.014493 -0.010000 -0.017856
v -0.007524 -0.010000 -0.027225
v -0.006860 -0.010000 -0.026789
v -0.009460 -0.010000 -0.036299
v -0.012426 -0.010000 -0.035392
v -0.009921 -0.010000 -0.041181
v -0.012892 -0.010000 -0.040761
v -0.012485 -0.010000 -0.059310
v -0.006134 -0.010000 -0.026463
v -0.005367 -0.010000 -0.026257
v 0.008225 -0.010000 -0.023742
v -0.027521 -0.010000 -0.165624
v -0.024213 -0.010000 -0.142233
v -0.025930 -0.010000 -0.132952
v -0.022315 -0.010000 -0.128810
v -0.024032 -0.010000 -0.119529
v -0.014203 -0.010000 -0.050030
v -0.003531 -0.010000 -0.205473
v -0.005948 -0.010000 -0.205932
v -0.005828 -0.010000 -0.206184
v -0.005819 -0.010000 -0.207278
v -0.005934 -0.010000 -0.207532
v -0.000863 -0.010000 -0.212616
v -0.006092 -0.010000 -0.207761
v -0.005753 -0.010000 -0.206452
v -0.005727 -0.010000 -0.206730
v -0.005749 -0.010000 -0.207008
v -0.006288 -0.010000 -0.207960
v -0.006515 -0.010000 -0.208122
v -0.006611 -0.010000 -0.213680
v -0.006767 -0.010000 -0.208242
v -0.007036 -0.010000 -0.208317
v -0.007062 -0.010000 -0.205165
v -0.006792 -0.010000 -0.205235
v -0.006539 -0.010000 -0.205351
v -0.006309 -0.010000 -0.205509
v -0.006110 -0.010000 -0.205705
v -0.008138 -0.010000 -0.205365
v -0.007887 -0.010000 -0.205245
v -0.007618 -0.010000 -0.205170
v -0.007340 -0.010000 -0.205143
v -0.008366 -0.010000 -0.205526
v -0.008835 -0.010000 -0.206209
v -0.008719 -0.010000 -0.205955
v -0.008561 -0.010000 -0.205725
v -0.008900 -0.010000 -0.207035
v -0.008544 -0.010000 -0.207782
v -0.008706 -0.010000 -0.207555
v -0.008826 -0.010000 -0.207303
v -0.007313 -0.010000 -0.208343
v -0.007591 -0.010000 -0.208321
v -0.010848 -0.010000 -0.214464
v -0.007861 -0.010000 -0.208251
v -0.008115 -0.010000 -0.208136
v -0.008345 -0.010000 -0.207978
v -0.016968 -0.010000 -0.210929
v -0.016990 -0.010000 -0.211207
v -0.017060 -0.010000 -0.211477
v -0.017176 -0.010000 -0.211731
v -0.018008 -0.010000 -0.212441
v -0.018277 -0.010000 -0.212516
v -0.018231 -0.010000 -0.215830
v -0.016995 -0.010000 -0.210651
v -0.017334 -0.010000 -0.211961
v -0.017529 -0.010000 -0.212160
v -0.017756 -0.010000 -0.212321
v -0.018034 -0.010000 -0.209435
v -0.017780 -0.010000 -0.209550
v -0.017550 -0.010000 -0.209708
v -0.017351 -0.010000 -0.209904
v -0.017189 -0.010000 -0.210131
v -0.017069 -0.010000 -0.210383
v -0.019128 -0.010000 -0.209444
v -0.018859 -0.010000 -0.209369
v -0.019598 -0.010000 -0.208446
v -0.018582 -0.010000 -0.209343
v -0.018304 -0.010000 -0.209365
v -0.019607 -0.010000 -0.209726
v -0.019380 -0.010000 -0.209564
v -0.020168 -0.010000 -0.210956
v -0.020146 -0.010000 -0.210678
v -0.020076 -0.010000 -0.210408
v -0.020067 -0.010000 -0.211502
v -0.020141 -0.010000 -0.211234
v -0.019960 -0.010000 -0.210154
v -0.019802 -0.010000 -0.209924
v -0.019586 -0.010000 -0.212177
v -0.019785 -0.010000 -0.211981
v -0.019947 -0.010000 -0.211754
v -0.018555 -0.010000 -0.212543
v -0.018833 -0.010000 -0.212521
v -0.020833 -0.010000 -0.216311
v -0.019103 -0.010000 -0.212451
v -0.019356 -0.010000 -0.212335
v -0.001735 -0.010000 -0.218773
v -0.001893 -0.010000 -0.219003
v 0.002369 -0.010000 -0.221269
v 0.000668 -0.010000 -0.216715
v -0.001749 -0.010000 -0.217173
v -0.001629 -0.010000 -0.217425
v -0.001620 -0.010000 -0.218519
v -0.001554 -0.010000 -0.217694
v -0.001528 -0.010000 -0.217971
v -0.001550 -0.010000 -0.218249
v -0.002089 -0.010000 -0.219202
v -0.002316 -0.010000 -0.219364
v -0.004717 -0.010000 -0.223916
v -0.002568 -0.010000 -0.219484
v -0.002837 -0.010000 -0.219558
v -0.003114 -0.010000 -0.219585
v -0.003392 -0.010000 -0.219563
v -0.003662 -0.010000 -0.219493
v -0.003916 -0.010000 -0.219377
v -0.004146 -0.010000 -0.219219
v -0.004345 -0.010000 -0.219023
v -0.004506 -0.010000 -0.218796
v -0.004626 -0.010000 -0.218545
v -0.005827 -0.010000 -0.217917
v -0.004701 -0.010000 -0.218276
v -0.004728 -0.010000 -0.217998
v -0.004706 -0.010000 -0.217720
v -0.004636 -0.010000 -0.217450
v -0.004520 -0.010000 -0.217196
v -0.004362 -0.010000 -0.216967
v -0.004166 -0.010000 -0.216768
v -0.003939 -0.010000 -0.216606
v -0.002863 -0.010000 -0.216407
v -0.002593 -0.010000 -0.216477
v -0.003688 -0.010000 -0.216486
v -0.003419 -0.010000 -0.216411
v -0.003141 -0.010000 -0.216385
v -0.002339 -0.010000 -0.216592
v -0.002110 -0.010000 -0.216750
v -0.001911 -0.010000 -0.216946
v 0.003812 -0.010000 0.017231
v 0.003803 -0.010000 0.003246
v 0.004309 -0.010000 0.002536
v 0.004684 -0.010000 0.001750
v 0.004917 -0.010000 0.000910
v 0.005000 -0.010000 0.000042
v 0.004931 -0.010000 -0.000827
v 0.004713 -0.010000 -0.001670
v 0.004351 -0.010000 -0.002463
v 0.003857 -0.010000 -0.003182
v -0.019937 -0.010000 0.011566
v -0.005000 -0.010000 -0.000042
v -0.004931 -0.010000 0.000827
v -0.004917 -0.010000 -0.000910
v -0.004684 -0.010000 -0.001750
v -0.003857 -0.010000 0.003182
v -0.019835 -0.010000 0.012856
v -0.004351 -0.010000 0.002463
v -0.004713 -0.010000 0.001670
v -0.000910 -0.010000 0.004917
v -0.000042 -0.010000 0.005000
v 0.000827 -0.010000 0.004931
v 0.001670 -0.010000 0.004713
v 0.002463 -0.010000 0.004351
v 0.003182 -0.010000 0.003857
v -0.003182 -0.010000 -0.003857
v -0.002463 -0.010000 -0.004351
v -0.001670 -0.010000 -0.004713
v -0.003803 -0.010000 -0.003246
v -0.004309 -0.010000 -0.002536
v -0.003246 -0.010000 0.003803
v -0.002536 -0.010000 0.004309
v -0.001750 -0.010000 0.004684
v 0.003246 -0.010000 -0.003803
v 0.002536 -0.010000 -0.004309
v 0.001750 -0.010000 -0.004684
v 0.000910 -0.010000 -0.004917
v 0.000042 -0.010000 -0.005000
v -0.000827 -0.010000 -0.004931
v -0.002958 -0.010000 0.029520
v -0.002993 -0.010000 0.029086
v -0.003868 -0.010000 0.031428
v -0.003557 -0.010000 0.031122
v -0.003304 -0.010000 0.030767
v -0.003116 -0.010000 0.030374
v -0.003000 -0.010000 0.029954
v -0.005479 -0.010000 0.031999
v -0.005045 -0.010000 0.031965
v -0.004623 -0.010000 0.031856
v -0.004227 -0.010000 0.031675
v -0.003102 -0.010000 0.028664
v -0.003283 -0.010000 0.028268
v -0.003530 -0.010000 0.027908
v -0.006294 -0.010000 0.027143
v -0.006690 -0.010000 0.027324
v -0.007917 -0.010000 0.029044
v -0.018270 -0.010000 0.032663
v -0.007800 -0.010000 0.028624
v -0.007613 -0.010000 0.028231
v -0.007634 -0.010000 0.030731
v -0.007387 -0.010000 0.031090
v -0.018140 -0.010000 0.033470
v -0.007081 -0.010000 0.031401
v -0.007049 -0.010000 0.027571
v -0.007360 -0.010000 0.027876
v -0.006727 -0.010000 0.031654
v -0.006333 -0.010000 0.031841
v -0.005913 -0.010000 0.031958
v -0.007958 -0.010000 0.029478
v -0.007924 -0.010000 0.029913
v -0.007815 -0.010000 0.030334
v -0.003835 -0.010000 0.027598
v -0.004190 -0.010000 0.027345
v -0.004584 -0.010000 0.027157
v -0.005003 -0.010000 0.027041
v -0.005437 -0.010000 0.026999
v -0.005872 -0.010000 0.027034
v -0.014196 -0.010000 0.037186
v -0.017879 -0.010000 0.034245
v -0.016406 -0.010000 0.036177
v -0.015728 -0.010000 0.036633
v -0.014984 -0.010000 0.036972
v -0.017001 -0.010000 0.035616
v -0.017496 -0.010000 0.034966
v 0.004442 -0.010000 0.038375
v 0.004963 -0.010000 0.037745
v 0.005373 -0.010000 0.037038
v 0.002375 -0.010000 0.039652
v 0.001579 -0.010000 0.039835
v 0.000763 -0.010000 0.039886
v 0.003826 -0.010000 0.038912
v 0.003131 -0.010000 0.039341
v 0.014479 -0.010000 0.017934
v 0.017007 -0.010000 -0.005165
v 0.016023 -0.010000 0.006812
v -0.010064 -0.010000 -0.218701
v -0.008816 -0.010000 -0.225447
v -0.013351 -0.010000 -0.220950
v -0.013152 -0.010000 -0.221145
v -0.012990 -0.010000 -0.221372
v -0.012870 -0.010000 -0.221624
v -0.012796 -0.010000 -0.221893
v -0.012769 -0.010000 -0.222170
v -0.012791 -0.010000 -0.222448
v -0.013809 -0.010000 -0.223683
v -0.015958 -0.010000 -0.228115
v -0.013557 -0.010000 -0.223563
v -0.013330 -0.010000 -0.223401
v -0.013135 -0.010000 -0.223202
v -0.012861 -0.010000 -0.222718
v -0.012977 -0.010000 -0.222972
v -0.014104 -0.010000 -0.220606
v -0.013834 -0.010000 -0.220676
v -0.013581 -0.010000 -0.220792
v -0.014078 -0.010000 -0.223757
v -0.014355 -0.010000 -0.223784
v -0.014633 -0.010000 -0.223762
v -0.014903 -0.010000 -0.223692
v -0.015157 -0.010000 -0.223576
v -0.015387 -0.010000 -0.223418
v -0.017447 -0.010000 -0.220067
v -0.015408 -0.010000 -0.220967
v -0.015181 -0.010000 -0.220805
v -0.015868 -0.010000 -0.222744
v -0.015942 -0.010000 -0.222475
v -0.015969 -0.010000 -0.222197
v -0.015947 -0.010000 -0.221919
v -0.015877 -0.010000 -0.221649
v -0.015761 -0.010000 -0.221396
v -0.015603 -0.010000 -0.221166
v -0.014929 -0.010000 -0.220685
v -0.014660 -0.010000 -0.220611
v -0.014382 -0.010000 -0.220584
v -0.015586 -0.010000 -0.223223
v -0.015748 -0.010000 -0.222996
v -0.019302 -0.010000 -0.220410
v -0.016366 -0.010000 -0.228267
v -0.013551 -0.006000 -0.022946
v -0.013551 0.006000 -0.022946
v -0.013234 0.010000 -0.024662
v -0.019937 0.006000 0.011566
v -0.019937 0.010000 0.011566
v -0.014493 0.010000 -0.017856
v -0.019937 -0.006000 0.011566
v -0.004875 -0.006000 0.014353
v 0.014479 -0.006000 0.017934
v -0.004875 0.006000 0.014353
v 0.014479 0.006000 0.017934
v 0.014479 0.010000 0.017934
v 0.005373 0.006000 0.037038
v 0.005373 0.010000 0.037038
v -0.014196 0.010000 0.037186
v -0.014196 0.006000 0.037186
v -0.000354 0.010000 0.039747
v -0.000050 0.006000 0.039803
v -0.000050 0.010000 0.039803
v -0.019835 0.010000 0.012856
v -0.018270 0.006000 0.032663
v -0.018270 0.010000 0.032663
v -0.005913 0.006000 0.031958
v -0.005913 0.010000 0.031958
v -0.005479 0.006000 0.031999
v -0.005479 0.010000 0.031999
v -0.005045 0.006000 0.031965
v -0.005045 0.010000 0.031965
v -0.004623 0.006000 0.031856
v -0.004623 0.010000 0.031856
v -0.004227 0.006000 0.031675
v -0.004227 0.010000 0.031675
v -0.003868 0.006000 0.031428
v -0.003868 0.010000 0.031428
v -0.003557 0.006000 0.031122
v -0.003557 0.010000 0.031122
v -0.003304 0.006000 0.030767
v -0.003304 0.010000 0.030767
v -0.003116 0.006000 0.030374
v -0.003116 0.010000 0.030374
v -0.003000 0.006000 0.029954
v -0.003000 0.010000 0.029954
v -0.002958 0.006000 0.029520
v -0.002958 0.010000 0.029520
v -0.002993 0.006000 0.029086
v -0.002993 0.010000 0.029086
v -0.003102 0.006000 0.028664
v -0.003102 0.010000 0.028664
v -0.003283 0.006000 0.028268
v -0.003283 0.010000 0.028268
v -0.003530 0.006000 0.027908
v -0.003530 0.010000 0.027908
v -0.003835 0.006000 0.027598
v -0.003835 0.010000 0.027598
v -0.004190 0.006000 0.027345
v -0.004190 0.010000 0.027345
v -0.004584 0.006000 0.027157
v -0.004584 0.010000 0.027157
v -0.005003 0.006000 0.027041
v -0.005003 0.010000 0.027041
v -0.005437 0.006000 0.026999
v -0.005437 0.010000 0.026999
v -0.005872 0.006000 0.027034
v -0.005872 0.010000 0.027034
v -0.006294 0.006000 0.027143
v -0.006294 0.010000 0.027143
v -0.006690 0.006000 0.027324
v -0.006690 0.010000 0.027324
v -0.007049 0.006000 0.027571
v -0.007049 0.010000 0.027571
v -0.007360 0.006000 0.027876
v -0.007360 0.010000 0.027876
v -0.007613 0.006000 0.028231
v -0.007613 0.010000 0.028231
v -0.007800 0.006000 0.028624
v -0.007800 0.010000 0.028624
v -0.007917 0.006000 0.029044
v -0.007917 0.010000 0.029044
v -0.007958 0.006000 0.029478
v -0.007958 0.010000 0.029478
v -0.007924 0.006000 0.029913
v -0.007924 0.010000 0.029913
v -0.007815 0.006000 0.030334
v -0.007815 0.010000 0.030334
v -0.007634 0.006000 0.030731
v -0.007634 0.010000 0.030731
v -0.007387 0.006000 0.031090
v -0.007387 0.010000 0.031090
v -0.007081 0.006000 0.031401
v -0.007081 0.010000 0.031401
v -0.006727 0.006000 0.031654
v -0.006727 0.010000 0.031654
v -0.006333 0.006000 0.031841
v -0.006333 0.010000 0.031841
v 0.004963 0.010000 0.037745
v 0.004963 0.006000 0.037745
v 0.004442 0.010000 0.038375
v 0.004442 0.006000 0.038375
v 0.003826 0.010000 0.038912
v 0.003826 0.006000 0.038912
v 0.003131 0.010000 0.039341
v 0.003131 0.006000 0.039341
v 0.002375 0.010000 0.039652
v 0.002375 0.006000 0.039652
v 0.001579 0.010000 0.039835
v 0.001579 0.006000 0.039835
v 0.000763 0.010000 0.039886
v 0.000763 0.006000 0.039886
v -0.014984 0.010000 0.036972
v -0.014984 0.006000 0.036972
v -0.015728 0.010000 0.036633
v -0.015728 0.006000 0.036633
v -0.016406 0.010000 0.036177
v -0.016406 0.006000 0.036177
v -0.017001 0.010000 0.035616
v -0.017001 0.006000 0.035616
v -0.017496 0.010000 0.034966
v -0.017496 0.006000 0.034966
v -0.017879 0.010000 0.034245
v -0.017879 0.006000 0.034245
v -0.018140 0.010000 0.033470
v -0.018140 0.006000 0.033470
v -0.000910 0.010000 0.004917
v -0.000042 0.010000 0.005000
v 0.000827 0.010000 0.004931
v 0.001670 0.010000 0.004713
v 0.002463 0.010000 0.004351
v 0.003182 0.010000 0.003857
v 0.003803 0.010000 0.003246
v 0.004309 0.010000 0.002536
v 0.004684 0.010000 0.001750
v 0.004917 0.010000 0.000910
v 0.005000 0.010000 0.000042
v 0.004931 0.010000 -0.000827
v 0.004713 0.010000 -0.001670
v 0.004351 0.010000 -0.002463
v 0.003857 0.010000 -0.003182
v 0.003246 0.010000 -0.003803
v 0.002536 0.010000 -0.004309
v 0.001750 0.010000 -0.004684
v 0.000910 0.010000 -0.004917
v 0.000042 0.010000 -0.005000
v -0.000827 0.010000 -0.004931
v -0.001670 0.010000 -0.004713
v -0.002463 0.010000 -0.004351
v -0.003182 0.010000 -0.003857
v -0.003803 0.010000 -0.003246
v -0.004309 0.010000 -0.002536
v -0.004684 0.010000 -0.001750
v -0.004917 0.010000 -0.000910
v -0.005000 0.010000 -0.000042
v -0.004931 0.010000 0.000827
v -0.004713 0.010000 0.001670
v -0.004351 0.010000 0.002463
v -0.003857 0.010000 0.003182
v -0.003246 0.010000 0.003803
v -0.002536 0.010000 0.004309
v -0.001750 0.010000 0.004684
v -0.008731 0.010000 -0.191552
v -0.006951 0.010000 -0.196318
v -0.009728 0.010000 -0.196832
v -0.004636 0.010000 -0.217450
v -0.004706 0.010000 -0.217720
v -0.005827 0.010000 -0.217917
v -0.003531 0.010000 -0.205474
v -0.006110 0.010000 -0.205705
v -0.006309 0.010000 -0.205509
v -0.006538 0.010000 -0.205351
v -0.006792 0.010000 -0.205235
v -0.007618 0.010000 -0.205170
v -0.007340 0.010000 -0.205143
v -0.007062 0.010000 -0.205165
v -0.005753 0.010000 -0.206452
v -0.005828 0.010000 -0.206184
v -0.005948 0.010000 -0.205932
v -0.006288 0.010000 -0.207960
v -0.006092 0.010000 -0.207761
v -0.000863 0.010000 -0.212616
v -0.005934 0.010000 -0.207532
v -0.005819 0.010000 -0.207278
v -0.005749 0.010000 -0.207008
v -0.005727 0.010000 -0.206730
v -0.007313 0.010000 -0.208343
v -0.007036 0.010000 -0.208317
v -0.006611 0.010000 -0.213680
v -0.006767 0.010000 -0.208242
v -0.006515 0.010000 -0.208122
v -0.008835 0.010000 -0.206209
v -0.008905 0.010000 -0.206479
v -0.012214 0.010000 -0.207080
v -0.008927 0.010000 -0.206757
v -0.008900 0.010000 -0.207035
v -0.008345 0.010000 -0.207978
v -0.008115 0.010000 -0.208136
v -0.010848 0.010000 -0.214464
v -0.007861 0.010000 -0.208251
v -0.007591 0.010000 -0.208321
v -0.008826 0.010000 -0.207303
v -0.008706 0.010000 -0.207555
v -0.008544 0.010000 -0.207782
v -0.013965 0.010000 -0.197616
v -0.008561 0.010000 -0.205725
v -0.008719 0.010000 -0.205955
v -0.007887 0.010000 -0.205245
v -0.008138 0.010000 -0.205365
v -0.008366 0.010000 -0.205526
v -0.017069 0.010000 -0.210383
v -0.017189 0.010000 -0.210131
v -0.017060 0.010000 -0.211477
v -0.017176 0.010000 -0.211731
v -0.017334 0.010000 -0.211961
v -0.019103 0.010000 -0.212451
v -0.018833 0.010000 -0.212521
v -0.018231 0.010000 -0.215830
v -0.018555 0.010000 -0.212543
v -0.018277 0.010000 -0.212516
v -0.018008 0.010000 -0.212441
v -0.017756 0.010000 -0.212321
v -0.017529 0.010000 -0.212160
v -0.016990 0.010000 -0.211207
v -0.016968 0.010000 -0.210929
v -0.016995 0.010000 -0.210651
v -0.017351 0.010000 -0.209904
v -0.017550 0.010000 -0.209708
v -0.017780 0.010000 -0.209550
v -0.018034 0.010000 -0.209435
v -0.018304 0.010000 -0.209365
v -0.019598 0.010000 -0.208446
v -0.018582 0.010000 -0.209343
v -0.018859 0.010000 -0.209369
v -0.019128 0.010000 -0.209444
v -0.019380 0.010000 -0.209564
v -0.022382 0.010000 -0.208962
v -0.019607 0.010000 -0.209726
v -0.019586 0.010000 -0.212177
v -0.019356 0.010000 -0.212335
v -0.021208 0.010000 -0.215307
v -0.019802 0.010000 -0.209924
v -0.019960 0.010000 -0.210154
v -0.020076 0.010000 -0.210408
v -0.020141 0.010000 -0.211234
v -0.020067 0.010000 -0.211502
v -0.020833 0.010000 -0.216311
v -0.020146 0.010000 -0.210678
v -0.020168 0.010000 -0.210956
v -0.019947 0.010000 -0.211754
v -0.019785 0.010000 -0.211981
v -0.003687 0.010000 -0.216486
v -0.003939 0.010000 -0.216606
v -0.002339 0.010000 -0.216592
v -0.002593 0.010000 -0.216477
v -0.002863 0.010000 -0.216407
v -0.003141 0.010000 -0.216385
v -0.003419 0.010000 -0.216411
v -0.004166 0.010000 -0.216768
v -0.004362 0.010000 -0.216967
v -0.004520 0.010000 -0.217196
v 0.000668 0.010000 -0.216715
v -0.001911 0.010000 -0.216946
v -0.002110 0.010000 -0.216750
v -0.001554 0.010000 -0.217694
v -0.001629 0.010000 -0.217425
v -0.001749 0.010000 -0.217173
v -0.003916 0.010000 -0.219377
v -0.003662 0.010000 -0.219493
v -0.004717 0.010000 -0.223916
v -0.003392 0.010000 -0.219563
v -0.003114 0.010000 -0.219585
v -0.004626 0.010000 -0.218545
v -0.004506 0.010000 -0.218796
v -0.002089 0.010000 -0.219202
v -0.001893 0.010000 -0.219003
v 0.002369 0.010000 -0.221269
v -0.001735 0.010000 -0.218773
v -0.001620 0.010000 -0.218519
v -0.001550 0.010000 -0.218249
v -0.001528 0.010000 -0.217971
v -0.004728 0.010000 -0.217998
v -0.004701 0.010000 -0.218276
v -0.004345 0.010000 -0.219023
v -0.004146 0.010000 -0.219219
v -0.002836 0.010000 -0.219558
v -0.002568 0.010000 -0.219484
v -0.002316 0.010000 -0.219364
v -0.015157 0.010000 -0.223576
v -0.015958 0.010000 -0.228115
v -0.015387 0.010000 -0.223418
v -0.015586 0.010000 -0.223223
v -0.014903 0.010000 -0.223692
v -0.014633 0.010000 -0.223762
v -0.014355 0.010000 -0.223784
v -0.014078 0.010000 -0.223757
v -0.013809 0.010000 -0.223683
v -0.008816 0.010000 -0.225447
v -0.013557 0.010000 -0.223563
v -0.013330 0.010000 -0.223401
v -0.013135 0.010000 -0.223202
v -0.012977 0.010000 -0.222972
v -0.015181 0.010000 -0.220805
v -0.015408 0.010000 -0.220967
v -0.017447 0.010000 -0.220067
v -0.015603 0.010000 -0.221166
v -0.015761 0.010000 -0.221396
v -0.015877 0.010000 -0.221649
v -0.015947 0.010000 -0.221919
v -0.015969 0.010000 -0.222197
v -0.015942 0.010000 -0.222475
v -0.015868 0.010000 -0.222744
v -0.015748 0.010000 -0.222996
v -0.012861 0.010000 -0.222718
v -0.012791 0.010000 -0.222448
v -0.012769 0.010000 -0.222170
v -0.012796 0.010000 -0.221893
v -0.012870 0.010000 -0.221624
v -0.010064 0.010000 -0.218701
v -0.014104 0.010000 -0.220606
v -0.014382 0.010000 -0.220584
v -0.014660 0.010000 -0.220611
v -0.014929 0.010000 -0.220685
v -0.012990 0.010000 -0.221372
v -0.013152 0.010000 -0.221145
v -0.013351 0.010000 -0.220950
v -0.013581 0.010000 -0.220792
v -0.013834 0.010000 -0.220676
v -0.006915 0.010000 -0.182101
v -0.010748 0.010000 -0.185800
v -0.010530 0.010000 -0.185018
v -0.009894 0.010000 -0.181708
v -0.006143 0.010000 -0.176225
v -0.009107 0.010000 -0.175752
v -0.003429 0.010000 -0.157935
v -0.006722 0.010000 -0.159475
v 0.000844 0.010000 -0.134449
v -0.003385 0.010000 -0.140593
v 0.004857 0.010000 -0.098628
v 0.007537 0.010000 -0.100574
v 0.013639 0.010000 -0.026490
v 0.013227 0.010000 -0.025787
v 0.017353 0.010000 -0.017743
v 0.012706 0.010000 -0.025160
v 0.012091 0.010000 -0.024627
v 0.009484 0.010000 -0.013420
v 0.017034 0.010000 -0.031089
v 0.014097 0.010000 -0.028048
v 0.013932 0.010000 -0.027250
v 0.011516 0.010000 -0.078773
v 0.009026 0.010000 -0.075461
v 0.014201 0.010000 -0.061163
v 0.011487 0.010000 -0.058802
v 0.016007 0.010000 -0.045440
v 0.013150 0.010000 -0.043737
v 0.014130 0.010000 -0.028862
v 0.000251 0.010000 0.036479
v 0.003812 0.010000 0.017231
v 0.016023 0.010000 0.006812
v 0.017007 0.010000 -0.005165
v 0.011397 0.010000 -0.024200
v 0.010643 0.010000 -0.023892
v 0.009848 0.010000 -0.023710
v -0.006134 0.010000 -0.026463
v -0.006860 0.010000 -0.026789
v -0.007524 0.010000 -0.027225
v -0.008111 0.010000 -0.027761
v 0.009035 0.010000 -0.023660
v 0.008225 0.010000 -0.023742
v -0.005367 0.010000 -0.026257
v -0.009271 0.010000 -0.029822
v -0.012540 0.010000 -0.030005
v -0.008996 0.010000 -0.029076
v -0.008606 0.010000 -0.028383
v -0.009424 0.010000 -0.030602
v -0.009452 0.010000 -0.031396
v -0.012426 0.010000 -0.035392
v -0.009460 0.010000 -0.036299
v -0.012892 0.010000 -0.040761
v -0.009921 0.010000 -0.041181
v -0.014203 0.010000 -0.050030
v -0.028506 0.010000 -0.172591
v -0.029238 0.010000 -0.156343
v -0.027521 0.010000 -0.165624
v -0.025930 0.010000 -0.132952
v -0.024213 0.010000 -0.142233
v -0.024032 0.010000 -0.119529
v -0.022315 0.010000 -0.128810
v -0.012485 0.010000 -0.059310
v -0.028969 0.010000 -0.178996
v -0.028554 0.010000 -0.185405
v -0.031452 0.010000 -0.186346
v -0.028373 0.010000 -0.186228
v -0.028055 0.010000 -0.187009
v -0.029936 0.010000 -0.193287
v -0.031969 0.010000 -0.179259
v -0.031477 0.010000 -0.172171
v -0.030486 0.010000 -0.165164
v -0.023501 0.010000 -0.209169
v -0.026921 0.010000 -0.200013
v -0.016366 0.010000 -0.228267
v -0.019302 0.010000 -0.220410
v -0.012747 0.010000 -0.188287
v -0.012101 0.010000 -0.187796
v -0.011544 0.010000 -0.187207
v -0.011088 0.010000 -0.186536
v -0.021349 0.010000 -0.198982
v -0.015033 0.010000 -0.189058
v -0.014232 0.010000 -0.188926
v -0.013464 0.010000 -0.188667
v -0.024133 0.010000 -0.199497
v -0.026396 0.010000 -0.188887
v -0.025659 0.010000 -0.189298
v -0.024865 0.010000 -0.189579
v -0.024034 0.010000 -0.189723
v -0.023191 0.010000 -0.189725
v -0.027611 0.010000 -0.187726
v -0.027052 0.010000 -0.188358
v -0.029194 0.010000 -0.193928
v 0.005373 -0.006000 0.037038
v -0.000050 -0.006000 0.039803
v -0.014196 -0.006000 0.037186
v -0.018270 -0.006000 0.032663
v -0.005913 -0.006000 0.031958
v -0.005479 -0.006000 0.031999
v -0.005045 -0.006000 0.031965
v -0.004623 -0.006000 0.031856
v -0.004227 -0.006000 0.031675
v -0.003868 -0.006000 0.031428
v -0.003557 -0.006000 0.031122
v -0.003304 -0.006000 0.030767
v -0.003116 -0.006000 0.030374
v -0.003000 -0.006000 0.029954
v -0.002958 -0.006000 0.029520
v -0.002993 -0.006000 0.029086
v -0.003102 -0.006000 0.028664
v -0.003283 -0.006000 0.028268
v -0.003530 -0.006000 0.027908
v -0.003835 -0.006000 0.027598
v -0.004190 -0.006000 0.027345
v -0.004584 -0.006000 0.027157
v -0.005004 -0.006000 0.027041
v -0.005437 -0.006000 0.026999
v -0.005872 -0.006000 0.027034
v -0.006294 -0.006000 0.027143
v -0.006690 -0.006000 0.027324
v -0.007049 -0.006000 0.027571
v -0.007360 -0.006000 0.027876
v -0.007613 -0.006000 0.028231
v -0.007800 -0.006000 0.028624
v -0.007917 -0.006000 0.029044
v -0.007958 -0.006000 0.029478
v -0.007924 -0.006000 0.029913
v -0.007815 -0.006000 0.030334
v -0.007634 -0.006000 0.030731
v -0.007387 -0.006000 0.031090
v -0.007081 -0.006000 0.031401
v -0.006727 -0.006000 0.031654
v -0.006333 -0.006000 0.031841
v 0.004963 -0.006000 0.037745
v 0.004442 -0.006000 0.038375
v 0.003826 -0.006000 0.038912
v 0.003131 -0.006000 0.039341
v 0.002375 -0.006000 0.039652
v 0.001579 -0.006000 0.039835
v 0.000763 -0.006000 0.039886
v -0.014984 -0.006000 0.036972
v -0.015728 -0.006000 0.036633
v -0.016406 -0.006000 0.036177
v -0.017001 -0.006000 0.035616
v -0.017496 -0.006000 0.034966
v -0.017879 -0.006000 0.034245
v -0.018140 -0.006000 0.033470
v -0.009921 0.002500 -0.041181
v -0.009460 0.002500 -0.036299
v -0.009452 0.002500 -0.031396
v -0.028506 0.002500 -0.172591
v -0.028554 0.002500 -0.185405
v -0.028969 0.002500 -0.178996
v -0.015033 0.002500 -0.189058
v -0.023191 0.002500 -0.189725
v -0.010530 0.002500 -0.185018
v -0.009894 0.002500 -0.181708
v -0.009107 0.002500 -0.175752
v 0.014130 0.002500 -0.028862
v 0.013150 0.002500 -0.043737
v 0.011487 0.002500 -0.058802
v 0.009026 0.002500 -0.075461
v 0.004857 0.002500 -0.098628
v -0.003385 0.002500 -0.140593
v -0.006722 0.002500 -0.159475
v 0.008225 0.002500 -0.023742
v -0.005367 0.002500 -0.026257
v 0.014097 0.002500 -0.028048
v -0.009424 0.002500 -0.030602
v -0.009271 0.002500 -0.029822
v -0.008996 0.002500 -0.029076
v -0.008606 0.002500 -0.028383
v -0.006134 0.002500 -0.026463
v -0.006860 0.002500 -0.026789
v -0.008111 0.002500 -0.027761
v -0.007524 0.002500 -0.027225
v 0.009035 0.002500 -0.023660
v 0.012091 0.002500 -0.024626
v 0.012706 0.002500 -0.025160
v 0.009848 0.002500 -0.023710
v 0.010643 0.002500 -0.023892
v 0.011397 0.002500 -0.024200
v 0.013227 0.002500 -0.025787
v 0.013639 0.002500 -0.026490
v 0.013932 0.002500 -0.027250
v -0.011088 0.002500 -0.186536
v -0.011544 0.002500 -0.187207
v -0.010748 0.002500 -0.185800
v -0.012101 0.002500 -0.187796
v -0.012747 0.002500 -0.188287
v -0.013464 0.002500 -0.188667
v -0.014232 0.002500 -0.188926
v -0.024034 0.002500 -0.189723
v -0.024865 0.002500 -0.189579
v -0.028373 0.002500 -0.186228
v -0.028055 0.002500 -0.187009
v -0.025659 0.002500 -0.189298
v -0.026396 0.002500 -0.188886
v -0.027611 0.002500 -0.187726
v -0.027052 0.002500 -0.188358
v -0.009452 -0.002500 -0.031396
v -0.009460 -0.002500 -0.036299
v -0.009921 -0.002500 -0.041181
v 0.008225 -0.002500 -0.023742
v -0.005367 -0.002500 -0.026257
v -0.009107 -0.002500 -0.175752
v -0.006722 -0.002500 -0.159475
v -0.003385 -0.002500 -0.140593
v 0.004857 -0.002500 -0.098628
v 0.009026 -0.002500 -0.075461
v 0.011487 -0.002500 -0.058802
v 0.013150 -0.002500 -0.043737
v 0.014130 -0.002500 -0.028862
v -0.009894 -0.002500 -0.181708
v -0.010530 -0.002500 -0.185018
v -0.015033 -0.002500 -0.189058
v -0.023191 -0.002500 -0.189725
v -0.028506 -0.002500 -0.172591
v -0.028969 -0.002500 -0.178996
v -0.028554 -0.002500 -0.185405
v -0.006134 -0.002500 -0.026463
v -0.006860 -0.002500 -0.026789
v -0.007524 -0.002500 -0.027225
v -0.008111 -0.002500 -0.027761
v -0.008606 -0.002500 -0.028383
v -0.010748 -0.002500 -0.185800
v 0.009848 -0.002500 -0.023710
v 0.009035 -0.002500 -0.023660
v 0.014097 -0.002500 -0.028048
v -0.008996 -0.002500 -0.029076
v -0.009271 -0.002500 -0.029822
v -0.009424 -0.002500 -0.030602
v 0.011397 -0.002500 -0.024200
v 0.013932 -0.002500 -0.027250
v 0.013639 -0.002500 -0.026490
v 0.013227 -0.002500 -0.025787
v 0.012706 -0.002500 -0.025160
v 0.012091 -0.002500 -0.024626
v 0.010643 -0.002500 -0.023892
v -0.025659 -0.002500 -0.189298
v -0.024865 -0.002500 -0.189579
v -0.028373 -0.002500 -0.186228
v -0.024034 -0.002500 -0.189723
v -0.014232 -0.002500 -0.188926
v -0.013464 -0.002500 -0.188667
v -0.012747 -0.002500 -0.188287
v -0.012101 -0.002500 -0.187796
v -0.011544 -0.002500 -0.187207
v -0.011088 -0.002500 -0.186536
v -0.028055 -0.002500 -0.187009
v -0.027611 -0.002500 -0.187726
v -0.027052 -0.002500 -0.188358
v -0.026396 -0.002500 -0.188887
v 0.005937 -0.018009 -0.230487
v 0.005595 -0.018633 -0.231236
v 0.005843 -0.018626 -0.231341
v 0.004191 -0.020664 -0.234314
v 0.003686 -0.021215 -0.235422
v 0.004292 -0.021198 -0.235679
v 0.008940 -0.008056 -0.223903
v 0.008761 -0.009127 -0.224295
v 0.009352 -0.009144 -0.224585
v 0.002250 -0.022352 -0.238570
v 0.001583 -0.022681 -0.240033
v 0.002516 -0.022654 -0.240428
v 0.009449 -0.003236 -0.222786
v 0.009393 -0.004076 -0.222909
v 0.010303 -0.004103 -0.223354
v 0.009517 0.001735 -0.222637
v 0.009531 0.001189 -0.222605
v 0.010712 0.001153 -0.223183
v 0.009383 0.004204 -0.222930
v 0.009466 0.002944 -0.222749
v 0.010724 0.002906 -0.223365
v 0.008789 0.008967 -0.224233
v 0.008938 0.008064 -0.223906
v 0.010382 0.008020 -0.224612
v 0.007784 0.013310 -0.226438
v 0.007941 0.012760 -0.226093
v 0.009494 0.012713 -0.226853
v 0.007141 0.015260 -0.227847
v 0.007512 0.014187 -0.227033
v 0.009084 0.014140 -0.227802
v 0.005613 0.018603 -0.231198
v 0.005973 0.017939 -0.230407
v 0.007545 0.017892 -0.231176
v 0.003822 0.021075 -0.235124
v 0.004120 0.020747 -0.234470
v 0.005609 0.020702 -0.235199
v 0.001852 0.022563 -0.239442
v 0.002050 0.022463 -0.239009
v 0.003378 0.022423 -0.239659
v 0.000829 0.022913 -0.241685
v 0.001330 0.022775 -0.240587
v 0.002589 0.022738 -0.241202
v -0.001234 0.022807 -0.246209
v -0.000858 0.022907 -0.245385
v 0.000149 0.022877 -0.245878
v -0.004191 0.020664 -0.252693
v -0.003686 0.021215 -0.251586
v -0.003095 0.021198 -0.251875
v -0.005937 0.018009 -0.256520
v -0.005595 0.018633 -0.255771
v -0.005354 0.018626 -0.255889
v -0.003799 0.018069 -0.257217
v -0.005270 0.017264 -0.257758
v -0.005343 0.017321 -0.257661
v -0.006710 0.016357 -0.258215
v -0.005205 0.017201 -0.257858
v -0.007085 0.015075 -0.259364
v -0.007420 0.013704 -0.260420
v -0.007404 0.014513 -0.259738
v -0.007667 0.013697 -0.260315
v -0.003669 0.017944 -0.257416
v -0.002113 0.018581 -0.256893
v -0.005148 0.017132 -0.257960
v -0.003557 0.017807 -0.257619
v -0.001945 0.018378 -0.257196
v -0.000321 0.018840 -0.256692
v -0.005101 0.017059 -0.258063
v -0.003463 0.017661 -0.257824
v -0.001804 0.018160 -0.257502
v -0.000134 0.018552 -0.257098
v 0.001536 0.018835 -0.256614
v -0.005063 0.016982 -0.258166
v -0.008012 0.012498 -0.261071
v -0.007710 0.012253 -0.261376
v -0.008080 0.012242 -0.261219
v -0.007956 0.010730 -0.262227
v -0.008526 0.010338 -0.262197
v -0.008154 0.009144 -0.262969
v -0.008761 0.009127 -0.262712
v -0.003387 0.017507 -0.258031
v -0.001690 0.017929 -0.257811
v 0.000016 0.018246 -0.257506
v 0.001722 0.018457 -0.257119
v 0.003418 0.018558 -0.256653
v -0.005035 0.016900 -0.258270
v -0.003330 0.017344 -0.258238
v -0.001606 0.017687 -0.258119
v 0.000128 0.017925 -0.257914
v 0.001861 0.018059 -0.257625
v 0.003583 0.018086 -0.257254
v 0.005284 0.018007 -0.256801
v -0.005016 0.016815 -0.258373
v -0.003292 0.017175 -0.258443
v -0.001550 0.017434 -0.258426
v 0.000202 0.017590 -0.258321
v 0.001953 0.017644 -0.258129
v 0.003692 0.017593 -0.257851
v 0.005409 0.017440 -0.257489
v 0.007095 0.017184 -0.257045
v -0.005007 0.016727 -0.258475
v -0.008940 0.008056 -0.263104
v -0.008305 0.007505 -0.263596
v -0.009025 0.007484 -0.263291
v -0.008407 0.005821 -0.264105
v -0.009249 0.005679 -0.263782
v -0.008460 0.004103 -0.264494
v -0.009393 0.004076 -0.264099
v -0.003275 0.016999 -0.258646
v -0.001523 0.017172 -0.258729
v 0.000237 0.017244 -0.258722
v 0.001997 0.017214 -0.258626
v 0.003744 0.017084 -0.258441
v 0.005469 0.016853 -0.258169
v 0.007163 0.016523 -0.257810
v 0.008814 0.016097 -0.257368
v -0.005008 0.016637 -0.258575
v -0.003276 0.016819 -0.258846
v -0.001526 0.016903 -0.259027
v 0.000234 0.016887 -0.259117
v 0.001992 0.016773 -0.259115
v 0.003739 0.016560 -0.259022
v 0.005463 0.016249 -0.258837
v 0.007156 0.015844 -0.258563
v 0.008806 0.015345 -0.258200
v 0.010405 0.014757 -0.257751
v -0.005019 0.016545 -0.258673
v -0.001583 0.022681 -0.246975
v -0.003298 0.016635 -0.259041
v -0.001558 0.016628 -0.259318
v 0.000191 0.016523 -0.259502
v 0.001939 0.016322 -0.259592
v 0.003676 0.016024 -0.259588
v 0.005391 0.015633 -0.259489
v 0.007074 0.015150 -0.259297
v 0.008716 0.014578 -0.259012
v 0.010307 0.013920 -0.258636
v 0.011837 0.013181 -0.258171
v -0.005039 0.016451 -0.258767
v -0.009449 0.003236 -0.264222
v -0.008463 0.002362 -0.264759
v -0.009495 0.002331 -0.264322
v -0.008417 0.000606 -0.264900
v -0.009539 0.000755 -0.264419
v -0.008321 -0.001153 -0.264915
v -0.009531 -0.001189 -0.264402
v -0.003339 0.016448 -0.259230
v -0.001619 0.016349 -0.259600
v 0.000110 0.016154 -0.259875
v 0.001839 0.015864 -0.260055
v 0.003557 0.015481 -0.260137
v 0.005253 0.015007 -0.260122
v 0.006920 0.014446 -0.260010
v 0.008545 0.013799 -0.259800
v 0.010120 0.013071 -0.259495
v 0.011636 0.012267 -0.259096
v 0.013084 0.011391 -0.258605
v -0.005069 0.016356 -0.258859
v -0.009517 -0.001735 -0.264370
v -0.008176 -0.002906 -0.264804
v -0.009466 -0.002944 -0.264258
v -0.003399 0.016260 -0.259412
v -0.001709 0.016068 -0.259872
v -0.000009 0.015781 -0.260235
v 0.001691 0.015403 -0.260501
v 0.003381 0.014933 -0.260667
v 0.005051 0.014376 -0.260732
v 0.006692 0.013735 -0.260696
v 0.008293 0.013013 -0.260559
v 0.009846 0.012215 -0.260322
v 0.011341 0.011345 -0.259986
v 0.012769 0.010408 -0.259554
v 0.014123 0.009411 -0.259027
v -0.005109 0.016261 -0.258946
v -0.003479 0.016071 -0.259586
v -0.001828 0.015785 -0.260131
v -0.000166 0.015408 -0.260579
v 0.001496 0.014940 -0.260927
v 0.003150 0.014384 -0.261173
v 0.004786 0.013743 -0.261314
v 0.006393 0.013022 -0.261352
v 0.007963 0.012225 -0.261284
v 0.009486 0.011356 -0.261112
v 0.010953 0.010420 -0.260837
v 0.012356 0.009423 -0.260460
v 0.013686 0.008371 -0.259984
v 0.014937 0.007270 -0.259411
v -0.005158 0.016167 -0.259029
v -0.003577 0.015882 -0.259751
v -0.001974 0.015504 -0.260378
v -0.000360 0.015035 -0.260905
v 0.001257 0.014478 -0.261331
v 0.002866 0.013836 -0.261652
v 0.004458 0.013112 -0.261867
v 0.006024 0.012312 -0.261973
v 0.007555 0.011439 -0.261972
v 0.009041 0.010500 -0.261862
v 0.010474 0.009498 -0.261644
v 0.011846 0.008441 -0.261320
v 0.013148 0.007335 -0.260891
v 0.014373 0.006185 -0.260360
v 0.015514 0.004999 -0.259731
v -0.005216 0.016073 -0.259106
v -0.009383 -0.004204 -0.264077
v -0.007983 -0.004641 -0.264569
v -0.009344 -0.004681 -0.263992
v -0.007743 -0.006349 -0.264209
v -0.009140 -0.006624 -0.263543
v -0.007458 -0.008020 -0.263729
v -0.008938 -0.008064 -0.263102
v -0.003692 0.015695 -0.259906
v -0.002147 0.015225 -0.260609
v -0.000589 0.014666 -0.261212
v 0.000973 0.014020 -0.261710
v 0.002529 0.013292 -0.262102
v 0.004070 0.012487 -0.262385
v 0.005588 0.011608 -0.262557
v 0.007072 0.010660 -0.262618
v 0.008515 0.009651 -0.262566
v 0.009908 0.008584 -0.262402
v 0.011243 0.007468 -0.262127
v 0.012512 0.006307 -0.261743
v 0.013707 0.005109 -0.261252
v 0.014822 0.003882 -0.260657
v 0.015850 0.002632 -0.259961
v -0.005283 0.015981 -0.259179
v -0.003825 0.015511 -0.260050
v -0.002345 0.014950 -0.260824
v -0.000852 0.014302 -0.261496
v 0.000647 0.013569 -0.262063
v 0.002142 0.012757 -0.262521
v 0.003625 0.011870 -0.262867
v 0.005086 0.010914 -0.263100
v 0.006517 0.009893 -0.263218
v 0.007911 0.008814 -0.263220
v 0.009257 0.007684 -0.263106
v 0.010550 0.006508 -0.262878
v 0.011780 0.005295 -0.262535
v 0.012941 0.004050 -0.262081
v 0.014027 0.002781 -0.261518
v 0.015030 0.001496 -0.260849
v 0.015945 0.000203 -0.260078
v -0.005358 0.015890 -0.259245
v -0.003975 0.015331 -0.260182
v -0.002569 0.014681 -0.261021
v -0.001147 0.013945 -0.261758
v 0.000281 0.013128 -0.262387
v 0.001708 0.012233 -0.262906
v 0.003124 0.011267 -0.263310
v 0.004523 0.010234 -0.263599
v 0.005894 0.009142 -0.263769
v 0.007231 0.007995 -0.263821
v 0.008526 0.006802 -0.263753
v 0.009771 0.005569 -0.263567
v 0.010958 0.004303 -0.263262
v 0.012081 0.003012 -0.262842
v 0.013133 0.001704 -0.262308
v 0.014108 0.000385 -0.261664
v 0.015000 -0.000936 -0.260914
v 0.015805 -0.002251 -0.260061
v -0.005441 0.015803 -0.259305
v -0.008789 -0.008967 -0.262774
v -0.007130 -0.009644 -0.263129
v -0.008656 -0.009689 -0.262483
v -0.006759 -0.011212 -0.262414
v -0.008335 -0.011204 -0.261779
v -0.006349 -0.012713 -0.261589
v -0.007941 -0.012760 -0.260915
v -0.004140 0.015155 -0.260302
v -0.002815 0.014419 -0.261200
v -0.001473 0.013599 -0.261994
v -0.000123 0.012698 -0.262680
v 0.001228 0.011723 -0.263253
v 0.002572 0.010680 -0.263711
v 0.003900 0.009573 -0.264050
v 0.005206 0.008411 -0.264268
v 0.006481 0.007199 -0.264364
v 0.007719 0.005945 -0.264338
v 0.008911 0.004656 -0.264190
v 0.010050 0.003339 -0.263920
v 0.011131 0.002003 -0.263531
v 0.012146 0.000655 -0.263024
v 0.013090 -0.000696 -0.262402
v 0.013957 -0.002044 -0.261670
v 0.014743 -0.003379 -0.260831
v 0.015442 -0.004695 -0.259890
v -0.005531 0.015718 -0.259358
v -0.007784 -0.013310 -0.260570
v -0.005901 -0.014140 -0.260657
v -0.007512 -0.014187 -0.259975
v -0.004320 0.014986 -0.260408
v -0.003083 0.014167 -0.261359
v -0.001829 0.013264 -0.262205
v -0.000563 0.012283 -0.262941
v 0.000706 0.011231 -0.263563
v 0.001970 0.010112 -0.264067
v 0.003223 0.008935 -0.264451
v 0.004457 0.007704 -0.264712
v 0.005665 0.006429 -0.264848
v 0.006840 0.005116 -0.264859
v 0.007974 0.003773 -0.264745
v 0.009062 0.002407 -0.264506
v 0.010097 0.001028 -0.264143
v 0.011072 -0.000358 -0.263660
v 0.011982 -0.001741 -0.263059
v 0.012822 -0.003114 -0.262342
v 0.013587 -0.004469 -0.261515
v 0.014272 -0.005798 -0.260583
v 0.014873 -0.007092 -0.259550
v -0.005628 0.015636 -0.259405
v -0.007141 -0.015260 -0.259160
v -0.005419 -0.015484 -0.259625
v -0.007039 -0.015531 -0.258938
v -0.004513 0.014823 -0.260501
v -0.003372 0.013924 -0.261497
v -0.002211 0.012943 -0.262388
v -0.001036 0.011885 -0.263167
v 0.000144 0.010758 -0.263832
v 0.001323 0.009568 -0.264377
v 0.002495 0.008322 -0.264800
v 0.003652 0.007027 -0.265097
v 0.004787 0.005691 -0.265268
v 0.005895 0.004321 -0.265312
v 0.006967 0.002926 -0.265227
v 0.007999 0.001514 -0.265015
v 0.008984 0.000093 -0.264676
v 0.009917 -0.001329 -0.264213
v 0.010791 -0.002743 -0.263629
v 0.011601 -0.004141 -0.262927
v 0.012344 -0.005514 -0.262111
v 0.013014 -0.006855 -0.261185
v 0.013608 -0.008156 -0.260156
v 0.014122 -0.009409 -0.259029
v -0.005731 0.015558 -0.259444
v -0.004719 0.014669 -0.260579
v -0.003679 0.013693 -0.261614
v -0.002617 0.012637 -0.262542
v -0.001540 0.011507 -0.263359
v -0.000454 0.010309 -0.264059
v 0.000634 0.009051 -0.264639
v 0.001719 0.007739 -0.265094
v 0.002794 0.006382 -0.265423
v 0.003853 0.004988 -0.265623
v 0.004889 0.003565 -0.265694
v 0.005896 0.002120 -0.265634
v 0.006868 0.000663 -0.265444
v 0.007800 -0.000798 -0.265126
v 0.008687 -0.002254 -0.264681
v 0.009522 -0.003697 -0.264111
v 0.010302 -0.005118 -0.263420
v 0.011021 -0.006509 -0.262613
v 0.011676 -0.007862 -0.261694
v 0.012262 -0.009169 -0.260667
v 0.012776 -0.010422 -0.259540
v 0.013215 -0.011614 -0.258319
v -0.005840 0.015485 -0.259476
v 0.006525 0.016784 -0.229196
v 0.007039 0.015531 -0.228069
v 0.008620 0.015484 -0.228843
v -0.006525 -0.016784 -0.257811
v -0.004905 -0.016737 -0.258498
v -0.006414 -0.017031 -0.257567
v -0.004362 -0.017892 -0.257283
v -0.005973 -0.017939 -0.256600
v -0.004936 0.014523 -0.260642
v -0.004003 0.013475 -0.261708
v -0.003046 0.012349 -0.262667
v -0.002071 0.011150 -0.263514
v -0.001085 0.009885 -0.264243
v -0.000092 0.008562 -0.264850
v 0.000902 0.007189 -0.265333
v 0.001890 0.005774 -0.265687
v 0.002867 0.004326 -0.265911
v 0.003828 0.002851 -0.266003
v 0.004765 0.001360 -0.265963
v 0.005675 -0.000139 -0.265792
v 0.006552 -0.001637 -0.265490
v 0.007390 -0.003126 -0.265059
v 0.008185 -0.004596 -0.264501
v 0.008932 -0.006039 -0.263820
v 0.009626 -0.007447 -0.263020
v 0.010264 -0.008811 -0.262105
v 0.010842 -0.010124 -0.261081
v 0.011356 -0.011377 -0.259954
v 0.011803 -0.012563 -0.258731
v 0.012181 -0.013675 -0.257418
v -0.005954 0.015417 -0.259500
v -0.005163 0.014387 -0.260690
v -0.004341 0.013272 -0.261780
v -0.003494 0.012079 -0.262762
v -0.002627 0.010816 -0.263631
v -0.001744 0.009489 -0.264382
v -0.000851 0.008106 -0.265011
v 0.000047 0.006676 -0.265513
v 0.000944 0.005207 -0.265887
v 0.001837 0.003707 -0.266129
v 0.002718 0.002185 -0.266238
v 0.003583 0.000650 -0.266214
v 0.004428 -0.000888 -0.266056
v 0.005246 -0.002421 -0.265766
v 0.006034 -0.003940 -0.265346
v 0.006786 -0.005436 -0.264797
v 0.007499 -0.006900 -0.264123
v 0.008167 -0.008323 -0.263329
v 0.008787 -0.009698 -0.262418
v 0.009356 -0.011015 -0.261396
v 0.009870 -0.012268 -0.260269
v 0.010326 -0.013449 -0.259043
v 0.010722 -0.014552 -0.257727
v 0.011055 -0.015568 -0.256327
v -0.006072 0.015354 -0.259516
v -0.005398 0.014261 -0.260722
v -0.004693 0.013084 -0.261828
v -0.003960 0.011831 -0.262826
v -0.003204 0.010508 -0.263711
v -0.002429 0.009123 -0.264477
v -0.001640 0.007685 -0.265120
v -0.000841 0.006202 -0.265636
v -0.000037 0.004682 -0.266022
v 0.000767 0.003135 -0.266276
v 0.001566 0.001570 -0.266397
v 0.002357 -0.000005 -0.266383
v 0.003133 -0.001580 -0.266234
v 0.003891 -0.003145 -0.265953
v 0.004626 -0.004692 -0.265540
v 0.005334 -0.006211 -0.264997
v 0.006011 -0.007694 -0.264328
v 0.006652 -0.009132 -0.263537
v 0.007255 -0.010516 -0.262629
v 0.007815 -0.011839 -0.261608
v 0.008329 -0.013092 -0.260481
v 0.008794 -0.014268 -0.259254
v 0.009207 -0.015361 -0.257935
v 0.009567 -0.016363 -0.256532
v 0.009870 -0.017269 -0.255051
v -0.006193 0.015296 -0.259524
v -0.005613 -0.018603 -0.255810
v -0.003794 -0.018941 -0.255987
v -0.005386 -0.018988 -0.255313
v -0.003203 -0.019880 -0.254618
v -0.004745 -0.019956 -0.253908
v -0.002594 -0.020702 -0.253184
v -0.004120 -0.020747 -0.252537
v -0.005641 0.014146 -0.260739
v -0.005055 0.012913 -0.261853
v -0.004440 0.011604 -0.262859
v -0.003798 0.010227 -0.263752
v -0.003134 0.008790 -0.264525
v -0.002452 0.007301 -0.265176
v -0.001756 0.005770 -0.265699
v -0.001049 0.004204 -0.266092
v -0.000336 0.002614 -0.266352
v 0.000379 0.001009 -0.266478
v 0.001092 -0.000602 -0.266470
v 0.001798 -0.002210 -0.266327
v 0.002494 -0.003805 -0.266049
v 0.003175 -0.005377 -0.265640
v 0.003838 -0.006918 -0.265100
v 0.004478 -0.008418 -0.264434
v 0.005091 -0.009869 -0.263645
v 0.005675 -0.011262 -0.262738
v 0.006226 -0.012589 -0.261718
v 0.006740 -0.013842 -0.260591
v 0.007214 -0.015014 -0.259363
v 0.007646 -0.016098 -0.258043
v 0.008034 -0.017087 -0.256637
v 0.008374 -0.017976 -0.255155
v 0.008665 -0.018759 -0.253604
v -0.006318 0.015245 -0.259525
v -0.005889 0.014044 -0.260740
v -0.005426 0.012760 -0.261854
v -0.004931 0.011401 -0.262861
v -0.004407 0.009975 -0.263754
v -0.003857 0.008491 -0.264528
v -0.003284 0.006957 -0.265179
v -0.002692 0.005382 -0.265702
v -0.002085 0.003776 -0.266096
v -0.001465 0.002148 -0.266356
v -0.000836 0.000506 -0.266483
v -0.000203 -0.001138 -0.266475
v 0.000432 -0.002775 -0.266332
v 0.001064 -0.004396 -0.266055
v 0.001689 -0.005992 -0.265645
v 0.002305 -0.007552 -0.265106
v 0.002908 -0.009068 -0.264440
v 0.003493 -0.010530 -0.263651
v 0.004058 -0.011931 -0.262744
v 0.004599 -0.013262 -0.261724
v 0.005113 -0.014515 -0.260597
v 0.005597 -0.015683 -0.259369
v 0.006048 -0.016759 -0.258049
v 0.006464 -0.017736 -0.256643
v 0.006841 -0.018610 -0.255160
v 0.007179 -0.019374 -0.253609
v 0.007474 -0.020024 -0.251998
v -0.006445 0.015200 -0.259517
v -0.006142 0.013953 -0.260725
v -0.005803 0.012625 -0.261832
v -0.005431 0.011222 -0.262831
v -0.005026 0.009754 -0.263717
v -0.004592 0.008229 -0.264485
v -0.004131 0.006655 -0.265129
v -0.003646 0.005042 -0.265646
v -0.003139 0.003400 -0.266033
v -0.002614 0.001737 -0.266289
v -0.002073 0.000065 -0.266410
v -0.001521 -0.001608 -0.266397
v -0.000959 -0.003272 -0.266250
v -0.000392 -0.004916 -0.265969
v 0.000178 -0.006532 -0.265556
v 0.000746 -0.008109 -0.265014
v 0.001310 -0.009638 -0.264346
v 0.001867 -0.011111 -0.263555
v 0.002412 -0.012519 -0.262647
v 0.002943 -0.013853 -0.261626
v 0.003457 -0.015106 -0.260499
v 0.003951 -0.016271 -0.259272
v 0.004422 -0.017340 -0.257953
v 0.004866 -0.018307 -0.256549
v 0.005282 -0.019167 -0.255068
v 0.005667 -0.019914 -0.253520
v 0.006019 -0.020544 -0.251913
v 0.006335 -0.021054 -0.250256
v -0.006573 0.015161 -0.259502
v -0.003822 -0.021075 -0.251883
v -0.001969 -0.021403 -0.251692
v -0.003449 -0.021446 -0.251066
v -0.001333 -0.021977 -0.250153
v -0.002854 -0.021948 -0.249761
v -0.000689 -0.022423 -0.248575
v -0.002050 -0.022463 -0.247998
v -0.006398 0.013876 -0.260695
v -0.006185 0.012509 -0.261786
v -0.005936 0.011070 -0.262771
v -0.005652 0.009565 -0.263642
v -0.005335 0.008004 -0.264396
v -0.004987 0.006396 -0.265026
v -0.004609 0.004751 -0.265531
v -0.004205 0.003077 -0.265906
v -0.003775 0.001386 -0.266149
v -0.003324 -0.000314 -0.266260
v -0.002853 -0.002011 -0.266237
v -0.002365 -0.003697 -0.266081
v -0.001864 -0.005361 -0.265792
v -0.001351 -0.006994 -0.265373
v -0.000831 -0.008586 -0.264825
v -0.000305 -0.010127 -0.264152
v 0.000222 -0.011609 -0.263358
v 0.000748 -0.013022 -0.262447
v 0.001269 -0.014360 -0.261425
v 0.001783 -0.015613 -0.260298
v 0.002287 -0.016774 -0.259073
v 0.002777 -0.017837 -0.257756
v 0.003251 -0.018795 -0.256355
v 0.003705 -0.019643 -0.254879
v 0.004138 -0.020376 -0.253337
v 0.004547 -0.020989 -0.251736
v 0.004929 -0.021479 -0.250087
v 0.005282 -0.021843 -0.248400
v -0.006702 0.015129 -0.259479
v -0.001852 -0.022563 -0.247565
v -0.000041 -0.022738 -0.246967
v -0.001330 -0.022775 -0.246421
v -0.006655 0.013812 -0.260648
v -0.006569 0.012414 -0.261717
v -0.006444 0.010943 -0.262680
v -0.006282 0.009408 -0.263529
v -0.006083 0.007818 -0.264261
v -0.005848 0.006182 -0.264872
v -0.005579 0.004510 -0.265356
v -0.005277 0.002811 -0.265713
v -0.004944 0.001096 -0.265939
v -0.004582 -0.000626 -0.266034
v -0.004193 -0.002344 -0.265996
v -0.003779 -0.004049 -0.265827
v -0.003344 -0.005729 -0.265526
v -0.002888 -0.007376 -0.265097
v -0.002416 -0.008980 -0.264540
v -0.001930 -0.010531 -0.263860
v -0.001432 -0.012020 -0.263061
v -0.000926 -0.013438 -0.262146
v -0.000414 -0.014778 -0.261123
v 0.000100 -0.016031 -0.259996
v 0.000613 -0.017190 -0.258772
v 0.001123 -0.018248 -0.257459
v 0.001626 -0.019199 -0.256063
v 0.002120 -0.020037 -0.254594
v 0.002601 -0.020758 -0.253060
v 0.003067 -0.021357 -0.251470
v 0.003515 -0.021831 -0.249833
v 0.003943 -0.022176 -0.248159
v 0.004347 -0.022391 -0.246458
v -0.006831 0.015104 -0.259448
v -0.006912 0.013762 -0.260587
v -0.006953 0.012339 -0.261626
v -0.006952 0.010844 -0.262558
v -0.006911 0.009286 -0.263379
v -0.006830 0.007672 -0.264082
v -0.006708 0.006014 -0.264666
v -0.006547 0.004321 -0.265125
v -0.006348 0.002602 -0.265457
v -0.006111 0.000868 -0.265660
v -0.005838 -0.000871 -0.265733
v -0.005532 -0.002605 -0.265676
v -0.005192 -0.004324 -0.265489
v -0.004823 -0.006017 -0.265172
v -0.004424 -0.007676 -0.264729
v -0.004000 -0.009289 -0.264161
v -0.003553 -0.010847 -0.263472
v -0.003085 -0.012342 -0.262665
v -0.002598 -0.013764 -0.261746
v -0.002096 -0.015106 -0.260720
v -0.001582 -0.016359 -0.259593
v -0.001059 -0.017516 -0.258372
v -0.000530 -0.018570 -0.257063
v 0.000003 -0.019516 -0.255675
v 0.000536 -0.020346 -0.254215
v 0.001065 -0.021058 -0.252693
v 0.001588 -0.021645 -0.251116
v 0.002102 -0.022106 -0.249495
v 0.002604 -0.022437 -0.247839
v 0.003090 -0.022636 -0.246157
v 0.003558 -0.022703 -0.244460
v -0.006959 0.015086 -0.259410
v -0.007167 0.013726 -0.260510
v -0.007334 0.012285 -0.261512
v -0.007457 0.010773 -0.262407
v -0.007537 0.009197 -0.263191
v -0.007572 0.007568 -0.263860
v -0.007563 0.005894 -0.264410
v -0.007509 0.004185 -0.264837
v -0.007412 0.002452 -0.265138
v -0.007271 0.000704 -0.265313
v -0.007087 -0.001047 -0.265359
v -0.006862 -0.002793 -0.265278
v -0.006596 -0.004522 -0.265068
v -0.006292 -0.006225 -0.264733
v -0.005951 -0.007891 -0.264272
v -0.005575 -0.009511 -0.263690
v -0.005166 -0.011075 -0.262989
v -0.004727 -0.012574 -0.262174
v -0.004260 -0.013999 -0.261249
v -0.003768 -0.015342 -0.260220
v -0.003254 -0.016595 -0.259093
v -0.002721 -0.017750 -0.257874
v -0.002172 -0.018802 -0.256572
v -0.001610 -0.019743 -0.255192
v -0.001039 -0.020568 -0.253744
v -0.000461 -0.021273 -0.252236
v 0.000119 -0.021853 -0.250676
v 0.000698 -0.022304 -0.249075
v 0.001273 -0.022625 -0.247441
v 0.001841 -0.022813 -0.245783
v 0.002398 -0.022867 -0.244113
v 0.002941 -0.022786 -0.242438
v -0.000829 -0.022913 -0.245322
v 0.000608 -0.022919 -0.245339
v -0.000603 -0.022954 -0.244826
v 0.001252 -0.022965 -0.243700
v 0.000203 -0.022995 -0.243057
v 0.001890 -0.022877 -0.242059
v 0.000858 -0.022907 -0.241622
v 0.001234 -0.022807 -0.240798
v 0.002299 -0.022323 -0.238463
v 0.003128 -0.022299 -0.238814
v 0.003467 -0.022572 -0.240770
v 0.004005 -0.022636 -0.242757
v 0.004725 -0.022475 -0.244739
v 0.005604 -0.022079 -0.246684
v 0.006615 -0.021440 -0.248560
v 0.007726 -0.020557 -0.250338
v 0.008905 -0.019433 -0.251993
v 0.010116 -0.018074 -0.253503
v 0.011322 -0.016494 -0.254851
v 0.012488 -0.014708 -0.256023
v 0.013576 -0.012737 -0.257011
v 0.014553 -0.010607 -0.257811
v 0.015387 -0.008345 -0.258423
v 0.016050 -0.005983 -0.258853
v 0.016516 -0.003554 -0.259111
v 0.016766 -0.001092 -0.259211
v 0.016785 0.001366 -0.259169
v 0.016564 0.003784 -0.259006
v 0.016099 0.006126 -0.258745
v 0.015394 0.008358 -0.258409
v 0.014455 0.010448 -0.258026
v 0.013298 0.012364 -0.257620
v 0.011943 0.014081 -0.257218
v 0.010413 0.015575 -0.256844
v 0.008739 0.016828 -0.256521
v 0.006954 0.017823 -0.256270
v 0.005094 0.018551 -0.256109
v 0.003197 0.019008 -0.256053
v 0.001305 0.019193 -0.256111
v -0.000543 0.019110 -0.256291
v -0.002306 0.018769 -0.256596
v -0.003946 0.018184 -0.257023
v -0.005425 0.017373 -0.257566
v -0.005514 0.017418 -0.257475
v -0.004108 0.018287 -0.256835
v -0.002525 0.018940 -0.256306
v -0.000800 0.019358 -0.255898
v 0.001029 0.019526 -0.255614
v 0.002923 0.019432 -0.255456
v 0.004840 0.019069 -0.255418
v 0.006740 0.018435 -0.255492
v 0.008583 0.017534 -0.255665
v 0.010332 0.016372 -0.255921
v 0.011952 0.014963 -0.256242
v 0.013410 0.013323 -0.256605
v 0.014681 0.011475 -0.256987
v 0.015741 0.009443 -0.257362
v 0.016574 0.007256 -0.257704
v 0.017167 0.004946 -0.257989
v 0.017517 0.002546 -0.258190
v 0.017622 0.000092 -0.258284
v 0.017489 -0.002380 -0.258251
v 0.017131 -0.004835 -0.258070
v 0.016564 -0.007236 -0.257726
v 0.015811 -0.009549 -0.257208
v 0.014899 -0.011743 -0.256509
v 0.013858 -0.013786 -0.255624
v 0.012721 -0.015654 -0.254555
v 0.011523 -0.017322 -0.253309
v 0.010302 -0.018773 -0.251897
v 0.009093 -0.019992 -0.250333
v 0.007932 -0.020970 -0.248637
v 0.006855 -0.021701 -0.246834
v 0.005894 -0.022185 -0.244949
v 0.005076 -0.022427 -0.243013
v 0.004429 -0.022437 -0.241058
v 0.003972 -0.022226 -0.239118
v 0.003721 -0.021812 -0.237228
v 0.003240 -0.021634 -0.236401
v -0.005609 0.017457 -0.257389
v -0.004285 0.018377 -0.256654
v -0.002767 0.019093 -0.256025
v -0.001089 0.019585 -0.255514
v 0.000711 0.019834 -0.255127
v 0.002596 0.019828 -0.254866
v 0.004524 0.019557 -0.254731
v 0.006454 0.019018 -0.254713
v 0.008346 0.018211 -0.254804
v 0.010162 0.017142 -0.254988
v 0.011864 0.015821 -0.255249
v 0.013420 0.014263 -0.255565
v 0.014799 0.012487 -0.255915
v 0.015978 0.010519 -0.256274
v 0.016935 0.008383 -0.256616
v 0.017657 0.006112 -0.256916
v 0.018135 0.003737 -0.257148
v 0.018366 0.001294 -0.257288
v 0.018355 -0.001182 -0.257313
v 0.018109 -0.003655 -0.257204
v 0.017645 -0.006088 -0.256943
v 0.016981 -0.008447 -0.256516
v 0.016142 -0.010697 -0.255913
v 0.015157 -0.012809 -0.255130
v 0.014058 -0.014754 -0.254165
v 0.012880 -0.016508 -0.253022
v 0.011657 -0.018049 -0.251710
v 0.010427 -0.019362 -0.250241
v 0.009227 -0.020434 -0.248633
v 0.008092 -0.021259 -0.246907
v 0.007055 -0.021834 -0.245088
v 0.006148 -0.022161 -0.243206
v 0.005398 -0.022248 -0.241290
v 0.004827 -0.022105 -0.239374
v 0.004454 -0.021749 -0.237492
v 0.004349 -0.020473 -0.233968
v 0.004838 -0.020459 -0.234175
v 0.004910 -0.021145 -0.235901
v 0.005196 -0.021644 -0.237714
v 0.005687 -0.021938 -0.239580
v 0.006367 -0.022007 -0.241464
v 0.007214 -0.021839 -0.243334
v 0.008204 -0.021423 -0.245156
v 0.009308 -0.020756 -0.246902
v 0.010492 -0.019837 -0.248545
v 0.011722 -0.018670 -0.250062
v 0.012963 -0.017265 -0.251434
v 0.014176 -0.015636 -0.252644
v 0.015327 -0.013801 -0.253684
v 0.016378 -0.011783 -0.254546
v 0.017298 -0.009608 -0.255229
v 0.018055 -0.007305 -0.255737
v 0.018623 -0.004908 -0.256077
v 0.018980 -0.002450 -0.256261
v 0.019108 0.000034 -0.256305
v 0.018996 0.002506 -0.256227
v 0.018636 0.004931 -0.256049
v 0.018029 0.007274 -0.255793
v 0.017181 0.009500 -0.255486
v 0.016102 0.011578 -0.255152
v 0.014809 0.013479 -0.254818
v 0.013327 0.015176 -0.254507
v 0.011681 0.016649 -0.254244
v 0.009904 0.017880 -0.254049
v 0.008030 0.018856 -0.253943
v 0.006098 0.019568 -0.253940
v 0.004147 0.020013 -0.254052
v 0.002218 0.020194 -0.254288
v 0.000352 0.020115 -0.254651
v -0.001410 0.019788 -0.255142
v -0.003032 0.019228 -0.255754
v -0.004476 0.018454 -0.256481
v -0.005711 0.017489 -0.257307
v 0.005094 -0.019450 -0.232335
v 0.005356 -0.019600 -0.232726
v 0.005733 -0.019568 -0.232862
v 0.005337 -0.020416 -0.234355
v 0.005842 -0.020345 -0.234506
v 0.005535 -0.021056 -0.236088
v 0.006165 -0.020934 -0.236239
v 0.005943 -0.021499 -0.237893
v 0.006691 -0.021313 -0.238027
v 0.006548 -0.021724 -0.239735
v 0.007404 -0.021465 -0.239837
v 0.007331 -0.021715 -0.241580
v 0.008284 -0.021375 -0.241636
v 0.008268 -0.021462 -0.243396
v 0.009304 -0.021034 -0.243392
v 0.009333 -0.020956 -0.245152
v 0.010436 -0.020436 -0.245076
v 0.010495 -0.020196 -0.246820
v 0.011646 -0.019580 -0.246662
v 0.011719 -0.019181 -0.248376
v 0.012901 -0.018472 -0.248126
v 0.012970 -0.017921 -0.249798
v 0.014163 -0.017119 -0.249451
v 0.014211 -0.016425 -0.251070
v 0.015395 -0.015535 -0.250620
v 0.015406 -0.014711 -0.252177
v 0.016561 -0.013740 -0.251624
v 0.016518 -0.012799 -0.253113
v 0.017626 -0.011754 -0.252457
v 0.017513 -0.010712 -0.253873
v 0.018556 -0.009604 -0.253117
v 0.018359 -0.008480 -0.254459
v 0.019321 -0.007320 -0.253609
v 0.019028 -0.006132 -0.254876
v 0.019894 -0.004934 -0.253939
v 0.019494 -0.003703 -0.255134
v 0.020252 -0.002480 -0.254120
v 0.019738 -0.001226 -0.255247
v 0.020379 0.000008 -0.254167
v 0.019745 0.001261 -0.255231
v 0.020262 0.002491 -0.254099
v 0.019506 0.003722 -0.255108
v 0.019895 0.004935 -0.253937
v 0.019018 0.006122 -0.254899
v 0.019277 0.007303 -0.253704
v 0.018283 0.008426 -0.254628
v 0.018415 0.009561 -0.253426
v 0.017309 0.010601 -0.254321
v 0.017320 0.011678 -0.253128
v 0.016112 0.012616 -0.254004
v 0.016009 0.013625 -0.252835
v 0.014711 0.014443 -0.253701
v 0.014505 0.015375 -0.252571
v 0.013132 0.016059 -0.253436
v 0.012836 0.016906 -0.252360
v 0.011403 0.017444 -0.253233
v 0.011032 0.018201 -0.252223
v 0.009559 0.018583 -0.253111
v 0.009130 0.019245 -0.252179
v 0.007636 0.019464 -0.253087
v 0.007168 0.020032 -0.252242
v 0.005674 0.020081 -0.253175
v 0.005184 0.020556 -0.252425
v 0.003712 0.020435 -0.253385
v 0.003222 0.020818 -0.252735
v 0.001792 0.020527 -0.253723
v 0.001321 0.020826 -0.253176
v -0.000045 0.020367 -0.254190
v -0.000478 0.020588 -0.253746
v -0.001760 0.019967 -0.254784
v -0.002137 0.020120 -0.254441
v -0.003316 0.019344 -0.255496
v -0.003620 0.019439 -0.255252
v -0.004679 0.018518 -0.256317
v -0.004894 0.018568 -0.256163
v -0.005819 0.017514 -0.257229
v -0.005932 0.017532 -0.257158
v 0.006710 -0.016357 -0.228792
v 0.006295 -0.017543 -0.230027
v 0.006095 -0.018604 -0.231432
v 0.006114 -0.019514 -0.232976
v 0.006350 -0.020246 -0.234627
v 0.006794 -0.020777 -0.236352
v 0.007434 -0.021088 -0.238117
v 0.008251 -0.021162 -0.239887
v 0.009221 -0.020988 -0.241633
v 0.010316 -0.020556 -0.243322
v 0.011506 -0.019864 -0.244928
v 0.012756 -0.018914 -0.246427
v 0.014031 -0.017712 -0.247797
v 0.015294 -0.016268 -0.249021
v 0.016507 -0.014600 -0.250087
v 0.017636 -0.012727 -0.250988
v 0.018644 -0.010673 -0.251719
v 0.019501 -0.008466 -0.252282
v 0.020177 -0.006136 -0.252682
v 0.020647 -0.003718 -0.252931
v 0.020893 -0.001245 -0.253040
v 0.020898 0.001245 -0.253028
v 0.020655 0.003718 -0.252914
v 0.020159 0.006136 -0.252721
v 0.019413 0.008466 -0.252473
v 0.018427 0.010673 -0.252196
v 0.017213 0.012727 -0.251914
v 0.015794 0.014600 -0.251652
v 0.014193 0.016268 -0.251435
v 0.012440 0.017712 -0.251284
v 0.010570 0.018914 -0.251219
v 0.008619 0.019864 -0.251257
v 0.006626 0.020556 -0.251412
v 0.004632 0.020988 -0.251693
v 0.002679 0.021162 -0.252105
v 0.000806 0.021088 -0.252649
v -0.000946 0.020777 -0.253323
v -0.002540 0.020246 -0.254118
v -0.003941 0.019514 -0.255022
v -0.005120 0.018605 -0.256020
v -0.006049 0.017543 -0.257092
v -0.004277 0.019568 -0.254809
v -0.002964 0.020345 -0.253814
v -0.001444 0.020934 -0.252921
v 0.000251 0.021313 -0.252146
v 0.002086 0.021465 -0.251498
v 0.004021 0.021375 -0.250983
v 0.006016 0.021034 -0.250602
v 0.008029 0.020436 -0.250353
v 0.010020 0.019580 -0.250227
v 0.011948 0.018472 -0.250214
v 0.013776 0.017119 -0.250299
v 0.015467 0.015535 -0.250463
v 0.016990 0.013740 -0.250685
v 0.018316 0.011754 -0.250943
v 0.019425 0.009604 -0.251213
v 0.020297 0.007320 -0.251468
v 0.020922 0.004934 -0.251684
v 0.021294 0.002480 -0.251836
v 0.021412 -0.000008 -0.251901
v 0.021284 -0.002491 -0.251857
v 0.020921 -0.004935 -0.251686
v 0.020341 -0.007303 -0.251372
v 0.019566 -0.009561 -0.250904
v 0.018623 -0.011678 -0.250272
v 0.017542 -0.013625 -0.249475
v 0.016356 -0.015375 -0.248512
v 0.015103 -0.016906 -0.247390
v 0.013817 -0.018201 -0.246118
v 0.012536 -0.019245 -0.244710
v 0.011297 -0.020032 -0.243187
v 0.010135 -0.020556 -0.241570
v 0.009083 -0.020818 -0.239884
v 0.008169 -0.020826 -0.238160
v 0.007421 -0.020588 -0.236427
v 0.006858 -0.020120 -0.234719
v 0.006497 -0.019439 -0.233068
v 0.006350 -0.018568 -0.231508
v 0.006421 -0.017532 -0.230073
v -0.005094 0.019450 -0.254672
v -0.004626 0.019600 -0.254614
v -0.003409 0.020416 -0.253532
v -0.001970 0.021056 -0.252545
v -0.000340 0.021499 -0.251670
v 0.001447 0.021724 -0.250919
v 0.003353 0.021715 -0.250300
v 0.005339 0.021462 -0.249818
v 0.007364 0.020956 -0.249471
v 0.009385 0.020196 -0.249254
v 0.011362 0.019181 -0.249158
v 0.013256 0.017921 -0.249170
v 0.015030 0.016426 -0.249274
v 0.016650 0.014711 -0.249450
v 0.018086 0.012799 -0.249677
v 0.019312 0.010712 -0.249930
v 0.020309 0.008480 -0.250184
v 0.021062 0.006132 -0.250416
v 0.021563 0.003703 -0.250599
v 0.021808 0.001227 -0.250709
v 0.021801 -0.001261 -0.250724
v 0.021551 -0.003722 -0.250625
v 0.021072 -0.006122 -0.250393
v 0.020386 -0.008426 -0.250016
v 0.019516 -0.010601 -0.249482
v 0.018492 -0.012616 -0.248786
v 0.017345 -0.014443 -0.247927
v 0.016110 -0.016059 -0.246907
v 0.014823 -0.017444 -0.245735
v 0.013522 -0.018583 -0.244423
v 0.012243 -0.019464 -0.242987
v 0.011023 -0.020081 -0.241447
v 0.009895 -0.020435 -0.239828
v 0.008892 -0.020527 -0.238157
v 0.008040 -0.020367 -0.236464
v 0.007363 -0.019967 -0.234779
v 0.006881 -0.019344 -0.233137
v 0.006607 -0.018518 -0.231570
v 0.006549 -0.017514 -0.230111
v -0.004349 0.020473 -0.253040
v -0.003872 0.020459 -0.253273
v -0.002522 0.021145 -0.252195
v -0.000965 0.021644 -0.251223
v 0.000766 0.021938 -0.250370
v 0.002634 0.022007 -0.249648
v 0.004601 0.021839 -0.249063
v 0.006627 0.021423 -0.248615
v 0.008668 0.020756 -0.248304
v 0.010686 0.019837 -0.248121
v 0.012638 0.018670 -0.248055
v 0.014487 0.017265 -0.248093
v 0.016196 0.015636 -0.248215
v 0.017735 0.013801 -0.248403
v 0.019075 0.011783 -0.248632
v 0.020194 0.009608 -0.248878
v 0.021074 0.007305 -0.249117
v 0.021704 0.004908 -0.249323
v 0.022077 0.002450 -0.249472
v 0.022194 -0.000034 -0.249540
v 0.022061 -0.002506 -0.249506
v 0.021691 -0.004931 -0.249351
v 0.021100 -0.007274 -0.249060
v 0.020312 -0.009500 -0.248621
v 0.019352 -0.011578 -0.248025
v 0.018252 -0.013479 -0.247269
v 0.017046 -0.015176 -0.246353
v 0.015768 -0.016649 -0.245283
v 0.014456 -0.017880 -0.244068
v 0.013147 -0.018856 -0.242723
v 0.011878 -0.019568 -0.241266
v 0.010684 -0.020013 -0.239720
v 0.009597 -0.020194 -0.238109
v 0.008648 -0.020115 -0.236461
v 0.007863 -0.019788 -0.234809
v 0.007263 -0.019228 -0.233183
v 0.006864 -0.018454 -0.231616
v 0.006678 -0.017489 -0.230142
v -0.001619 0.021749 -0.250808
v 0.000046 0.022105 -0.249856
v 0.001867 0.022248 -0.249031
v 0.003806 0.022161 -0.248341
v 0.005822 0.021834 -0.247792
v 0.007875 0.021259 -0.247383
v 0.009922 0.020434 -0.247108
v 0.011924 0.019362 -0.246960
v 0.013839 0.018049 -0.246926
v 0.015632 0.016508 -0.246988
v 0.017267 0.014754 -0.247129
v 0.018717 0.012809 -0.247326
v 0.019953 0.010697 -0.247556
v 0.020958 0.008447 -0.247795
v 0.021716 0.006088 -0.248016
v 0.022218 0.003655 -0.248196
v 0.022461 0.001182 -0.248310
v 0.022450 -0.001294 -0.248335
v 0.022192 -0.003737 -0.248252
v 0.021703 -0.006112 -0.248043
v 0.021004 -0.008383 -0.247695
v 0.020118 -0.010519 -0.247196
v 0.019074 -0.012487 -0.246542
v 0.017906 -0.014263 -0.245729
v 0.016647 -0.015821 -0.244762
v 0.015334 -0.017142 -0.243648
v 0.014005 -0.018211 -0.242398
v 0.012696 -0.019018 -0.241028
v 0.011443 -0.019557 -0.239559
v 0.010282 -0.019828 -0.238014
v 0.009243 -0.019834 -0.236420
v 0.008354 -0.019585 -0.234807
v 0.007640 -0.019093 -0.233205
v 0.007120 -0.018377 -0.231647
v 0.006807 -0.017457 -0.230165
v -0.003240 0.021634 -0.250607
v -0.002299 0.021812 -0.250428
v -0.000707 0.022226 -0.249378
v 0.001057 0.022437 -0.248451
v 0.002958 0.022427 -0.247658
v 0.004955 0.022185 -0.247006
v 0.007009 0.021701 -0.246497
v 0.009077 0.020970 -0.246128
v 0.011118 0.019992 -0.245892
v 0.013092 0.018773 -0.245780
v 0.014959 0.017322 -0.245776
v 0.016685 0.015654 -0.245864
v 0.018237 0.013786 -0.246022
v 0.019588 0.011743 -0.246228
v 0.020714 0.009549 -0.246458
v 0.021599 0.007236 -0.246687
v 0.022230 0.004835 -0.246889
v 0.022601 0.002381 -0.247041
v 0.022714 -0.000092 -0.247119
v 0.022574 -0.002546 -0.247102
v 0.022193 -0.004946 -0.246970
v 0.021589 -0.007256 -0.246708
v 0.020784 -0.009443 -0.246304
v 0.019806 -0.011475 -0.245750
v 0.018685 -0.013323 -0.245040
v 0.017454 -0.014963 -0.244177
v 0.016150 -0.016372 -0.243164
v 0.014810 -0.017534 -0.242012
v 0.013471 -0.018435 -0.240733
v 0.012169 -0.019069 -0.239347
v 0.010941 -0.019432 -0.237875
v 0.009820 -0.019526 -0.236341
v 0.008834 -0.019358 -0.234774
v 0.008011 -0.018940 -0.233204
v 0.007373 -0.018287 -0.231662
v 0.006935 -0.017418 -0.230180
v -0.002299 0.022323 -0.248544
v -0.001491 0.022299 -0.248940
v 0.000209 0.022572 -0.247913
v 0.002062 0.022636 -0.247018
v 0.004031 0.022475 -0.246262
v 0.006076 0.022079 -0.245650
v 0.008155 0.021440 -0.245184
v 0.010226 0.020557 -0.244857
v 0.012248 0.019433 -0.244662
v 0.014183 0.018074 -0.244586
v 0.015992 0.016494 -0.244613
v 0.017641 0.014708 -0.244725
v 0.019100 0.012737 -0.244899
v 0.020345 0.010607 -0.245113
v 0.021354 0.008345 -0.245341
v 0.022113 0.005983 -0.245560
v 0.022613 0.003554 -0.245742
v 0.022852 0.001092 -0.245866
v 0.022833 -0.001366 -0.245908
v 0.022565 -0.003784 -0.245848
v 0.022063 -0.006126 -0.245668
v 0.021347 -0.008358 -0.245355
v 0.020443 -0.010448 -0.244898
v 0.019378 -0.012364 -0.244290
v 0.018186 -0.014081 -0.243530
v 0.016900 -0.015575 -0.242621
v 0.015559 -0.016828 -0.241568
v 0.014199 -0.017823 -0.240385
v 0.012858 -0.018551 -0.239086
v 0.011572 -0.019008 -0.237691
v 0.010375 -0.019193 -0.236223
v 0.009300 -0.019110 -0.234710
v 0.008374 -0.018769 -0.233179
v 0.007621 -0.018184 -0.231661
v 0.007062 -0.017373 -0.230188
v -0.002250 0.022352 -0.248437
v -0.000673 0.022654 -0.247420
v 0.001124 0.022786 -0.246423
v 0.003055 0.022703 -0.245563
v 0.005081 0.022391 -0.244849
v 0.007160 0.021843 -0.244282
v 0.009252 0.021054 -0.243861
v 0.011315 0.020024 -0.243578
v 0.013307 0.018759 -0.243425
v 0.015191 0.017269 -0.243386
v 0.016930 0.015568 -0.243444
v 0.018493 0.013675 -0.243579
v 0.019851 0.011614 -0.243769
v 0.020982 0.009409 -0.243989
v 0.021868 0.007092 -0.244214
v 0.022497 0.004695 -0.244420
v 0.022864 0.002251 -0.244582
v 0.022969 -0.000203 -0.244677
v 0.022819 -0.002632 -0.244682
v 0.022424 -0.004999 -0.244580
v 0.021804 -0.007270 -0.244353
v 0.020981 -0.009411 -0.243990
v 0.019981 -0.011391 -0.243483
v 0.018836 -0.013181 -0.242826
v 0.017580 -0.014757 -0.242020
v 0.016247 -0.016097 -0.241069
v 0.014877 -0.017184 -0.239983
v 0.013505 -0.018007 -0.238776
v 0.012170 -0.018558 -0.237464
v 0.010906 -0.018835 -0.236069
v 0.009748 -0.018840 -0.234615
v 0.008725 -0.018581 -0.233130
v 0.007864 -0.018069 -0.231644
v 0.007187 -0.017321 -0.230187
v 0.002032 0.022867 -0.244915
v 0.004029 0.022637 -0.244097
v 0.006100 0.022176 -0.243428
v 0.008203 0.021479 -0.242909
v 0.010296 0.020544 -0.242536
v 0.012337 0.019374 -0.242299
v 0.014288 0.017976 -0.242188
v 0.016110 0.016363 -0.242186
v 0.017769 0.014552 -0.242275
v 0.019236 0.012563 -0.242433
v 0.020485 0.010422 -0.242637
v 0.021496 0.008156 -0.242862
v 0.022253 0.005798 -0.243083
v 0.022749 0.003379 -0.243276
v 0.022981 0.000936 -0.243416
v 0.022951 -0.001496 -0.243481
v 0.022670 -0.003882 -0.243450
v 0.022152 -0.006185 -0.243306
v 0.021417 -0.008371 -0.243034
v 0.020491 -0.010408 -0.242623
v 0.019403 -0.012267 -0.242068
v 0.018184 -0.013920 -0.241366
v 0.016870 -0.015345 -0.240518
v 0.015499 -0.016523 -0.239532
v 0.014107 -0.017440 -0.238419
v 0.012732 -0.018086 -0.237195
v 0.011410 -0.018457 -0.235877
v 0.010177 -0.018552 -0.234490
v 0.009064 -0.018378 -0.233059
v 0.008100 -0.017944 -0.231612
v 0.007308 -0.017264 -0.230179
v -0.000204 0.022995 -0.243950
v 0.000969 0.022965 -0.244321
v 0.002928 0.022813 -0.243399
v 0.004980 0.022437 -0.242627
v 0.007084 0.021831 -0.242008
v 0.009197 0.020989 -0.241540
v 0.011279 0.019914 -0.241216
v 0.013287 0.018610 -0.241027
v 0.015184 0.017087 -0.240959
v 0.016934 0.015361 -0.240995
v 0.018504 0.013449 -0.241113
v 0.019867 0.011377 -0.241293
v 0.020999 0.009169 -0.241510
v 0.021884 0.006855 -0.241739
v 0.022508 0.004469 -0.241955
v 0.022868 0.002044 -0.242133
v 0.022963 -0.000385 -0.242250
v 0.022799 -0.002781 -0.242285
v 0.022388 -0.005109 -0.242218
v 0.021749 -0.007335 -0.242032
v 0.020905 -0.009423 -0.241717
v 0.019881 -0.011345 -0.241261
v 0.018710 -0.013071 -0.240662
v 0.017425 -0.014578 -0.239918
v 0.016062 -0.015844 -0.239034
v 0.014659 -0.016853 -0.238019
v 0.013254 -0.017593 -0.236885
v 0.011883 -0.018059 -0.235651
v 0.010584 -0.018246 -0.234335
v 0.009388 -0.018160 -0.232964
v 0.008327 -0.017807 -0.231564
v 0.007426 -0.017201 -0.230163
v 0.000603 0.022954 -0.242181
v 0.001784 0.022919 -0.242759
v 0.003808 0.022625 -0.241884
v 0.005902 0.022106 -0.241163
v 0.008026 0.021357 -0.240597
v 0.010138 0.020376 -0.240182
v 0.012196 0.019167 -0.239910
v 0.014159 0.017736 -0.239770
v 0.015992 0.016098 -0.239745
v 0.017659 0.014268 -0.239818
v 0.019130 0.012268 -0.239966
v 0.020381 0.010124 -0.240166
v 0.021390 0.007862 -0.240394
v 0.022143 0.005514 -0.240626
v 0.022631 0.003114 -0.240835
v 0.022852 0.000696 -0.240998
v 0.022810 -0.001704 -0.241092
v 0.022512 -0.004050 -0.241096
v 0.021975 -0.006307 -0.240993
v 0.021219 -0.008441 -0.240768
v 0.020269 -0.010420 -0.240410
v 0.019155 -0.012215 -0.239912
v 0.017908 -0.013799 -0.239272
v 0.016564 -0.015150 -0.238491
v 0.015160 -0.016249 -0.237576
v 0.013734 -0.017084 -0.236537
v 0.012324 -0.017644 -0.235390
v 0.010966 -0.017925 -0.234153
v 0.009695 -0.017929 -0.232848
v 0.008543 -0.017661 -0.231500
v 0.007540 -0.017132 -0.230139
v 0.004664 0.022304 -0.240378
v 0.006790 0.021645 -0.239712
v 0.008922 0.020758 -0.239202
v 0.011019 0.019643 -0.238844
v 0.013041 0.018307 -0.238625
v 0.014948 0.016759 -0.238534
v 0.016705 0.015014 -0.238553
v 0.018280 0.013092 -0.238662
v 0.019644 0.011015 -0.238839
v 0.020775 0.008811 -0.239059
v 0.021655 0.006509 -0.239297
v 0.022272 0.004141 -0.239530
v 0.022622 0.001741 -0.239731
v 0.022703 -0.000655 -0.239878
v 0.022523 -0.003012 -0.239947
v 0.022094 -0.005295 -0.239922
v 0.021433 -0.007468 -0.239783
v 0.020565 -0.009498 -0.239520
v 0.019515 -0.011356 -0.239122
v 0.018315 -0.013013 -0.238584
v 0.017000 -0.014446 -0.237907
v 0.015605 -0.015633 -0.237094
v 0.014168 -0.016560 -0.236153
v 0.012728 -0.017214 -0.235097
v 0.011321 -0.017590 -0.233942
v 0.009983 -0.017687 -0.232709
v 0.008749 -0.017507 -0.231422
v 0.007649 -0.017059 -0.230107
v 0.005494 0.021853 -0.238891
v 0.007637 0.021058 -0.238283
v 0.009765 0.020037 -0.237833
v 0.011835 0.018795 -0.237532
v 0.013810 0.017340 -0.237369
v 0.015649 0.015683 -0.237328
v 0.017321 0.013842 -0.237391
v 0.018794 0.011839 -0.237535
v 0.020043 0.009698 -0.237739
v 0.021048 0.007447 -0.237977
v 0.021793 0.005118 -0.238225
v 0.022271 0.002743 -0.238457
v 0.022479 0.000358 -0.238649
v 0.022420 -0.002003 -0.238778
v 0.022104 -0.004303 -0.238824
v 0.021546 -0.006508 -0.238768
v 0.020766 -0.008584 -0.238595
v 0.019790 -0.010500 -0.238295
v 0.018646 -0.012225 -0.237859
v 0.017369 -0.013735 -0.237285
v 0.015993 -0.015007 -0.236575
v 0.014555 -0.016024 -0.235734
v 0.013094 -0.016773 -0.234773
v 0.011647 -0.017244 -0.233706
v 0.010252 -0.017434 -0.232551
v 0.008942 -0.017344 -0.231330
v 0.007752 -0.016982 -0.230068
v 0.002854 0.021948 -0.237246
v 0.004147 0.021977 -0.238138
v 0.006291 0.021273 -0.237430
v 0.008439 0.020346 -0.236885
v 0.010550 0.019199 -0.236497
v 0.012582 0.017837 -0.236256
v 0.014497 0.016271 -0.236149
v 0.016259 0.014515 -0.236158
v 0.017835 0.012589 -0.236264
v 0.019198 0.010516 -0.236443
v 0.020324 0.008323 -0.236673
v 0.021197 0.006039 -0.236928
v 0.021804 0.003697 -0.237184
v 0.022139 0.001329 -0.237414
v 0.022205 -0.001028 -0.237596
v 0.022006 -0.003339 -0.237707
v 0.021555 -0.005569 -0.237728
v 0.020871 -0.007684 -0.237642
v 0.019976 -0.009651 -0.237436
v 0.018898 -0.011439 -0.237100
v 0.017668 -0.013022 -0.236630
v 0.016321 -0.014376 -0.236023
v 0.014892 -0.015481 -0.235284
v 0.013420 -0.016322 -0.234420
v 0.011943 -0.016887 -0.233444
v 0.010498 -0.017172 -0.232372
v 0.009122 -0.017175 -0.231223
v 0.007849 -0.016900 -0.230021
v 0.003449 0.021446 -0.235942
v 0.004892 0.021403 -0.236648
v 0.007051 0.020568 -0.236006
v 0.009192 0.019516 -0.235526
v 0.011274 0.018248 -0.235203
v 0.013255 0.016774 -0.235023
v 0.015100 0.015106 -0.234972
v 0.016773 0.013262 -0.235031
v 0.018244 0.011262 -0.235179
v 0.019489 0.009132 -0.235393
v 0.020486 0.006900 -0.235647
v 0.021221 0.004596 -0.235918
v 0.021686 0.002254 -0.236179
v 0.021878 -0.000093 -0.236407
v 0.021800 -0.002407 -0.236577
v 0.021462 -0.004656 -0.236670
v 0.020880 -0.006802 -0.236666
v 0.020074 -0.008814 -0.236551
v 0.019069 -0.010660 -0.236312
v 0.017896 -0.012312 -0.235943
v 0.016586 -0.013743 -0.235440
v 0.015176 -0.014933 -0.234804
v 0.013703 -0.015864 -0.234041
v 0.012206 -0.016523 -0.233160
v 0.010721 -0.016903 -0.232174
v 0.009287 -0.016999 -0.231103
v 0.007939 -0.016815 -0.229968
v 0.007770 0.019743 -0.234625
v 0.009891 0.018570 -0.234214
v 0.011931 0.017190 -0.233957
v 0.013851 0.015613 -0.233839
v 0.015614 0.013853 -0.233845
v 0.017188 0.011931 -0.233954
v 0.018547 0.009869 -0.234143
v 0.019665 0.007694 -0.234390
v 0.020528 0.005436 -0.234668
v 0.021121 0.003126 -0.234952
v 0.021441 0.000798 -0.235218
v 0.021487 -0.001514 -0.235441
v 0.021267 -0.003773 -0.235599
v 0.020793 -0.005945 -0.235673
v 0.020082 -0.007995 -0.235644
v 0.019159 -0.009893 -0.235500
v 0.018051 -0.011608 -0.235231
v 0.016788 -0.013112 -0.234831
v 0.015407 -0.014384 -0.234298
v 0.013943 -0.015403 -0.233637
v 0.012434 -0.016154 -0.232853
v 0.010920 -0.016628 -0.231960
v 0.009437 -0.016819 -0.230971
v 0.008022 -0.016727 -0.229908
v 0.004745 0.019956 -0.233100
v 0.006292 0.019880 -0.233798
v 0.008444 0.018802 -0.233296
v 0.010532 0.017516 -0.232956
v 0.012519 0.016031 -0.232767
v 0.014365 0.014360 -0.232712
v 0.016036 0.012519 -0.232775
v 0.017503 0.010530 -0.232933
v 0.018740 0.008419 -0.233163
v 0.019727 0.006211 -0.233440
v 0.020449 0.003940 -0.233740
v 0.020897 0.001637 -0.234037
v 0.021070 -0.000663 -0.234305
v 0.020971 -0.002926 -0.234523
v 0.020609 -0.005116 -0.234668
v 0.020001 -0.007199 -0.234721
v 0.019167 -0.009142 -0.234668
v 0.018132 -0.010914 -0.234496
v 0.016926 -0.012487 -0.234198
v 0.015583 -0.013836 -0.233769
v 0.014137 -0.014939 -0.233211
v 0.012628 -0.015781 -0.232527
v 0.011093 -0.016349 -0.231728
v 0.009570 -0.016635 -0.230827
v 0.008097 -0.016637 -0.229842
v 0.005386 0.018988 -0.231695
v 0.006939 0.018941 -0.232455
v 0.009067 0.017750 -0.232028
v 0.011112 0.016359 -0.231760
v 0.013033 0.014778 -0.231640
v 0.014794 0.013022 -0.231649
v 0.016364 0.011111 -0.231767
v 0.017715 0.009068 -0.231973
v 0.018824 0.006918 -0.232243
v 0.019672 0.004692 -0.232550
v 0.020250 0.002421 -0.232870
v 0.020551 0.000139 -0.233177
v 0.020576 -0.002120 -0.233447
v 0.020332 -0.004321 -0.233657
v 0.019831 -0.006429 -0.233788
v 0.019092 -0.008411 -0.233822
v 0.018139 -0.010234 -0.233744
v 0.016998 -0.011870 -0.233546
v 0.015702 -0.013292 -0.233220
v 0.014285 -0.014478 -0.232765
v 0.012785 -0.015408 -0.232183
v 0.011239 -0.016068 -0.231482
v 0.009686 -0.016448 -0.230672
v 0.008164 -0.016545 -0.229769
v 0.009638 0.016595 -0.230826
v 0.011626 0.015106 -0.230633
v 0.013470 0.013438 -0.230582
v 0.015137 0.011609 -0.230655
v 0.016597 0.009638 -0.230829
v 0.017823 0.007552 -0.231082
v 0.018797 0.005377 -0.231389
v 0.019502 0.003145 -0.231724
v 0.019932 0.000888 -0.232062
v 0.020084 -0.001360 -0.232377
v 0.019961 -0.003565 -0.232647
v 0.019573 -0.005691 -0.232849
v 0.018936 -0.007704 -0.232965
v 0.018071 -0.009573 -0.232979
v 0.017004 -0.011267 -0.232878
v 0.015765 -0.012757 -0.232653
v 0.014386 -0.014020 -0.232302
v 0.012904 -0.015035 -0.231823
v 0.011357 -0.015785 -0.231222
v 0.009783 -0.016260 -0.230507
v 0.008222 -0.016451 -0.229692
v 0.006414 0.017031 -0.229440
v 0.008106 0.016737 -0.229970
v 0.010152 0.015342 -0.229699
v 0.012071 0.013764 -0.229582
v 0.013829 0.012020 -0.229601
v 0.015391 0.010127 -0.229736
v 0.016732 0.008109 -0.229965
v 0.017827 0.005992 -0.230263
v 0.018659 0.003805 -0.230606
v 0.019218 0.001580 -0.230967
v 0.019497 -0.000650 -0.231321
v 0.019499 -0.002851 -0.231643
v 0.019228 -0.004988 -0.231911
v 0.018699 -0.007027 -0.232104
v 0.017930 -0.008935 -0.232204
v 0.016944 -0.010680 -0.232197
v 0.015770 -0.012233 -0.232073
v 0.014439 -0.013569 -0.231825
v 0.012985 -0.014666 -0.231450
v 0.011447 -0.015504 -0.230950
v 0.009863 -0.016071 -0.230333
v 0.008271 -0.016356 -0.229609
v 0.010606 0.013999 -0.228653
v 0.012446 0.012342 -0.228612
v 0.014106 0.010531 -0.228701
v 0.015555 0.008586 -0.228898
v 0.016768 0.006532 -0.229180
v 0.017725 0.004396 -0.229522
v 0.018412 0.002210 -0.229899
v 0.018821 0.000005 -0.230283
v 0.018948 -0.002185 -0.230651
v 0.018799 -0.004325 -0.230978
v 0.018383 -0.006382 -0.231243
v 0.017716 -0.008322 -0.231425
v 0.016819 -0.010112 -0.231510
v 0.015718 -0.011723 -0.231483
v 0.014443 -0.013128 -0.231336
v 0.013028 -0.014302 -0.231065
v 0.011509 -0.015225 -0.230668
v 0.009923 -0.015882 -0.230151
v 0.008311 -0.016261 -0.229522
v 0.010999 0.012574 -0.227694
v 0.012748 0.010847 -0.227730
v 0.014301 0.008980 -0.227888
v 0.015627 0.006994 -0.228146
v 0.016706 0.004916 -0.228480
v 0.017520 0.002775 -0.228863
v 0.018058 0.000602 -0.229271
v 0.018313 -0.001570 -0.229678
v 0.018288 -0.003707 -0.230057
v 0.017989 -0.005774 -0.230387
v 0.017430 -0.007739 -0.230647
v 0.016629 -0.009568 -0.230818
v 0.015609 -0.011231 -0.230885
v 0.014399 -0.012698 -0.230838
v 0.013032 -0.013945 -0.230670
v 0.011541 -0.014950 -0.230377
v 0.009964 -0.015695 -0.229962
v 0.008341 -0.016167 -0.229430
v 0.011326 0.011075 -0.226828
v 0.012975 0.009289 -0.226940
v 0.014411 0.007376 -0.227166
v 0.015608 0.005361 -0.227484
v 0.016547 0.003272 -0.227867
v 0.017212 0.001138 -0.228290
v 0.017597 -0.001009 -0.228727
v 0.017698 -0.003135 -0.229153
v 0.017521 -0.005207 -0.229542
v 0.017074 -0.007189 -0.229873
v 0.016375 -0.009051 -0.230126
v 0.015444 -0.010758 -0.230285
v 0.014308 -0.012283 -0.230335
v 0.012996 -0.013599 -0.230269
v 0.011543 -0.014681 -0.230079
v 0.009986 -0.015511 -0.229767
v 0.008362 -0.016073 -0.229336
v 0.008335 0.011204 -0.225228
v 0.009848 0.011212 -0.226002
v 0.011587 0.009511 -0.226060
v 0.013126 0.007676 -0.226247
v 0.014437 0.005729 -0.226541
v 0.015497 0.003697 -0.226916
v 0.016290 0.001608 -0.227346
v 0.016803 -0.000506 -0.227807
v 0.017033 -0.002614 -0.228270
v 0.016979 -0.004682 -0.228712
v 0.016650 -0.006676 -0.229109
v 0.016059 -0.008562 -0.229439
v 0.015223 -0.010309 -0.229684
v 0.014169 -0.011885 -0.229829
v 0.012922 -0.013264 -0.229862
v 0.011517 -0.014419 -0.229776
v 0.009988 -0.015331 -0.229568
v 0.008372 -0.015981 -0.229238
v 0.008656 0.009689 -0.224525
v 0.010145 0.009644 -0.225253
v 0.011781 0.007891 -0.225394
v 0.013200 0.006017 -0.225656
v 0.014379 0.004049 -0.226015
v 0.015296 0.002011 -0.226445
v 0.015937 -0.000065 -0.226921
v 0.016296 -0.002148 -0.227415
v 0.016369 -0.004204 -0.227903
v 0.016161 -0.006202 -0.228359
v 0.015682 -0.008106 -0.228760
v 0.014949 -0.009885 -0.229088
v 0.013983 -0.011507 -0.229323
v 0.012810 -0.012943 -0.229454
v 0.011461 -0.014167 -0.229470
v 0.009970 -0.015155 -0.229365
v 0.008373 -0.015890 -0.229138
v 0.011905 0.006225 -0.224835
v 0.013197 0.004324 -0.225169
v 0.014235 0.002344 -0.225591
v 0.015004 0.000314 -0.226074
v 0.015491 -0.001737 -0.226592
v 0.015692 -0.003776 -0.227118
v 0.015608 -0.005770 -0.227627
v 0.015247 -0.007685 -0.228094
v 0.014622 -0.009489 -0.228498
v 0.013751 -0.011149 -0.228821
v 0.012660 -0.012637 -0.229046
v 0.011376 -0.013924 -0.229161
v 0.009932 -0.014986 -0.229159
v 0.008364 -0.015803 -0.229036
v 0.009140 0.006624 -0.223464
v 0.010558 0.006349 -0.224082
v 0.011959 0.004522 -0.224385
v 0.013116 0.002605 -0.224790
v 0.014009 0.000626 -0.225273
v 0.014624 -0.001386 -0.225806
v 0.014954 -0.003400 -0.226363
v 0.014997 -0.005382 -0.226917
v 0.014757 -0.007301 -0.227444
v 0.014244 -0.009123 -0.227920
v 0.013476 -0.010816 -0.228324
v 0.012473 -0.012349 -0.228640
v 0.011263 -0.013693 -0.228853
v 0.009876 -0.014823 -0.228952
v 0.008346 -0.015718 -0.228933
v 0.009344 0.004681 -0.223015
v 0.010672 0.004641 -0.223665
v 0.011943 0.002793 -0.224047
v 0.012958 0.000871 -0.224521
v 0.013700 -0.001096 -0.225062
v 0.014159 -0.003077 -0.225642
v 0.014330 -0.005042 -0.226234
v 0.014214 -0.006957 -0.226813
v 0.013819 -0.008790 -0.227355
v 0.013158 -0.010508 -0.227837
v 0.012251 -0.012079 -0.228239
v 0.011122 -0.013475 -0.228546
v 0.009800 -0.014669 -0.228746
v 0.008317 -0.015636 -0.228829
v 0.011857 0.001047 -0.223823
v 0.012724 -0.000868 -0.224363
v 0.013311 -0.002811 -0.224959
v 0.013610 -0.004751 -0.225582
v 0.013621 -0.006655 -0.226207
v 0.013347 -0.008491 -0.226808
v 0.012799 -0.010227 -0.227361
v 0.011994 -0.011831 -0.227846
v 0.010954 -0.013272 -0.228244
v 0.009705 -0.014523 -0.228541
v 0.008279 -0.015558 -0.228726
v 0.011701 -0.000704 -0.223715
v 0.012415 -0.002602 -0.224318
v 0.012844 -0.004510 -0.224964
v 0.012982 -0.006396 -0.225627
v 0.012832 -0.008229 -0.226281
v 0.012402 -0.009975 -0.226900
v 0.011705 -0.011604 -0.227462
v 0.010760 -0.013084 -0.227947
v 0.009593 -0.014387 -0.228338
v 0.008232 -0.015485 -0.228623
v 0.009539 -0.000755 -0.222589
v 0.010638 -0.000606 -0.223121
v 0.011477 -0.002452 -0.223723
v 0.012034 -0.004321 -0.224385
v 0.012301 -0.006182 -0.225079
v 0.012277 -0.008004 -0.225778
v 0.011968 -0.009754 -0.226456
v 0.011384 -0.011401 -0.227090
v 0.010541 -0.012913 -0.227657
v 0.009463 -0.014261 -0.228139
v 0.008175 -0.015417 -0.228521
v 0.009495 -0.002331 -0.222685
v 0.010501 -0.002362 -0.223178
v 0.011185 -0.004185 -0.223847
v 0.011581 -0.006014 -0.224564
v 0.011686 -0.007818 -0.225302
v 0.011501 -0.009565 -0.226032
v 0.011034 -0.011222 -0.226731
v 0.010299 -0.012760 -0.227376
v 0.009316 -0.014146 -0.227944
v 0.008110 -0.015354 -0.228421
v 0.010828 -0.005894 -0.224087
v 0.011061 -0.007672 -0.224855
v 0.011003 -0.009408 -0.225631
v 0.010657 -0.011070 -0.226389
v 0.010035 -0.012625 -0.227105
v 0.009154 -0.014043 -0.227756
v 0.008037 -0.015296 -0.228324
v 0.009249 -0.005679 -0.223225
v 0.010044 -0.005821 -0.223649
v 0.010407 -0.007568 -0.224440
v 0.010476 -0.009286 -0.225255
v 0.010255 -0.010943 -0.226066
v 0.009750 -0.012509 -0.226847
v 0.008977 -0.013953 -0.227575
v 0.007955 -0.015245 -0.228229
v 0.009025 -0.007484 -0.223716
v 0.009727 -0.007505 -0.224060
v 0.009925 -0.009197 -0.224905
v 0.009830 -0.010844 -0.225762
v 0.009446 -0.012414 -0.226602
v 0.008786 -0.013876 -0.227402
v 0.007866 -0.015200 -0.228138
v 0.009385 -0.010773 -0.225480
v 0.009126 -0.012339 -0.226373
v 0.008583 -0.013812 -0.227238
v 0.007771 -0.015161 -0.228052
v 0.008526 -0.010338 -0.224810
v 0.008922 -0.010730 -0.225221
v 0.008790 -0.012285 -0.226160
v 0.008368 -0.013762 -0.227084
v 0.007669 -0.015129 -0.227969
v 0.008080 -0.012242 -0.225788
v 0.008440 -0.012253 -0.225964
v 0.008143 -0.013726 -0.226942
v 0.007561 -0.015104 -0.227892
v 0.008012 -0.012498 -0.225937
v 0.007909 -0.013704 -0.226811
v 0.007448 -0.015086 -0.227821
v 0.007331 -0.015075 -0.227755
v 0.007667 -0.013697 -0.226693
v 0.007404 -0.014513 -0.227269
v -0.006094 0.010409 -0.256865
v -0.006447 0.009090 -0.257639
v -0.006751 0.007701 -0.258306
v -0.004319 -0.014685 -0.252974
v -0.004834 -0.013722 -0.254103
v -0.007363 -0.003024 -0.259648
v -0.007226 -0.004559 -0.259347
v -0.007033 -0.006059 -0.258925
v -0.007348 0.003228 -0.259615
v -0.007437 0.001672 -0.259810
v -0.007469 0.000104 -0.259881
v -0.007004 0.006254 -0.258861
v -0.007204 0.004759 -0.259298
v -0.003697 0.015640 -0.251610
v -0.004249 0.014804 -0.252820
v -0.004768 0.013855 -0.253958
v -0.005251 0.012801 -0.255017
v -0.005694 0.011649 -0.255988
v -0.001255 0.017744 -0.246255
v -0.001892 0.017413 -0.247651
v -0.002514 0.016950 -0.249016
v 0.004319 0.014685 -0.234033
v 0.004834 0.013722 -0.232905
v 0.001255 -0.017744 -0.240753
v 0.000608 -0.017940 -0.242170
v -0.005312 -0.012654 -0.255151
v -0.005749 -0.011491 -0.256110
v -0.006490 -0.008910 -0.257734
v -0.006143 -0.010239 -0.256973
v -0.006788 -0.007513 -0.258386
v -0.007445 -0.001466 -0.259826
v -0.003118 0.016357 -0.250339
v -0.000608 0.017940 -0.244837
v 0.000694 0.017922 -0.241982
v 0.000043 0.018000 -0.243409
v 0.001339 0.017708 -0.240567
v 0.001975 0.017360 -0.239174
v 0.006490 0.008910 -0.229274
v 0.006143 0.010239 -0.230034
v 0.005749 0.011491 -0.230898
v 0.007033 0.006059 -0.228082
v 0.006788 0.007513 -0.228621
v -0.001339 -0.017708 -0.246440
v -0.001975 -0.017360 -0.247833
v 0.005312 0.012654 -0.231857
v 0.007363 0.003024 -0.227359
v 0.007226 0.004559 -0.227660
v 0.007445 0.001466 -0.227181
v 0.007469 -0.000104 -0.227127
v 0.006094 -0.010409 -0.230143
v 0.006447 -0.009090 -0.229368
v 0.006751 -0.007701 -0.228701
v 0.002514 -0.016950 -0.237991
v 0.003118 -0.016357 -0.236668
v 0.003697 -0.015640 -0.235397
v 0.001892 -0.017413 -0.239356
v -0.000694 -0.017922 -0.245025
v -0.000043 -0.018000 -0.243598
v -0.003196 -0.016269 -0.250510
v -0.002595 -0.016879 -0.249194
v -0.003772 -0.015536 -0.251774
v 0.003196 0.016269 -0.236497
v 0.002595 0.016879 -0.237814
v 0.007004 -0.006254 -0.228147
v 0.007204 -0.004759 -0.227709
v 0.007348 -0.003228 -0.227392
v 0.003772 0.015536 -0.235234
v 0.007437 -0.001672 -0.227197
v 0.004249 -0.014804 -0.234188
v 0.004768 -0.013855 -0.233049
v 0.005251 -0.012801 -0.231990
v 0.005694 -0.011649 -0.231019
v 0.016685 -0.001290 -0.250133
v 0.016730 -0.001208 -0.250033
v 0.016377 0.000000 -0.250973
v 0.016637 -0.001363 -0.250238
v 0.016587 -0.001426 -0.250349
v 0.016534 -0.001477 -0.250464
v 0.016480 -0.001518 -0.250583
v 0.016424 -0.001546 -0.250705
v 0.016368 -0.001564 -0.250828
v 0.016311 -0.001569 -0.250953
v 0.016254 -0.001562 -0.251077
v 0.016198 -0.001543 -0.251201
v 0.016143 -0.001513 -0.251322
v 0.016089 -0.001471 -0.251440
v 0.016036 -0.001418 -0.251555
v 0.015986 -0.001354 -0.251665
v 0.015938 -0.001280 -0.251770
v 0.015893 -0.001196 -0.251868
v 0.015852 -0.001103 -0.251960
v 0.015814 -0.001001 -0.252043
v 0.015779 -0.000892 -0.252118
v 0.015749 -0.000777 -0.252185
v 0.015723 -0.000655 -0.252242
v 0.015702 -0.000528 -0.252289
v 0.015685 -0.000397 -0.252325
v 0.015673 -0.000264 -0.252352
v 0.015666 -0.000128 -0.252367
v 0.015664 0.000009 -0.252372
v 0.015667 0.000146 -0.252366
v 0.015674 0.000281 -0.252349
v 0.015687 0.000415 -0.252321
v 0.015704 0.000545 -0.252283
v 0.015726 0.000671 -0.252235
v 0.015753 0.000792 -0.252177
v 0.015784 0.000907 -0.252109
v 0.015819 0.001015 -0.252033
v 0.015857 0.001116 -0.251948
v 0.015899 0.001208 -0.251856
v 0.015944 0.001290 -0.251757
v 0.015993 0.001363 -0.251651
v 0.016043 0.001426 -0.251540
v 0.016096 0.001477 -0.251425
v 0.016150 0.001518 -0.251306
v 0.016205 0.001547 -0.251184
v 0.016262 0.001564 -0.251061
v 0.016319 0.001569 -0.250936
v 0.016375 0.001562 -0.250812
v 0.016432 0.001543 -0.250689
v 0.016487 0.001513 -0.250567
v 0.016541 0.001471 -0.250449
v 0.016593 0.001418 -0.250334
v 0.016644 0.001354 -0.250224
v 0.016691 0.001280 -0.250119
v 0.016736 0.001196 -0.250021
v 0.016778 0.001103 -0.249929
v 0.016816 0.001001 -0.249846
v 0.016850 0.000892 -0.249771
v 0.016880 0.000777 -0.249704
v 0.016906 0.000655 -0.249647
v 0.016928 0.000528 -0.249600
v 0.016945 0.000397 -0.249564
v 0.016957 0.000264 -0.249537
v 0.016964 0.000128 -0.249522
v 0.016966 -0.000009 -0.249517
v 0.016963 -0.000146 -0.249523
v 0.016955 -0.000281 -0.249540
v 0.016943 -0.000415 -0.249568
v 0.016925 -0.000545 -0.249606
v 0.016903 -0.000671 -0.249654
v 0.016877 -0.000792 -0.249713
v 0.016846 -0.000907 -0.249780
v 0.016811 -0.001015 -0.249856
v 0.016772 -0.001116 -0.249941
v 0.006177 -0.013802 -0.233740
v 0.005660 -0.014748 -0.234874
v 0.005111 -0.015580 -0.236079
v 0.004533 -0.016295 -0.237345
v 0.003932 -0.016885 -0.238663
v 0.003312 -0.017347 -0.240023
v 0.002677 -0.017677 -0.241414
v 0.002033 -0.017872 -0.242826
v 0.001385 -0.017931 -0.244249
v 0.000736 -0.017854 -0.245670
v 0.000093 -0.017641 -0.247080
v -0.000540 -0.017293 -0.248468
v -0.001158 -0.016814 -0.249823
v -0.001756 -0.016208 -0.251135
v -0.002330 -0.015477 -0.252393
v -0.002876 -0.014629 -0.253589
v -0.003388 -0.013670 -0.254713
v -0.003864 -0.012606 -0.255757
v -0.004300 -0.011447 -0.256713
v -0.004692 -0.010200 -0.257573
v -0.005038 -0.008876 -0.258330
v -0.005334 -0.007484 -0.258980
v -0.005579 -0.006036 -0.259517
v -0.005771 -0.004541 -0.259938
v -0.005908 -0.003012 -0.260238
v -0.005989 -0.001460 -0.260415
v -0.006013 0.000103 -0.260469
v -0.005981 0.001666 -0.260399
v -0.005893 0.003215 -0.260205
v -0.005749 0.004741 -0.259889
v -0.005550 0.006230 -0.259453
v -0.005298 0.007672 -0.258901
v -0.004995 0.009055 -0.258236
v -0.004643 0.010370 -0.257465
v -0.004245 0.011605 -0.256592
v -0.003804 0.012752 -0.255624
v -0.003323 0.013802 -0.254569
v -0.002805 0.014748 -0.253435
v -0.002256 0.015581 -0.252231
v -0.001678 0.016295 -0.250964
v -0.001077 0.016885 -0.249646
v -0.000457 0.017347 -0.248286
v 0.000177 0.017677 -0.246895
v 0.000822 0.017872 -0.245483
v 0.001470 0.017931 -0.244061
v 0.002119 0.017854 -0.242639
v 0.002762 0.017641 -0.241229
v 0.003395 0.017294 -0.239841
v 0.004013 0.016815 -0.238486
v 0.004611 0.016208 -0.237175
v 0.005185 0.015477 -0.235916
v 0.005730 0.014629 -0.234720
v 0.006243 0.013670 -0.233596
v 0.006719 0.012606 -0.232552
v 0.007155 0.011447 -0.231597
v 0.007547 0.010200 -0.230737
v 0.007893 0.008876 -0.229979
v 0.008189 0.007484 -0.229329
v 0.008434 0.006036 -0.228792
v 0.008626 0.004541 -0.228372
v 0.008763 0.003012 -0.228072
v 0.008844 0.001460 -0.227894
v 0.008868 -0.000103 -0.227840
v 0.008836 -0.001666 -0.227910
v 0.008748 -0.003215 -0.228104
v 0.008603 -0.004741 -0.228420
v 0.008405 -0.006230 -0.228856
v 0.008153 -0.007672 -0.229408
v 0.007850 -0.009055 -0.230073
v 0.007498 -0.010369 -0.230844
v 0.007100 -0.011605 -0.231717
v 0.006658 -0.012752 -0.232685
v 0.007540 -0.013645 -0.234505
v 0.007028 -0.014579 -0.235626
v 0.006485 -0.015402 -0.236817
v 0.005914 -0.016109 -0.238069
v 0.005320 -0.016692 -0.239372
v 0.004707 -0.017149 -0.240716
v 0.004079 -0.017475 -0.242092
v 0.003443 -0.017668 -0.243488
v 0.002801 -0.017726 -0.244894
v 0.002161 -0.017650 -0.246299
v 0.001525 -0.017439 -0.247693
v 0.000899 -0.017096 -0.249065
v 0.000288 -0.016622 -0.250404
v -0.000303 -0.016022 -0.251701
v -0.000871 -0.015300 -0.252945
v -0.001410 -0.014462 -0.254127
v -0.001917 -0.013513 -0.255239
v -0.002387 -0.012462 -0.256271
v -0.002818 -0.011316 -0.257215
v -0.003206 -0.010084 -0.258065
v -0.003548 -0.008775 -0.258814
v -0.003841 -0.007399 -0.259457
v -0.004083 -0.005967 -0.259988
v -0.004272 -0.004489 -0.260403
v -0.004407 -0.002978 -0.260700
v -0.004488 -0.001443 -0.260875
v -0.004512 0.000102 -0.260929
v -0.004480 0.001647 -0.260859
v -0.004393 0.003179 -0.260668
v -0.004250 0.004687 -0.260355
v -0.004054 0.006159 -0.259924
v -0.003805 0.007584 -0.259378
v -0.003505 0.008952 -0.258722
v -0.003157 0.010251 -0.257959
v -0.002764 0.011472 -0.257096
v -0.002327 0.012607 -0.256139
v -0.001852 0.013645 -0.255096
v -0.001341 0.014579 -0.253975
v -0.000797 0.015402 -0.252784
v -0.000226 0.016109 -0.251533
v 0.000368 0.016692 -0.250230
v 0.000981 0.017149 -0.248885
v 0.001608 0.017475 -0.247510
v 0.002245 0.017668 -0.246114
v 0.002886 0.017726 -0.244708
v 0.003527 0.017650 -0.243303
v 0.004163 0.017439 -0.241909
v 0.004789 0.017096 -0.240537
v 0.005399 0.016622 -0.239197
v 0.005991 0.016022 -0.237901
v 0.006558 0.015300 -0.236656
v 0.007098 0.014462 -0.235474
v 0.007604 0.013513 -0.234363
v 0.008075 0.012462 -0.233331
v 0.008506 0.011316 -0.232386
v 0.008894 0.010084 -0.231536
v 0.009235 0.008775 -0.230787
v 0.009528 0.007399 -0.230145
v 0.009770 0.005967 -0.229614
v 0.009960 0.004489 -0.229198
v 0.010095 0.002978 -0.228902
v 0.010175 0.001443 -0.228726
v 0.010200 -0.000102 -0.228673
v 0.010168 -0.001647 -0.228742
v 0.010080 -0.003179 -0.228934
v 0.009938 -0.004686 -0.229246
v 0.009741 -0.006159 -0.229677
v 0.009492 -0.007584 -0.230223
v 0.009193 -0.008952 -0.230880
v 0.008845 -0.010251 -0.231643
v 0.008451 -0.011472 -0.232506
v 0.008015 -0.012607 -0.233462
v 0.008844 -0.013383 -0.235339
v 0.008343 -0.014300 -0.236438
v 0.007810 -0.015107 -0.237606
v 0.007250 -0.015800 -0.238834
v 0.006667 -0.016372 -0.240112
v 0.006066 -0.016820 -0.241431
v 0.005451 -0.017140 -0.242780
v 0.004826 -0.017329 -0.244149
v 0.004197 -0.017386 -0.245528
v 0.003569 -0.017311 -0.246906
v 0.002945 -0.017105 -0.248273
v 0.002331 -0.016768 -0.249619
v 0.001732 -0.016304 -0.250933
v 0.001152 -0.015715 -0.252205
v 0.000595 -0.015007 -0.253425
v 0.000067 -0.014185 -0.254585
v -0.000431 -0.013254 -0.255675
v -0.000892 -0.012223 -0.256687
v -0.001315 -0.011099 -0.257613
v -0.001695 -0.009890 -0.258447
v -0.002030 -0.008606 -0.259182
v -0.002318 -0.007257 -0.259812
v -0.002555 -0.005852 -0.260333
v -0.002741 -0.004403 -0.260740
v -0.002874 -0.002921 -0.261031
v -0.002952 -0.001416 -0.261203
v -0.002976 0.000100 -0.261256
v -0.002945 0.001615 -0.261188
v -0.002859 0.003118 -0.261000
v -0.002719 0.004597 -0.260693
v -0.002527 0.006041 -0.260271
v -0.002282 0.007439 -0.259735
v -0.001989 0.008780 -0.259091
v -0.001647 0.010054 -0.258343
v -0.001261 0.011252 -0.257496
v -0.000833 0.012365 -0.256558
v -0.000367 0.013383 -0.255535
v 0.000135 0.014300 -0.254436
v 0.000667 0.015107 -0.253267
v 0.001227 0.015800 -0.252040
v 0.001810 0.016372 -0.250762
v 0.002412 0.016820 -0.249443
v 0.003027 0.017140 -0.248094
v 0.003651 0.017329 -0.246725
v 0.004280 0.017386 -0.245346
v 0.004909 0.017312 -0.243967
v 0.005532 0.017105 -0.242600
v 0.006146 0.016768 -0.241255
v 0.006745 0.016304 -0.239941
v 0.007325 0.015715 -0.238669
v 0.007882 0.015007 -0.237449
v 0.008411 0.014185 -0.236289
v 0.008908 0.013254 -0.235199
v 0.009370 0.012223 -0.234187
v 0.009792 0.011099 -0.233260
v 0.010172 0.009890 -0.232427
v 0.010508 0.008606 -0.231692
v 0.010795 0.007257 -0.231062
v 0.011032 0.005852 -0.230541
v 0.011218 0.004403 -0.230134
v 0.011351 0.002921 -0.229843
v 0.011430 0.001416 -0.229670
v 0.011453 -0.000100 -0.229618
v 0.011422 -0.001615 -0.229686
v 0.011337 -0.003118 -0.229874
v 0.011197 -0.004597 -0.230181
v 0.011004 -0.006041 -0.230603
v 0.010760 -0.007439 -0.231139
v 0.010466 -0.008780 -0.231783
v 0.010125 -0.010054 -0.232531
v 0.009739 -0.011252 -0.233378
v 0.009311 -0.012365 -0.234316
v 0.010082 -0.013020 -0.236234
v 0.009594 -0.013911 -0.237304
v 0.009076 -0.014697 -0.238440
v 0.008531 -0.015371 -0.239635
v 0.007964 -0.015927 -0.240878
v 0.007379 -0.016363 -0.242161
v 0.006780 -0.016674 -0.243473
v 0.006173 -0.016858 -0.244805
v 0.005561 -0.016914 -0.246147
v 0.004949 -0.016841 -0.247488
v 0.004343 -0.016640 -0.248818
v 0.003746 -0.016313 -0.250127
v 0.003163 -0.015861 -0.251405
v 0.002598 -0.015288 -0.252642
v 0.002057 -0.014599 -0.253830
v 0.001542 -0.013799 -0.254958
v 0.001059 -0.012894 -0.256018
v 0.000610 -0.011891 -0.257003
v 0.000199 -0.010798 -0.257904
v -0.000171 -0.009622 -0.258715
v -0.000497 -0.008373 -0.259430
v -0.000777 -0.007060 -0.260043
v -0.001008 -0.005693 -0.260550
v -0.001189 -0.004284 -0.260946
v -0.001318 -0.002841 -0.261229
v -0.001394 -0.001377 -0.261397
v -0.001417 0.000097 -0.261448
v -0.001387 0.001571 -0.261381
v -0.001304 0.003033 -0.261198
v -0.001168 0.004472 -0.260900
v -0.000980 0.005877 -0.260489
v -0.000743 0.007237 -0.259968
v -0.000457 0.008541 -0.259341
v -0.000125 0.009781 -0.258614
v 0.000251 0.010947 -0.257790
v 0.000667 0.012029 -0.256877
v 0.001121 0.013020 -0.255882
v 0.001609 0.013911 -0.254813
v 0.002127 0.014697 -0.253676
v 0.002672 0.015371 -0.252482
v 0.003239 0.015927 -0.251238
v 0.003824 0.016363 -0.249956
v 0.004422 0.016674 -0.248643
v 0.005030 0.016858 -0.247311
v 0.005642 0.016914 -0.245970
v 0.006253 0.016841 -0.244629
v 0.006860 0.016640 -0.243299
v 0.007457 0.016313 -0.241990
v 0.008040 0.015861 -0.240712
v 0.008604 0.015288 -0.239474
v 0.009146 0.014599 -0.238287
v 0.009660 0.013799 -0.237159
v 0.010144 0.012894 -0.236098
v 0.010593 0.011891 -0.235114
v 0.011004 0.010798 -0.234213
v 0.011374 0.009622 -0.233401
v 0.011700 0.008373 -0.232687
v 0.011980 0.007060 -0.232074
v 0.012211 0.005693 -0.231567
v 0.012391 0.004284 -0.231171
v 0.012520 0.002841 -0.230888
v 0.012597 0.001377 -0.230720
v 0.012620 -0.000097 -0.230669
v 0.012590 -0.001571 -0.230735
v 0.012506 -0.003033 -0.230918
v 0.012370 -0.004472 -0.231216
v 0.012183 -0.005877 -0.231628
v 0.011945 -0.007237 -0.232148
v 0.011659 -0.008541 -0.232775
v 0.011328 -0.009781 -0.233503
v 0.010952 -0.010947 -0.234327
v 0.010536 -0.012029 -0.235239
v 0.011243 -0.012557 -0.237185
v 0.010772 -0.013417 -0.238217
v 0.010272 -0.014175 -0.239313
v 0.009747 -0.014825 -0.240465
v 0.009200 -0.015362 -0.241664
v 0.008636 -0.015782 -0.242901
v 0.008058 -0.016082 -0.244167
v 0.007472 -0.016259 -0.245452
v 0.006882 -0.016313 -0.246746
v 0.006292 -0.016243 -0.248039
v 0.005707 -0.016049 -0.249322
v 0.005132 -0.015733 -0.250584
v 0.004569 -0.015297 -0.251817
v 0.004025 -0.014745 -0.253011
v 0.003503 -0.014081 -0.254156
v 0.003007 -0.013309 -0.255244
v 0.002540 -0.012436 -0.256266
v 0.002107 -0.011469 -0.257216
v 0.001711 -0.010414 -0.258085
v 0.001354 -0.009280 -0.258868
v 0.001039 -0.008075 -0.259557
v 0.000770 -0.006809 -0.260148
v 0.000547 -0.005491 -0.260637
v 0.000372 -0.004131 -0.261019
v 0.000248 -0.002740 -0.261292
v 0.000174 -0.001328 -0.261454
v 0.000152 0.000094 -0.261503
v 0.000181 0.001515 -0.261439
v 0.000261 0.002925 -0.261262
v 0.000393 0.004313 -0.260975
v 0.000573 0.005668 -0.260578
v 0.000803 0.006979 -0.260076
v 0.001078 0.008238 -0.259472
v 0.001398 0.009434 -0.258770
v 0.001761 0.010558 -0.257975
v 0.002162 0.011602 -0.257095
v 0.002600 0.012557 -0.256135
v 0.003070 0.013417 -0.255104
v 0.003570 0.014175 -0.254008
v 0.004096 0.014825 -0.252856
v 0.004643 0.015362 -0.251656
v 0.005207 0.015782 -0.250419
v 0.005784 0.016082 -0.249154
v 0.006370 0.016259 -0.247869
v 0.006960 0.016313 -0.246575
v 0.007550 0.016243 -0.245282
v 0.008135 0.016049 -0.243999
v 0.008711 0.015733 -0.242736
v 0.009273 0.015297 -0.241504
v 0.009817 0.014745 -0.240310
v 0.010340 0.014081 -0.239165
v 0.010836 0.013309 -0.238077
v 0.011302 0.012436 -0.237054
v 0.011735 0.011469 -0.236105
v 0.012132 0.010414 -0.235235
v 0.012489 0.009280 -0.234453
v 0.012803 0.008075 -0.233764
v 0.013073 0.006809 -0.233172
v 0.013296 0.005491 -0.232684
v 0.013470 0.004131 -0.232302
v 0.013595 0.002740 -0.232029
v 0.013668 0.001328 -0.231867
v 0.013691 -0.000094 -0.231818
v 0.013661 -0.001515 -0.231882
v 0.013581 -0.002925 -0.232058
v 0.013450 -0.004313 -0.232346
v 0.013269 -0.005668 -0.232742
v 0.013040 -0.006979 -0.233245
v 0.012764 -0.008238 -0.233849
v 0.012444 -0.009434 -0.234551
v 0.012082 -0.010558 -0.235345
v 0.011680 -0.011602 -0.236226
v 0.012318 -0.011999 -0.238184
v 0.011868 -0.012821 -0.239170
v 0.011391 -0.013545 -0.240218
v 0.010888 -0.014166 -0.241318
v 0.010366 -0.014679 -0.242464
v 0.009827 -0.015080 -0.243646
v 0.009275 -0.015367 -0.244856
v 0.008715 -0.015537 -0.246084
v 0.008151 -0.015588 -0.247320
v 0.007588 -0.015521 -0.248556
v 0.007029 -0.015336 -0.249782
v 0.006478 -0.015034 -0.250988
v 0.005941 -0.014617 -0.252166
v 0.005421 -0.014090 -0.253306
v 0.004922 -0.013455 -0.254400
v 0.004448 -0.012718 -0.255440
v 0.004002 -0.011884 -0.256417
v 0.003588 -0.010959 -0.257325
v 0.003209 -0.009951 -0.258155
v 0.002868 -0.008867 -0.258903
v 0.002568 -0.007716 -0.259562
v 0.002310 -0.006506 -0.260127
v 0.002097 -0.005247 -0.260594
v 0.001931 -0.003948 -0.260959
v 0.001812 -0.002618 -0.261220
v 0.001741 -0.001269 -0.261374
v 0.001720 0.000090 -0.261421
v 0.001748 0.001448 -0.261360
v 0.001825 0.002795 -0.261191
v 0.001950 0.004121 -0.260917
v 0.002123 0.005416 -0.260538
v 0.002342 0.006669 -0.260058
v 0.002605 0.007872 -0.259480
v 0.002911 0.009015 -0.258809
v 0.003257 0.010089 -0.258050
v 0.003641 0.011086 -0.257209
v 0.004059 0.011999 -0.256292
v 0.004509 0.012821 -0.255306
v 0.004987 0.013545 -0.254259
v 0.005489 0.014166 -0.253158
v 0.006011 0.014679 -0.252012
v 0.006550 0.015080 -0.250830
v 0.007102 0.015367 -0.249621
v 0.007662 0.015537 -0.248393
v 0.008226 0.015588 -0.247157
v 0.008789 0.015521 -0.245921
v 0.009348 0.015336 -0.244695
v 0.009899 0.015034 -0.243489
v 0.010436 0.014617 -0.242311
v 0.010956 0.014090 -0.241170
v 0.011455 0.013455 -0.240076
v 0.011929 0.012718 -0.239037
v 0.012375 0.011884 -0.238059
v 0.012789 0.010959 -0.237152
v 0.013168 0.009951 -0.236321
v 0.013509 0.008868 -0.235574
v 0.013809 0.007716 -0.234915
v 0.014067 0.006507 -0.234350
v 0.014280 0.005247 -0.233883
v 0.014446 0.003948 -0.233518
v 0.014565 0.002618 -0.233257
v 0.014636 0.001269 -0.233102
v 0.014657 -0.000090 -0.233056
v 0.014629 -0.001448 -0.233117
v 0.014552 -0.002795 -0.233285
v 0.014427 -0.004121 -0.233560
v 0.014254 -0.005416 -0.233939
v 0.014035 -0.006669 -0.234419
v 0.013772 -0.007872 -0.234997
v 0.013466 -0.009015 -0.235667
v 0.013120 -0.010089 -0.236426
v 0.012736 -0.011086 -0.237267
v 0.013299 -0.011350 -0.239224
v 0.012874 -0.012127 -0.240157
v 0.012422 -0.012812 -0.241147
v 0.011947 -0.013399 -0.242188
v 0.011453 -0.013884 -0.243272
v 0.010943 -0.014264 -0.244390
v 0.010421 -0.014535 -0.245534
v 0.009892 -0.014696 -0.246696
v 0.009358 -0.014744 -0.247865
v 0.008825 -0.014681 -0.249034
v 0.008296 -0.014506 -0.250194
v 0.007776 -0.014220 -0.251335
v 0.007268 -0.013826 -0.252449
v 0.006776 -0.013327 -0.253527
v 0.006304 -0.012727 -0.254562
v 0.005855 -0.012029 -0.255546
v 0.005434 -0.011240 -0.256470
v 0.005042 -0.010366 -0.257328
v 0.004684 -0.009413 -0.258114
v 0.004361 -0.008388 -0.258821
v 0.004077 -0.007299 -0.259444
v 0.003833 -0.006154 -0.259979
v 0.003632 -0.004963 -0.260420
v 0.003474 -0.003734 -0.260766
v 0.003362 -0.002477 -0.261013
v 0.003295 -0.001200 -0.261159
v 0.003275 0.000085 -0.261203
v 0.003301 0.001370 -0.261145
v 0.003374 0.002644 -0.260986
v 0.003493 0.003898 -0.260726
v 0.003656 0.005123 -0.260368
v 0.003863 0.006308 -0.259913
v 0.004112 0.007446 -0.259367
v 0.004402 0.008527 -0.258733
v 0.004729 0.009543 -0.258015
v 0.005092 0.010486 -0.257219
v 0.005488 0.011350 -0.256352
v 0.005913 0.012127 -0.255419
v 0.006365 0.012812 -0.254429
v 0.006840 0.013399 -0.253387
v 0.007334 0.013884 -0.252304
v 0.007844 0.014264 -0.251185
v 0.008366 0.014535 -0.250041
v 0.008895 0.014696 -0.248880
v 0.009429 0.014744 -0.247711
v 0.009962 0.014681 -0.246542
v 0.010491 0.014506 -0.245382
v 0.011011 0.014220 -0.244241
v 0.011519 0.013826 -0.243127
v 0.012011 0.013327 -0.242048
v 0.012483 0.012727 -0.241013
v 0.012932 0.012029 -0.240030
v 0.013353 0.011240 -0.239106
v 0.013745 0.010366 -0.238247
v 0.014103 0.009413 -0.237462
v 0.014426 0.008388 -0.236755
v 0.014710 0.007299 -0.236131
v 0.014954 0.006154 -0.235597
v 0.015155 0.004963 -0.235155
v 0.015313 0.003734 -0.234810
v 0.015425 0.002477 -0.234563
v 0.015492 0.001200 -0.234417
v 0.015512 -0.000085 -0.234373
v 0.015486 -0.001370 -0.234431
v 0.015413 -0.002644 -0.234590
v 0.015294 -0.003898 -0.234850
v 0.015131 -0.005123 -0.235208
v 0.014924 -0.006308 -0.235662
v 0.014675 -0.007446 -0.236209
v 0.014385 -0.008527 -0.236843
v 0.014058 -0.009543 -0.237561
v 0.013695 -0.010486 -0.238357
v 0.014180 -0.010614 -0.240296
v 0.013782 -0.011340 -0.241168
v 0.013359 -0.011981 -0.242095
v 0.012915 -0.012530 -0.243068
v 0.012453 -0.012984 -0.244082
v 0.011976 -0.013339 -0.245128
v 0.011488 -0.013593 -0.246198
v 0.010993 -0.013743 -0.247283
v 0.010494 -0.013789 -0.248377
v 0.009995 -0.013729 -0.249470
v 0.009501 -0.013565 -0.250555
v 0.009014 -0.013298 -0.251622
v 0.008539 -0.012930 -0.252664
v 0.008079 -0.012463 -0.253672
v 0.007638 -0.011902 -0.254640
v 0.007218 -0.011249 -0.255560
v 0.006824 -0.010512 -0.256424
v 0.006458 -0.009694 -0.257227
v 0.006123 -0.008802 -0.257962
v 0.005821 -0.007844 -0.258623
v 0.005555 -0.006826 -0.259206
v 0.005327 -0.005755 -0.259705
v 0.005139 -0.004641 -0.260118
v 0.004992 -0.003492 -0.260441
v 0.004886 -0.002316 -0.260672
v 0.004824 -0.001123 -0.260809
v 0.004805 0.000079 -0.260850
v 0.004830 0.001281 -0.260796
v 0.004898 0.002473 -0.260647
v 0.005009 0.003645 -0.260404
v 0.005162 0.004791 -0.260069
v 0.005355 0.005899 -0.259644
v 0.005588 0.006963 -0.259133
v 0.005859 0.007974 -0.258540
v 0.006165 0.008924 -0.257869
v 0.006504 0.009806 -0.257125
v 0.006874 0.010614 -0.256314
v 0.007272 0.011340 -0.255441
v 0.007695 0.011981 -0.254515
v 0.008139 0.012530 -0.253541
v 0.008601 0.012984 -0.252528
v 0.009078 0.013339 -0.251482
v 0.009566 0.013593 -0.250412
v 0.010061 0.013743 -0.249326
v 0.010560 0.013789 -0.248233
v 0.011059 0.013729 -0.247139
v 0.011553 0.013565 -0.246055
v 0.012040 0.013298 -0.244988
v 0.012515 0.012930 -0.243946
v 0.012975 0.012463 -0.242937
v 0.013416 0.011902 -0.241970
v 0.013836 0.011249 -0.241050
v 0.014230 0.010512 -0.240185
v 0.014596 0.009694 -0.239383
v 0.014931 0.008802 -0.238648
v 0.015233 0.007844 -0.237987
v 0.015499 0.006826 -0.237404
v 0.015727 0.005755 -0.236904
v 0.015915 0.004641 -0.236491
v 0.016062 0.003492 -0.236168
v 0.016168 0.002316 -0.235938
v 0.016230 0.001123 -0.235801
v 0.016249 -0.000079 -0.235759
v 0.016224 -0.001281 -0.235814
v 0.016156 -0.002473 -0.235963
v 0.016045 -0.003645 -0.236206
v 0.015892 -0.004791 -0.236541
v 0.015699 -0.005899 -0.236965
v 0.015466 -0.006963 -0.237476
v 0.015195 -0.007974 -0.238070
v 0.014889 -0.008924 -0.238741
v 0.014550 -0.009806 -0.239485
v 0.014952 -0.009797 -0.241393
v 0.014585 -0.010468 -0.242198
v 0.014195 -0.011059 -0.243053
v 0.013785 -0.011566 -0.243952
v 0.013358 -0.011985 -0.244887
v 0.012918 -0.012313 -0.245853
v 0.012468 -0.012547 -0.246840
v 0.012010 -0.012686 -0.247842
v 0.011550 -0.012728 -0.248852
v 0.011090 -0.012673 -0.249861
v 0.010633 -0.012522 -0.250862
v 0.010184 -0.012275 -0.251847
v 0.009745 -0.011935 -0.252809
v 0.009321 -0.011504 -0.253740
v 0.008913 -0.010986 -0.254633
v 0.008526 -0.010384 -0.255482
v 0.008162 -0.009703 -0.256280
v 0.007824 -0.008948 -0.257021
v 0.007515 -0.008125 -0.257699
v 0.007237 -0.007240 -0.258309
v 0.006991 -0.006300 -0.258847
v 0.006781 -0.005313 -0.259309
v 0.006607 -0.004284 -0.259690
v 0.006471 -0.003223 -0.259988
v 0.006374 -0.002138 -0.260201
v 0.006316 -0.001036 -0.260327
v 0.006299 0.000073 -0.260365
v 0.006322 0.001182 -0.260316
v 0.006384 0.002282 -0.260178
v 0.006487 0.003365 -0.259954
v 0.006628 0.004422 -0.259644
v 0.006807 0.005445 -0.259252
v 0.007022 0.006427 -0.258781
v 0.007271 0.007360 -0.258233
v 0.007554 0.008237 -0.257613
v 0.007867 0.009052 -0.256927
v 0.008209 0.009797 -0.256178
v 0.008576 0.010468 -0.255373
v 0.008966 0.011059 -0.254518
v 0.009376 0.011566 -0.253619
v 0.009803 0.011985 -0.252683
v 0.010243 0.012313 -0.251718
v 0.010693 0.012547 -0.250730
v 0.011150 0.012686 -0.249728
v 0.011611 0.012728 -0.248719
v 0.012071 0.012673 -0.247710
v 0.012527 0.012522 -0.246709
v 0.012977 0.012275 -0.245724
v 0.013415 0.011935 -0.244762
v 0.013840 0.011504 -0.243831
v 0.014247 0.010986 -0.242937
v 0.014635 0.010384 -0.242089
v 0.014999 0.009703 -0.241291
v 0.015336 0.008948 -0.240550
v 0.015646 0.008125 -0.239871
v 0.015924 0.007240 -0.239261
v 0.016169 0.006300 -0.238723
v 0.016380 0.005313 -0.238262
v 0.016554 0.004284 -0.237881
v 0.016690 0.003223 -0.237582
v 0.016787 0.002138 -0.237369
v 0.016844 0.001036 -0.237243
v 0.016862 -0.000073 -0.237205
v 0.016839 -0.001182 -0.237255
v 0.016776 -0.002282 -0.237393
v 0.016674 -0.003365 -0.237617
v 0.016533 -0.004422 -0.237926
v 0.016354 -0.005445 -0.238318
v 0.016139 -0.006427 -0.238790
v 0.015889 -0.007360 -0.239338
v 0.015607 -0.008237 -0.239957
v 0.015293 -0.009052 -0.240644
v 0.015610 -0.008906 -0.242505
v 0.015277 -0.009516 -0.243237
v 0.014922 -0.010053 -0.244015
v 0.014550 -0.010514 -0.244832
v 0.014162 -0.010895 -0.245682
v 0.013761 -0.011193 -0.246560
v 0.013352 -0.011406 -0.247457
v 0.012936 -0.011532 -0.248368
v 0.012518 -0.011570 -0.249286
v 0.012100 -0.011520 -0.250203
v 0.011685 -0.011383 -0.251113
v 0.011276 -0.011158 -0.252009
v 0.010878 -0.010849 -0.252883
v 0.010491 -0.010458 -0.253729
v 0.010121 -0.009987 -0.254541
v 0.009769 -0.009439 -0.255313
v 0.009438 -0.008820 -0.256038
v 0.009131 -0.008134 -0.256712
v 0.008850 -0.007386 -0.257328
v 0.008597 -0.006582 -0.257883
v 0.008374 -0.005727 -0.258372
v 0.008183 -0.004829 -0.258792
v 0.008025 -0.003895 -0.259138
v 0.007901 -0.002930 -0.259409
v 0.007813 -0.001943 -0.259603
v 0.007760 -0.000942 -0.259718
v 0.007744 0.000067 -0.259752
v 0.007765 0.001075 -0.259707
v 0.007822 0.002075 -0.259582
v 0.007915 0.003059 -0.259378
v 0.008043 0.004020 -0.259097
v 0.008206 0.004950 -0.258740
v 0.008402 0.005843 -0.258312
v 0.008629 0.006691 -0.257814
v 0.008886 0.007488 -0.257251
v 0.009170 0.008228 -0.256626
v 0.009481 0.008906 -0.255946
v 0.009814 0.009516 -0.255214
v 0.010169 0.010053 -0.254436
v 0.010542 0.010514 -0.253619
v 0.010929 0.010895 -0.252769
v 0.011330 0.011193 -0.251891
v 0.011739 0.011406 -0.250994
v 0.012155 0.011532 -0.250083
v 0.012573 0.011570 -0.249165
v 0.012992 0.011520 -0.248248
v 0.013407 0.011383 -0.247338
v 0.013815 0.011159 -0.246442
v 0.014214 0.010849 -0.245568
v 0.014600 0.010458 -0.244722
v 0.014970 0.009987 -0.243910
v 0.015322 0.009439 -0.243138
v 0.015653 0.008820 -0.242413
v 0.015960 0.008134 -0.241739
v 0.016241 0.007386 -0.241123
v 0.016494 0.006582 -0.240568
v 0.016717 0.005727 -0.240079
v 0.016909 0.004829 -0.239659
v 0.017067 0.003895 -0.239313
v 0.017190 0.002930 -0.239042
v 0.017279 0.001943 -0.238848
v 0.017331 0.000942 -0.238733
v 0.017347 -0.000067 -0.238699
v 0.017326 -0.001075 -0.238744
v 0.017269 -0.002075 -0.238869
v 0.017176 -0.003059 -0.239073
v 0.017048 -0.004020 -0.239354
v 0.016885 -0.004950 -0.239711
v 0.016690 -0.005843 -0.240139
v 0.016463 -0.006691 -0.240637
v 0.016206 -0.007488 -0.241200
v 0.015921 -0.008228 -0.241825
v 0.016150 -0.007947 -0.243626
v 0.015852 -0.008491 -0.244279
v 0.015536 -0.008971 -0.244972
v 0.015204 -0.009382 -0.245701
v 0.014857 -0.009722 -0.246460
v 0.014500 -0.009988 -0.247243
v 0.014135 -0.010178 -0.248044
v 0.013764 -0.010290 -0.248857
v 0.013391 -0.010324 -0.249676
v 0.013017 -0.010280 -0.250495
v 0.012647 -0.010157 -0.251307
v 0.012283 -0.009957 -0.252106
v 0.011927 -0.009681 -0.252886
v 0.011582 -0.009332 -0.253641
v 0.011252 -0.008911 -0.254366
v 0.010938 -0.008423 -0.255054
v 0.010643 -0.007871 -0.255702
v 0.010369 -0.007258 -0.256303
v 0.010118 -0.006591 -0.256853
v 0.009892 -0.005873 -0.257348
v 0.009693 -0.005111 -0.257784
v 0.009522 -0.004309 -0.258158
v 0.009381 -0.003475 -0.258468
v 0.009271 -0.002615 -0.258709
v 0.009192 -0.001734 -0.258882
v 0.009145 -0.000841 -0.258985
v 0.009131 0.000059 -0.259016
v 0.009150 0.000959 -0.258975
v 0.009201 0.001851 -0.258863
v 0.009284 0.002730 -0.258681
v 0.009398 0.003587 -0.258431
v 0.009543 0.004417 -0.258113
v 0.009717 0.005214 -0.257730
v 0.009920 0.005970 -0.257286
v 0.010149 0.006682 -0.256783
v 0.010403 0.007342 -0.256226
v 0.010680 0.007947 -0.255619
v 0.010978 0.008491 -0.254966
v 0.011295 0.008971 -0.254272
v 0.011627 0.009382 -0.253543
v 0.011973 0.009722 -0.252784
v 0.012330 0.009988 -0.252001
v 0.012696 0.010178 -0.251200
v 0.013067 0.010290 -0.250387
v 0.013440 0.010324 -0.249568
v 0.013813 0.010280 -0.248750
v 0.014184 0.010157 -0.247938
v 0.014548 0.009957 -0.247139
v 0.014904 0.009681 -0.246359
v 0.015248 0.009332 -0.245603
v 0.015579 0.008911 -0.244879
v 0.015893 0.008423 -0.244190
v 0.016188 0.007871 -0.243543
v 0.016462 0.007258 -0.242942
v 0.016713 0.006591 -0.242392
v 0.016939 0.005873 -0.241897
v 0.017138 0.005111 -0.241460
v 0.017309 0.004309 -0.241086
v 0.017450 0.003475 -0.240777
v 0.017560 0.002615 -0.240535
v 0.017639 0.001734 -0.240362
v 0.017685 0.000841 -0.240260
v 0.017699 -0.000059 -0.240229
v 0.017681 -0.000959 -0.240269
v 0.017630 -0.001851 -0.240381
v 0.017547 -0.002730 -0.240563
v 0.017433 -0.003587 -0.240814
v 0.017288 -0.004417 -0.241132
v 0.017113 -0.005214 -0.241514
v 0.016911 -0.005970 -0.241959
v 0.016681 -0.006682 -0.242461
v 0.016427 -0.007342 -0.243018
v 0.016567 -0.006928 -0.244745
v 0.016307 -0.007402 -0.245314
v 0.016032 -0.007820 -0.245919
v 0.015742 -0.008179 -0.246554
v 0.015440 -0.008475 -0.247216
v 0.015129 -0.008707 -0.247899
v 0.014810 -0.008872 -0.248597
v 0.014487 -0.008970 -0.249306
v 0.014161 -0.009000 -0.250019
v 0.013836 -0.008961 -0.250733
v 0.013513 -0.008854 -0.251441
v 0.013196 -0.008680 -0.252137
v 0.012885 -0.008439 -0.252817
v 0.012585 -0.008135 -0.253476
v 0.012297 -0.007768 -0.254107
v 0.012023 -0.007343 -0.254708
v 0.011766 -0.006861 -0.255272
v 0.011527 -0.006327 -0.255796
v 0.011308 -0.005745 -0.256275
v 0.011111 -0.005120 -0.256707
v 0.010938 -0.004455 -0.257087
v 0.010789 -0.003757 -0.257413
v 0.010666 -0.003029 -0.257683
v 0.010570 -0.002279 -0.257894
v 0.010501 -0.001512 -0.258045
v 0.010461 -0.000733 -0.258134
v 0.010448 0.000052 -0.258161
v 0.010464 0.000836 -0.258125
v 0.010509 0.001614 -0.258028
v 0.010581 0.002379 -0.257869
v 0.010681 0.003127 -0.257651
v 0.010807 0.003850 -0.257374
v 0.010959 0.004545 -0.257040
v 0.011136 0.005205 -0.256653
v 0.011336 0.005825 -0.256215
v 0.011557 0.006401 -0.255729
v 0.011799 0.006928 -0.255200
v 0.012059 0.007402 -0.254630
v 0.012334 0.007820 -0.254026
v 0.012624 0.008179 -0.253390
v 0.012926 0.008475 -0.252729
v 0.013237 0.008707 -0.252046
v 0.013556 0.008872 -0.251348
v 0.013879 0.008970 -0.250639
v 0.014204 0.009000 -0.249925
v 0.014530 0.008961 -0.249212
v 0.014853 0.008854 -0.248504
v 0.015170 0.008680 -0.247807
v 0.015481 0.008439 -0.247127
v 0.015781 0.008135 -0.246469
v 0.016069 0.007768 -0.245837
v 0.016343 0.007343 -0.245237
v 0.016600 0.006861 -0.244673
v 0.016839 0.006327 -0.244149
v 0.017058 0.005745 -0.243669
v 0.017255 0.005120 -0.243238
v 0.017428 0.004455 -0.242857
v 0.017577 0.003757 -0.242531
v 0.017700 0.003029 -0.242262
v 0.017796 0.002279 -0.242051
v 0.017865 0.001512 -0.241900
v 0.017905 0.000733 -0.241811
v 0.017918 -0.000052 -0.241784
v 0.017901 -0.000836 -0.241819
v 0.017857 -0.001614 -0.241916
v 0.017785 -0.002379 -0.242075
v 0.017685 -0.003127 -0.242294
v 0.017559 -0.003850 -0.242571
v 0.017406 -0.004545 -0.242905
v 0.017230 -0.005205 -0.243292
v 0.017030 -0.005825 -0.243730
v 0.016809 -0.006400 -0.244216
v 0.016858 -0.005855 -0.245855
v 0.016638 -0.006256 -0.246336
v 0.016405 -0.006610 -0.246847
v 0.016160 -0.006913 -0.247384
v 0.015905 -0.007163 -0.247943
v 0.015642 -0.007359 -0.248520
v 0.015373 -0.007499 -0.249111
v 0.015100 -0.007582 -0.249710
v 0.014825 -0.007607 -0.250313
v 0.014549 -0.007574 -0.250916
v 0.014277 -0.007484 -0.251514
v 0.014008 -0.007336 -0.252103
v 0.013746 -0.007133 -0.252678
v 0.013492 -0.006876 -0.253234
v 0.013249 -0.006566 -0.253768
v 0.013017 -0.006206 -0.254276
v 0.012800 -0.005799 -0.254753
v 0.012598 -0.005348 -0.255195
v 0.012413 -0.004856 -0.255601
v 0.012247 -0.004327 -0.255966
v 0.012100 -0.003766 -0.256287
v 0.011974 -0.003175 -0.256563
v 0.011870 -0.002561 -0.256791
v 0.011789 -0.001927 -0.256969
v 0.011731 -0.001278 -0.257096
v 0.011697 -0.000619 -0.257171
v 0.011686 0.000044 -0.257194
v 0.011700 0.000707 -0.257165
v 0.011737 0.001364 -0.257082
v 0.011798 0.002011 -0.256948
v 0.011883 0.002643 -0.256763
v 0.011990 0.003255 -0.256529
v 0.012118 0.003841 -0.256247
v 0.012267 0.004399 -0.255920
v 0.012436 0.004923 -0.255549
v 0.012623 0.005410 -0.255139
v 0.012828 0.005855 -0.254691
v 0.013047 0.006256 -0.254210
v 0.013280 0.006610 -0.253699
v 0.013525 0.006913 -0.253162
v 0.013780 0.007163 -0.252603
v 0.014043 0.007359 -0.252026
v 0.014312 0.007499 -0.251436
v 0.014586 0.007582 -0.250837
v 0.014861 0.007607 -0.250233
v 0.015136 0.007574 -0.249630
v 0.015409 0.007484 -0.249032
v 0.015677 0.007336 -0.248443
v 0.015939 0.007133 -0.247869
v 0.016193 0.006876 -0.247312
v 0.016437 0.006566 -0.246778
v 0.016668 0.006206 -0.246271
v 0.016886 0.005799 -0.245794
v 0.017088 0.005348 -0.245351
v 0.017272 0.004856 -0.244946
v 0.017439 0.004327 -0.244581
v 0.017585 0.003766 -0.244259
v 0.017711 0.003175 -0.243984
v 0.017815 0.002561 -0.243756
v 0.017896 0.001927 -0.243578
v 0.017955 0.001278 -0.243450
v 0.017989 0.000619 -0.243375
v 0.017999 -0.000044 -0.243352
v 0.017986 -0.000707 -0.243382
v 0.017948 -0.001364 -0.243464
v 0.017887 -0.002011 -0.243598
v 0.017803 -0.002643 -0.243783
v 0.017696 -0.003255 -0.244017
v 0.017567 -0.003841 -0.244299
v 0.017418 -0.004399 -0.244627
v 0.017249 -0.004923 -0.244997
v 0.017062 -0.005410 -0.245407
v 0.017020 -0.004739 -0.246947
v 0.016843 -0.005063 -0.247336
v 0.016654 -0.005349 -0.247750
v 0.016456 -0.005594 -0.248185
v 0.016249 -0.005797 -0.248637
v 0.016036 -0.005956 -0.249104
v 0.015819 -0.006069 -0.249582
v 0.015597 -0.006136 -0.250066
v 0.015375 -0.006156 -0.250555
v 0.015152 -0.006130 -0.251043
v 0.014931 -0.006057 -0.251527
v 0.014714 -0.005937 -0.252003
v 0.014502 -0.005773 -0.252469
v 0.014296 -0.005564 -0.252919
v 0.014099 -0.005314 -0.253351
v 0.013912 -0.005023 -0.253762
v 0.013736 -0.004693 -0.254148
v 0.013573 -0.004328 -0.254506
v 0.013423 -0.003930 -0.254834
v 0.013288 -0.003502 -0.255129
v 0.013170 -0.003047 -0.255389
v 0.013068 -0.002570 -0.255613
v 0.012984 -0.002072 -0.255797
v 0.012918 -0.001559 -0.255941
v 0.012871 -0.001034 -0.256044
v 0.012843 -0.000501 -0.256105
v 0.012835 0.000035 -0.256124
v 0.012846 0.000572 -0.256100
v 0.012876 0.001104 -0.256033
v 0.012926 0.001628 -0.255925
v 0.012994 0.002139 -0.255775
v 0.013080 0.002634 -0.255585
v 0.013184 0.003109 -0.255357
v 0.013305 0.003560 -0.255092
v 0.013442 0.003984 -0.254793
v 0.013593 0.004378 -0.254460
v 0.013759 0.004739 -0.254098
v 0.013936 0.005063 -0.253709
v 0.014125 0.005349 -0.253295
v 0.014323 0.005594 -0.252860
v 0.014530 0.005797 -0.252408
v 0.014742 0.005956 -0.251941
v 0.014960 0.006069 -0.251463
v 0.015181 0.006136 -0.250979
v 0.015404 0.006156 -0.250490
v 0.015627 0.006130 -0.250002
v 0.015848 0.006057 -0.249518
v 0.016065 0.005937 -0.249042
v 0.016277 0.005773 -0.248577
v 0.016482 0.005564 -0.248126
v 0.016679 0.005314 -0.247694
v 0.016867 0.005023 -0.247283
v 0.017043 0.004693 -0.246897
v 0.017206 0.004328 -0.246539
v 0.017356 0.003930 -0.246211
v 0.017490 0.003502 -0.245916
v 0.017609 0.003047 -0.245656
v 0.017711 0.002570 -0.245432
v 0.017795 0.002072 -0.245248
v 0.017861 0.001559 -0.245104
v 0.017908 0.001034 -0.245001
v 0.017936 0.000501 -0.244940
v 0.017944 -0.000035 -0.244921
v 0.017933 -0.000572 -0.244945
v 0.017903 -0.001104 -0.245012
v 0.017853 -0.001628 -0.245121
v 0.017785 -0.002139 -0.245270
v 0.017698 -0.002634 -0.245460
v 0.017594 -0.003109 -0.245688
v 0.017474 -0.003560 -0.245953
v 0.017337 -0.003984 -0.246253
v 0.017185 -0.004378 -0.246585
v 0.017053 -0.003586 -0.248013
v 0.016919 -0.003832 -0.248307
v 0.016776 -0.004048 -0.248620
v 0.016626 -0.004234 -0.248949
v 0.016470 -0.004387 -0.249292
v 0.016309 -0.004507 -0.249645
v 0.016144 -0.004593 -0.250006
v 0.015976 -0.004643 -0.250373
v 0.015808 -0.004659 -0.250743
v 0.015639 -0.004639 -0.251112
v 0.015472 -0.004583 -0.251479
v 0.015308 -0.004493 -0.251839
v 0.015147 -0.004369 -0.252191
v 0.014992 -0.004211 -0.252532
v 0.014843 -0.004021 -0.252859
v 0.014701 -0.003801 -0.253170
v 0.014568 -0.003551 -0.253462
v 0.014444 -0.003275 -0.253733
v 0.014331 -0.002974 -0.253981
v 0.014229 -0.002650 -0.254205
v 0.014139 -0.002306 -0.254401
v 0.014062 -0.001945 -0.254570
v 0.013999 -0.001568 -0.254710
v 0.013949 -0.001180 -0.254819
v 0.013913 -0.000783 -0.254897
v 0.013892 -0.000379 -0.254943
v 0.013886 0.000027 -0.254957
v 0.013894 0.000433 -0.254939
v 0.013917 0.000835 -0.254888
v 0.013955 0.001232 -0.254806
v 0.014006 0.001619 -0.254693
v 0.014072 0.001993 -0.254550
v 0.014150 0.002353 -0.254377
v 0.014242 0.002694 -0.254177
v 0.014345 0.003015 -0.253950
v 0.014460 0.003313 -0.253698
v 0.014585 0.003586 -0.253424
v 0.014719 0.003832 -0.253130
v 0.014862 0.004048 -0.252817
v 0.015012 0.004234 -0.252488
v 0.015168 0.004387 -0.252145
v 0.015329 0.004507 -0.251792
v 0.015494 0.004593 -0.251430
v 0.015662 0.004643 -0.251064
v 0.015830 0.004659 -0.250694
v 0.015999 0.004639 -0.250325
v 0.016166 0.004583 -0.249958
v 0.016330 0.004493 -0.249598
v 0.016491 0.004369 -0.249246
v 0.016646 0.004211 -0.248905
v 0.016795 0.004021 -0.248578
v 0.016937 0.003801 -0.248267
v 0.017070 0.003552 -0.247975
v 0.017194 0.003275 -0.247704
v 0.017307 0.002974 -0.247456
v 0.017409 0.002650 -0.247232
v 0.017499 0.002306 -0.247036
v 0.017576 0.001945 -0.246867
v 0.017639 0.001568 -0.246727
v 0.017689 0.001180 -0.246618
v 0.017725 0.000783 -0.246540
v 0.017746 0.000379 -0.246494
v 0.017752 -0.000027 -0.246480
v 0.017744 -0.000433 -0.246498
v 0.017721 -0.000835 -0.246548
v 0.017683 -0.001232 -0.246631
v 0.017632 -0.001619 -0.246744
v 0.017566 -0.001993 -0.246887
v 0.017488 -0.002353 -0.247060
v 0.017396 -0.002694 -0.247260
v 0.017293 -0.003015 -0.247487
v 0.017178 -0.003313 -0.247739
v 0.016956 -0.002406 -0.249044
v 0.016866 -0.002571 -0.249242
v 0.016770 -0.002716 -0.249452
v 0.016670 -0.002840 -0.249673
v 0.016565 -0.002943 -0.249902
v 0.016457 -0.003024 -0.250139
v 0.016346 -0.003081 -0.250382
v 0.016234 -0.003115 -0.250628
v 0.016121 -0.003126 -0.250876
v 0.016008 -0.003112 -0.251124
v 0.015896 -0.003075 -0.251369
v 0.015785 -0.003014 -0.251611
v 0.015678 -0.002931 -0.251848
v 0.015573 -0.002825 -0.252076
v 0.015473 -0.002698 -0.252296
v 0.015378 -0.002550 -0.252504
v 0.015289 -0.002383 -0.252700
v 0.015206 -0.002197 -0.252882
v 0.015130 -0.001995 -0.253049
v 0.015062 -0.001778 -0.253198
v 0.015001 -0.001547 -0.253331
v 0.014950 -0.001305 -0.253444
v 0.014907 -0.001052 -0.253537
v 0.014874 -0.000792 -0.253611
v 0.014850 -0.000525 -0.253663
v 0.014836 -0.000254 -0.253694
v 0.014831 0.000018 -0.253703
v 0.014837 0.000290 -0.253691
v 0.014852 0.000560 -0.253657
v 0.014877 0.000826 -0.253602
v 0.014912 0.001086 -0.253526
v 0.014956 0.001337 -0.253430
v 0.015009 0.001578 -0.253314
v 0.015070 0.001808 -0.253180
v 0.015140 0.002023 -0.253027
v 0.015216 0.002223 -0.252859
v 0.015300 0.002406 -0.252675
v 0.015390 0.002571 -0.252477
v 0.015486 0.002716 -0.252267
v 0.015587 0.002840 -0.252047
v 0.015692 0.002943 -0.251817
v 0.015800 0.003024 -0.251580
v 0.015910 0.003081 -0.251337
v 0.016023 0.003115 -0.251091
v 0.016136 0.003126 -0.250843
v 0.016249 0.003112 -0.250595
v 0.016361 0.003075 -0.250350
v 0.016471 0.003014 -0.250108
v 0.016579 0.002931 -0.249871
v 0.016683 0.002825 -0.249643
v 0.016783 0.002698 -0.249423
v 0.016878 0.002550 -0.249215
v 0.016968 0.002383 -0.249019
v 0.017051 0.002197 -0.248837
v 0.017127 0.001995 -0.248671
v 0.017195 0.001778 -0.248521
v 0.017255 0.001547 -0.248389
v 0.017307 0.001305 -0.248275
v 0.017350 0.001052 -0.248182
v 0.017383 0.000792 -0.248108
v 0.017407 0.000525 -0.248056
v 0.017421 0.000254 -0.248025
v 0.017425 -0.000018 -0.248016
v 0.017420 -0.000290 -0.248028
v 0.017404 -0.000560 -0.248062
v 0.017379 -0.000826 -0.248117
v 0.017345 -0.001086 -0.248193
v 0.017301 -0.001337 -0.248289
v 0.017248 -0.001578 -0.248405
v 0.017186 -0.001808 -0.248539
v 0.017117 -0.002023 -0.248692
v 0.017040 -0.002223 -0.248860
v -0.010320 0.001860 -0.263974
v -0.010166 0.001933 -0.264045
v -0.009544 0.000000 -0.264430
v -0.010469 0.001772 -0.263906
v -0.010609 0.001670 -0.263842
v -0.010741 0.001554 -0.263782
v -0.010863 0.001426 -0.263726
v -0.010974 0.001287 -0.263676
v -0.011073 0.001137 -0.263631
v -0.011159 0.000978 -0.263591
v -0.011233 0.000811 -0.263558
v -0.011292 0.000638 -0.263531
v -0.011337 0.000459 -0.263510
v -0.011367 0.000277 -0.263497
v -0.011382 0.000093 -0.263490
v -0.011382 -0.000093 -0.263490
v -0.011367 -0.000277 -0.263497
v -0.011337 -0.000459 -0.263510
v -0.011292 -0.000638 -0.263531
v -0.011233 -0.000811 -0.263558
v -0.011159 -0.000978 -0.263591
v -0.011073 -0.001137 -0.263631
v -0.010974 -0.001287 -0.263676
v -0.010863 -0.001426 -0.263726
v -0.010741 -0.001554 -0.263782
v -0.010609 -0.001670 -0.263842
v -0.010469 -0.001772 -0.263906
v -0.010320 -0.001860 -0.263974
v -0.010166 -0.001933 -0.264045
v -0.010005 -0.001990 -0.264118
v -0.009841 -0.002031 -0.264193
v -0.009674 -0.002056 -0.264269
v -0.009467 -0.002912 -0.264262
v -0.008860 -0.008549 -0.262931
v -0.008597 -0.009990 -0.262353
v -0.009412 -0.009950 -0.261981
v -0.008417 -0.015086 -0.258688
v -0.007946 -0.016573 -0.257332
v -0.009292 -0.016372 -0.256718
v -0.003964 -0.020922 -0.252195
v -0.003739 -0.021162 -0.251702
v -0.005465 -0.021076 -0.250914
v -0.000453 -0.022974 -0.244497
v -0.000411 -0.022979 -0.244405
v -0.002285 -0.022886 -0.243550
v -0.000886 -0.016263 -0.227264
v 0.000234 -0.016800 -0.227796
v 0.000687 -0.016263 -0.227255
v -0.005691 -0.016263 -0.228268
v -0.003664 -0.016450 -0.227852
v -0.003521 -0.016263 -0.227626
v -0.012886 -0.016263 -0.233581
v -0.013218 -0.016263 -0.234028
v -0.012340 -0.017159 -0.234432
v -0.011384 0.016263 -0.231889
v -0.010115 0.016461 -0.231025
v -0.011273 0.016878 -0.232685
v -0.007751 0.016263 -0.229206
v -0.006274 0.016364 -0.228609
v -0.007527 0.017093 -0.230081
v -0.005691 0.016263 -0.228268
v -0.003664 0.016450 -0.227852
v -0.004896 0.017364 -0.229237
v 0.003940 0.016263 -0.227725
v 0.003921 0.016314 -0.227772
v 0.003836 0.016263 -0.227699
v 0.006339 0.016091 -0.228342
v 0.006498 0.016015 -0.228328
v 0.006615 0.016580 -0.229000
v 0.006175 0.016152 -0.228338
v 0.005606 0.016257 -0.228230
v 0.005807 0.016235 -0.228282
v 0.005992 0.016201 -0.228318
v 0.005262 0.016513 -0.228384
v 0.005407 0.016263 -0.228165
v 0.005389 0.016263 -0.228159
v 0.006638 0.015929 -0.228298
v 0.006767 0.015830 -0.228251
v 0.006880 0.015719 -0.228187
v 0.006974 0.015600 -0.228109
v 0.007054 0.015468 -0.228012
v 0.007114 0.015332 -0.227905
v 0.003225 0.016263 -0.227563
v 0.003055 0.017656 -0.229083
v 0.002381 0.016263 -0.227416
v 0.000687 0.016263 -0.227255
v 0.000234 0.016800 -0.227796
v -0.000886 0.016263 -0.227264
v -0.000848 0.017941 -0.229137
v -0.001216 0.016263 -0.227286
v -0.003521 0.016263 -0.227626
v -0.001282 0.016263 -0.227291
v -0.002287 0.017265 -0.228481
v -0.008720 0.017684 -0.231661
v -0.009661 0.016263 -0.230421
v -0.008485 0.016263 -0.229629
v -0.012340 0.017159 -0.234432
v -0.012886 0.016263 -0.233581
v -0.011883 0.016263 -0.232400
v -0.014364 0.016235 -0.235817
v -0.014247 0.016257 -0.235646
v -0.013307 0.017302 -0.236252
v -0.014139 0.016263 -0.235466
v -0.013218 0.016263 -0.234029
v -0.014856 0.016015 -0.236305
v -0.014166 0.017305 -0.238131
v -0.014982 0.015929 -0.236375
v -0.015522 0.015880 -0.237513
v -0.015109 0.015830 -0.236423
v -0.014727 0.016091 -0.236211
v -0.014605 0.016152 -0.236100
v -0.014481 0.016201 -0.235965
v -0.015483 0.015468 -0.236431
v -0.015359 0.015600 -0.236451
v -0.015236 0.015719 -0.236448
v -0.018821 0.010889 -0.236008
v -0.017465 0.012671 -0.235538
v -0.017859 0.012659 -0.236447
v -0.017261 0.013004 -0.235631
v -0.016757 0.014327 -0.236950
v -0.016361 0.014340 -0.236042
v -0.015598 0.015332 -0.236390
v -0.019635 0.009031 -0.235637
v -0.018639 0.010456 -0.235003
v -0.018428 0.010899 -0.235099
v -0.020794 0.005113 -0.235108
v -0.019902 0.007107 -0.234427
v -0.020295 0.007101 -0.235336
v -0.019707 0.007735 -0.234516
v -0.019242 0.009040 -0.234728
v -0.021129 0.003085 -0.234956
v -0.020449 0.004883 -0.234177
v -0.020402 0.005118 -0.234199
v -0.021297 0.001031 -0.234879
v -0.020851 0.001953 -0.233994
v -0.020737 0.003087 -0.234046
v -0.020614 -0.003959 -0.234102
v -0.020737 -0.003087 -0.234046
v -0.021129 -0.003084 -0.234956
v -0.020905 -0.001032 -0.233969
v -0.021297 -0.001031 -0.234879
v -0.020906 -0.001011 -0.233969
v -0.020905 0.001032 -0.233969
v -0.020402 -0.005118 -0.234199
v -0.020794 -0.005113 -0.235108
v -0.019980 -0.006839 -0.234391
v -0.020295 -0.007101 -0.235336
v -0.019902 -0.007107 -0.234427
v -0.019635 -0.009031 -0.235637
v -0.019242 -0.009040 -0.234728
v -0.016757 -0.014327 -0.236950
v -0.017465 -0.012671 -0.235538
v -0.017859 -0.012659 -0.236447
v -0.017731 -0.012215 -0.235417
v -0.018821 -0.010889 -0.236008
v -0.018428 -0.010899 -0.235099
v -0.019013 -0.009608 -0.234832
v -0.015109 -0.015830 -0.236423
v -0.015236 -0.015719 -0.236449
v -0.015522 -0.015880 -0.237513
v -0.015359 -0.015600 -0.236451
v -0.015483 -0.015468 -0.236431
v -0.015598 -0.015332 -0.236390
v -0.016361 -0.014340 -0.236042
v -0.014480 -0.016201 -0.235965
v -0.014605 -0.016152 -0.236100
v -0.014166 -0.017305 -0.238131
v -0.013307 -0.017302 -0.236252
v -0.014364 -0.016235 -0.235817
v -0.014727 -0.016091 -0.236211
v -0.014856 -0.016015 -0.236305
v -0.014981 -0.015929 -0.236375
v -0.014139 -0.016263 -0.235466
v -0.014247 -0.016257 -0.235646
v -0.011384 -0.016263 -0.231889
v -0.011883 -0.016263 -0.232400
v -0.011273 -0.016878 -0.232685
v -0.007751 -0.016263 -0.229206
v -0.008485 -0.016263 -0.229629
v -0.007527 -0.017093 -0.230081
v -0.009661 -0.016263 -0.230421
v -0.001283 -0.016263 -0.227291
v -0.002287 -0.017265 -0.228481
v -0.001216 -0.016263 -0.227286
v 0.000981 -0.016263 -0.227270
v 0.001627 -0.017297 -0.228432
v 0.002381 -0.016263 -0.227416
v 0.003225 -0.016263 -0.227563
v 0.003055 -0.017656 -0.229083
v 0.003836 -0.016263 -0.227699
v 0.005407 -0.016263 -0.228165
v 0.005389 -0.016263 -0.228159
v 0.005262 -0.016513 -0.228384
v 0.003940 -0.016263 -0.227725
v 0.003921 -0.016314 -0.227772
v 0.006974 -0.015600 -0.228109
v 0.006615 -0.016580 -0.229000
v 0.007054 -0.015468 -0.228012
v 0.007114 -0.015332 -0.227905
v 0.006879 -0.015719 -0.228187
v 0.006767 -0.015830 -0.228251
v 0.006639 -0.015929 -0.228298
v 0.006498 -0.016015 -0.228328
v 0.006340 -0.016091 -0.228342
v 0.006175 -0.016152 -0.228338
v 0.005992 -0.016201 -0.228318
v 0.005807 -0.016235 -0.228282
v 0.005606 -0.016257 -0.228230
v 0.004507 -0.017872 -0.229745
v 0.006251 -0.017380 -0.229797
v 0.006251 0.017380 -0.229797
v 0.004507 0.017872 -0.229745
v -0.000848 -0.017941 -0.229137
v 0.000640 -0.018472 -0.229815
v 0.002165 -0.018855 -0.230511
v 0.003715 -0.019086 -0.231218
v 0.005971 -0.017944 -0.230413
v 0.002894 -0.020146 -0.232790
v 0.004543 -0.020227 -0.233542
v 0.005288 -0.019147 -0.231909
v -0.006274 -0.016364 -0.228609
v -0.004896 -0.017364 -0.229237
v -0.003442 -0.018224 -0.229900
v -0.001923 -0.018937 -0.230593
v -0.000353 -0.019498 -0.231309
v 0.001257 -0.019902 -0.232044
v 0.002049 -0.021043 -0.234448
v 0.003772 -0.021128 -0.235234
v 0.004240 -0.020606 -0.234208
v -0.006088 -0.018137 -0.230737
v -0.004569 -0.019036 -0.231430
v -0.002983 -0.019781 -0.232153
v -0.001342 -0.020367 -0.232902
v 0.000339 -0.020788 -0.233669
v 0.005971 0.017944 -0.230413
v 0.005288 0.019147 -0.231909
v 0.003715 0.019086 -0.231218
v 0.004543 0.020227 -0.233542
v 0.002894 0.020146 -0.232790
v 0.004240 0.020606 -0.234208
v 0.002048 0.021043 -0.234448
v 0.001187 -0.021770 -0.236180
v 0.002970 -0.021858 -0.236993
v 0.003123 -0.021734 -0.236656
v -0.010115 -0.016461 -0.231025
v -0.008720 -0.017684 -0.231661
v -0.007231 -0.018764 -0.232340
v -0.005659 -0.019694 -0.233057
v -0.004018 -0.020465 -0.233805
v -0.002321 -0.021071 -0.234580
v -0.000581 -0.021507 -0.235373
v 0.003772 0.021128 -0.235234
v 0.003123 0.021734 -0.236656
v 0.001187 0.021770 -0.236180
v 0.002970 0.021858 -0.236993
v 0.000316 0.022322 -0.237970
v -0.009842 -0.018132 -0.233337
v -0.008315 -0.019240 -0.234034
v -0.006704 -0.020193 -0.234768
v -0.005022 -0.020983 -0.235536
v -0.003281 -0.021605 -0.236329
v -0.001497 -0.022052 -0.237143
v 0.000316 -0.022322 -0.237970
v 0.002144 -0.022412 -0.238804
v -0.000558 -0.022694 -0.239805
v 0.001300 -0.022786 -0.240653
v 0.001956 -0.022512 -0.239215
v -0.010885 -0.018434 -0.235095
v -0.009333 -0.019560 -0.235803
v -0.007695 -0.020529 -0.236550
v -0.005984 -0.021333 -0.237330
v -0.004215 -0.021964 -0.238137
v -0.002401 -0.022419 -0.238964
v 0.002144 0.022412 -0.238804
v 0.001956 0.022512 -0.239215
v -0.000558 0.022694 -0.239805
v -0.001427 -0.022882 -0.241670
v 0.000446 -0.022975 -0.242525
v 0.000758 -0.022927 -0.241843
v -0.011840 -0.018587 -0.236921
v -0.010275 -0.019723 -0.237635
v -0.008623 -0.020700 -0.238388
v -0.006898 -0.021510 -0.239175
v -0.005115 -0.022147 -0.239988
v -0.003286 -0.022606 -0.240822
v 0.001300 0.022786 -0.240653
v 0.000758 0.022927 -0.241843
v -0.001427 0.022882 -0.241670
v 0.000446 0.022975 -0.242525
v -0.002285 0.022886 -0.243550
v -0.012700 -0.018590 -0.238800
v -0.011134 -0.019726 -0.239514
v -0.009482 -0.020703 -0.240268
v -0.007757 -0.021513 -0.241054
v -0.005973 -0.022151 -0.241868
v -0.004144 -0.022609 -0.242702
v -0.009842 0.018132 -0.233337
v -0.010885 0.018434 -0.235095
v -0.011840 0.018587 -0.236921
v -0.012700 0.018590 -0.238800
v -0.006088 0.018137 -0.230737
v -0.007231 0.018764 -0.232340
v -0.008315 0.019240 -0.234034
v -0.009333 0.019560 -0.235803
v -0.010275 0.019723 -0.237635
v -0.011134 0.019726 -0.239514
v -0.003442 0.018224 -0.229900
v -0.004569 0.019036 -0.231430
v -0.005659 0.019694 -0.233057
v -0.006704 0.020193 -0.234768
v -0.007695 0.020529 -0.236550
v -0.008623 0.020700 -0.238388
v -0.009482 0.020703 -0.240267
v -0.001923 0.018937 -0.230593
v -0.002983 0.019781 -0.232153
v -0.004018 0.020465 -0.233806
v -0.005022 0.020983 -0.235536
v -0.005984 0.021333 -0.237330
v -0.006898 0.021510 -0.239175
v -0.007757 0.021513 -0.241054
v -0.001656 -0.022651 -0.247135
v -0.001265 -0.022797 -0.246277
v -0.003124 -0.022705 -0.245429
v -0.004969 -0.022431 -0.244588
v -0.006783 -0.021976 -0.243761
v -0.008553 -0.021343 -0.242953
v -0.010265 -0.020539 -0.242173
v -0.011903 -0.019570 -0.241425
v -0.013457 -0.018443 -0.240717
v -0.014912 -0.017168 -0.240053
v -0.016257 -0.015754 -0.239440
v -0.017482 -0.014214 -0.238881
v -0.018575 -0.012559 -0.238382
v -0.019530 -0.010803 -0.237947
v -0.020338 -0.008960 -0.237579
v -0.020992 -0.007045 -0.237280
v -0.021487 -0.005073 -0.237055
v -0.021819 -0.003060 -0.236903
v -0.021986 -0.001023 -0.236827
v -0.021986 0.001023 -0.236827
v -0.021819 0.003060 -0.236903
v -0.021487 0.005073 -0.237055
v -0.020992 0.007045 -0.237280
v -0.020338 0.008960 -0.237579
v -0.019530 0.010803 -0.237947
v -0.018575 0.012559 -0.238382
v -0.017481 0.014214 -0.238881
v -0.016257 0.015754 -0.239440
v -0.014912 0.017168 -0.240053
v -0.013457 0.018443 -0.240717
v -0.011903 0.019570 -0.241425
v -0.010264 0.020539 -0.242173
v -0.008553 0.021343 -0.242953
v -0.000411 0.022979 -0.244405
v -0.000453 0.022974 -0.244497
v -0.003124 0.022705 -0.245429
v -0.002833 -0.021963 -0.249715
v -0.002109 -0.022431 -0.248128
v -0.003938 -0.022341 -0.247293
v -0.005753 -0.022071 -0.246466
v -0.007538 -0.021623 -0.245651
v -0.009280 -0.021001 -0.244857
v -0.010964 -0.020210 -0.244089
v -0.012577 -0.019256 -0.243353
v -0.014105 -0.018147 -0.242656
v -0.015537 -0.016893 -0.242003
v -0.016860 -0.015502 -0.241400
v -0.018065 -0.013986 -0.240850
v -0.019142 -0.012357 -0.240359
v -0.020081 -0.010630 -0.239931
v -0.020876 -0.008816 -0.239568
v -0.021519 -0.006932 -0.239275
v -0.022006 -0.004991 -0.239053
v -0.022333 -0.003011 -0.238904
v -0.022497 -0.001006 -0.238829
v -0.022497 0.001006 -0.238829
v -0.022333 0.003011 -0.238904
v -0.022006 0.004991 -0.239053
v -0.021519 0.006932 -0.239275
v -0.020876 0.008816 -0.239568
v -0.020081 0.010630 -0.239931
v -0.019142 0.012357 -0.240359
v -0.018065 0.013986 -0.240850
v -0.016860 0.015502 -0.241400
v -0.015537 0.016893 -0.242003
v -0.014105 0.018147 -0.242656
v -0.012577 0.019256 -0.243353
v -0.010964 0.020210 -0.244089
v -0.009280 0.021001 -0.244857
v -0.001265 0.022797 -0.246277
v -0.001656 0.022651 -0.247135
v -0.003938 0.022341 -0.247293
v -0.002936 -0.021885 -0.249941
v -0.004721 -0.021797 -0.249127
v -0.006491 -0.021533 -0.248319
v -0.008233 -0.021096 -0.247525
v -0.009932 -0.020489 -0.246750
v -0.011575 -0.019718 -0.246000
v -0.013148 -0.018787 -0.245283
v -0.014640 -0.017705 -0.244603
v -0.016036 -0.016481 -0.243966
v -0.017328 -0.015124 -0.243377
v -0.018503 -0.013645 -0.242840
v -0.019554 -0.012056 -0.242362
v -0.020470 -0.010371 -0.241944
v -0.021245 -0.008601 -0.241590
v -0.021873 -0.006763 -0.241304
v -0.022348 -0.004870 -0.241087
v -0.022667 -0.002938 -0.240941
v -0.022827 -0.000982 -0.240868
v -0.022827 0.000982 -0.240868
v -0.022667 0.002938 -0.240941
v -0.022348 0.004870 -0.241087
v -0.021873 0.006763 -0.241304
v -0.021245 0.008601 -0.241590
v -0.020470 0.010371 -0.241944
v -0.019554 0.012056 -0.242362
v -0.018503 0.013645 -0.242840
v -0.017328 0.015124 -0.243377
v -0.016036 0.016481 -0.243966
v -0.014640 0.017705 -0.244603
v -0.013148 0.018787 -0.245283
v -0.011575 0.019718 -0.246000
v -0.009932 0.020489 -0.246750
v -0.002109 0.022432 -0.248128
v -0.002833 0.021963 -0.249715
v -0.004721 0.021797 -0.249127
v -0.002936 0.021885 -0.249941
v -0.005465 0.021076 -0.250914
v -0.007177 -0.020822 -0.250134
v -0.008861 -0.020399 -0.249365
v -0.010504 -0.019812 -0.248616
v -0.012093 -0.019066 -0.247892
v -0.013614 -0.018166 -0.247198
v -0.015056 -0.017120 -0.246540
v -0.016407 -0.015936 -0.245924
v -0.017655 -0.014624 -0.245355
v -0.018792 -0.013194 -0.244836
v -0.019808 -0.011658 -0.244373
v -0.020694 -0.010028 -0.243969
v -0.021443 -0.008317 -0.243627
v -0.022050 -0.006539 -0.243350
v -0.022510 -0.004709 -0.243140
v -0.022818 -0.002841 -0.243000
v -0.022973 -0.000949 -0.242929
v -0.022973 0.000949 -0.242929
v -0.022818 0.002841 -0.243000
v -0.022510 0.004709 -0.243140
v -0.022050 0.006539 -0.243350
v -0.021443 0.008317 -0.243627
v -0.020694 0.010028 -0.243969
v -0.019808 0.011658 -0.244373
v -0.018792 0.013194 -0.244836
v -0.017655 0.014624 -0.245355
v -0.016407 0.015936 -0.245924
v -0.015056 0.017120 -0.246540
v -0.013614 0.018166 -0.247198
v -0.012093 0.019066 -0.247892
v -0.010504 0.019812 -0.248616
v -0.005031 -0.019545 -0.254535
v -0.004512 -0.020268 -0.253396
v -0.006165 -0.020186 -0.252643
v -0.007805 -0.019942 -0.251895
v -0.009418 -0.019537 -0.251159
v -0.010991 -0.018975 -0.250441
v -0.012513 -0.018260 -0.249747
v -0.013970 -0.017399 -0.249083
v -0.015351 -0.016397 -0.248453
v -0.016644 -0.015263 -0.247863
v -0.017840 -0.014006 -0.247318
v -0.018929 -0.012637 -0.246821
v -0.019902 -0.011165 -0.246377
v -0.020750 -0.009604 -0.245990
v -0.021468 -0.007966 -0.245663
v -0.022050 -0.006263 -0.245398
v -0.022490 -0.004510 -0.245197
v -0.022785 -0.002721 -0.245062
v -0.022934 -0.000909 -0.244995
v -0.022934 0.000909 -0.244995
v -0.022785 0.002721 -0.245062
v -0.022490 0.004510 -0.245197
v -0.022050 0.006263 -0.245398
v -0.021468 0.007966 -0.245663
v -0.020750 0.009604 -0.245990
v -0.019902 0.011165 -0.246377
v -0.018929 0.012637 -0.246821
v -0.017840 0.014006 -0.247318
v -0.016644 0.015263 -0.247863
v -0.015351 0.016397 -0.248453
v -0.013970 0.017399 -0.249083
v -0.012513 0.018261 -0.249747
v -0.010991 0.018975 -0.250441
v -0.003739 0.021162 -0.251702
v -0.003964 0.020922 -0.252195
v -0.006165 0.020186 -0.252643
v -0.006815 -0.019133 -0.254297
v -0.005248 -0.019210 -0.255011
v -0.008369 -0.018901 -0.253588
v -0.009898 -0.018518 -0.252891
v -0.011390 -0.017985 -0.252210
v -0.012832 -0.017308 -0.251553
v -0.014213 -0.016491 -0.250923
v -0.015522 -0.015541 -0.250326
v -0.016748 -0.014467 -0.249767
v -0.017882 -0.013275 -0.249250
v -0.018913 -0.011977 -0.248779
v -0.019835 -0.010583 -0.248359
v -0.020640 -0.009103 -0.247992
v -0.021320 -0.007550 -0.247681
v -0.021871 -0.005936 -0.247430
v -0.022288 -0.004275 -0.247240
v -0.022568 -0.002579 -0.247112
v -0.022709 -0.000862 -0.247048
v -0.022709 0.000862 -0.247048
v -0.022568 0.002579 -0.247112
v -0.022288 0.004275 -0.247240
v -0.021871 0.005936 -0.247430
v -0.021320 0.007550 -0.247681
v -0.020640 0.009103 -0.247992
v -0.019835 0.010583 -0.248359
v -0.018913 0.011977 -0.248779
v -0.017882 0.013275 -0.249250
v -0.016748 0.014467 -0.249767
v -0.015522 0.015541 -0.250326
v -0.014213 0.016491 -0.250923
v -0.012832 0.017308 -0.251553
v -0.011390 0.017985 -0.252210
v -0.004512 0.020268 -0.253396
v -0.005031 0.019545 -0.254535
v -0.006815 0.019133 -0.254297
v -0.007411 -0.017925 -0.255864
v -0.006018 -0.017852 -0.256698
v -0.008867 -0.017708 -0.255200
v -0.010299 -0.017349 -0.254547
v -0.011696 -0.016850 -0.253909
v -0.013047 -0.016215 -0.253293
v -0.014341 -0.015450 -0.252703
v -0.015568 -0.014560 -0.252144
v -0.016716 -0.013553 -0.251620
v -0.017778 -0.012437 -0.251136
v -0.018745 -0.011221 -0.250695
v -0.019609 -0.009915 -0.250301
v -0.020362 -0.008528 -0.249957
v -0.021000 -0.007073 -0.249666
v -0.021516 -0.005561 -0.249431
v -0.021907 -0.004005 -0.249253
v -0.022169 -0.002416 -0.249133
v -0.022301 -0.000807 -0.249073
v -0.022301 0.000807 -0.249073
v -0.022169 0.002416 -0.249133
v -0.021907 0.004005 -0.249253
v -0.021516 0.005562 -0.249431
v -0.021000 0.007073 -0.249666
v -0.020362 0.008528 -0.249957
v -0.019609 0.009915 -0.250301
v -0.018745 0.011221 -0.250695
v -0.017778 0.012437 -0.251136
v -0.016716 0.013553 -0.251620
v -0.015568 0.014560 -0.252144
v -0.014341 0.015450 -0.252703
v -0.013047 0.016215 -0.253293
v -0.011696 0.016850 -0.253909
v -0.006907 -0.015873 -0.258648
v -0.006589 -0.016639 -0.257951
v -0.010617 -0.016040 -0.256114
v -0.011909 -0.015578 -0.255524
v -0.013158 -0.014992 -0.254955
v -0.014354 -0.014284 -0.254409
v -0.015488 -0.013462 -0.253892
v -0.016550 -0.012531 -0.253408
v -0.017532 -0.011499 -0.252960
v -0.018425 -0.010375 -0.252552
v -0.019224 -0.009167 -0.252188
v -0.019921 -0.007885 -0.251870
v -0.020510 -0.006540 -0.251601
v -0.020987 -0.005142 -0.251384
v -0.021349 -0.003703 -0.251219
v -0.021591 -0.002234 -0.251108
v -0.021713 -0.000747 -0.251053
v -0.021713 0.000747 -0.251053
v -0.021591 0.002234 -0.251108
v -0.021349 0.003703 -0.251219
v -0.020987 0.005142 -0.251384
v -0.020510 0.006540 -0.251601
v -0.019921 0.007885 -0.251870
v -0.019224 0.009167 -0.252188
v -0.018425 0.010375 -0.252552
v -0.017532 0.011499 -0.252960
v -0.016550 0.012531 -0.253408
v -0.015488 0.013462 -0.253892
v -0.014354 0.014284 -0.254409
v -0.013158 0.014992 -0.254955
v -0.011909 0.015578 -0.255524
v -0.009643 -0.014904 -0.258129
v -0.010848 -0.014601 -0.257579
v -0.012025 -0.014181 -0.257042
v -0.013162 -0.013647 -0.256524
v -0.014251 -0.013003 -0.256027
v -0.015283 -0.012254 -0.255556
v -0.016250 -0.011407 -0.255115
v -0.017143 -0.010468 -0.254708
v -0.017957 -0.009444 -0.254337
v -0.018684 -0.008345 -0.254005
v -0.019318 -0.007178 -0.253716
v -0.019855 -0.005953 -0.253471
v -0.020289 -0.004681 -0.253273
v -0.020618 -0.003371 -0.253123
v -0.020839 -0.002033 -0.253022
v -0.020950 -0.000680 -0.252972
v -0.020950 0.000680 -0.252972
v -0.020839 0.002033 -0.253022
v -0.020618 0.003371 -0.253123
v -0.020289 0.004681 -0.253273
v -0.019855 0.005953 -0.253471
v -0.019318 0.007178 -0.253716
v -0.018684 0.008345 -0.254005
v -0.017957 0.009444 -0.254337
v -0.017143 0.010468 -0.254708
v -0.016250 0.011407 -0.255115
v -0.015283 0.012254 -0.255556
v -0.014251 0.013003 -0.256027
v -0.013162 0.013647 -0.256524
v -0.012025 0.014181 -0.257042
v -0.005248 0.019210 -0.255011
v -0.006018 0.017852 -0.256698
v -0.007411 0.017925 -0.255864
v -0.006589 0.016640 -0.257951
v -0.007946 0.016573 -0.257332
v -0.006907 0.015873 -0.258648
v -0.008417 0.015086 -0.258687
v -0.008821 -0.013478 -0.259921
v -0.007685 -0.013638 -0.260354
v -0.007182 -0.015147 -0.259251
v -0.009916 -0.013315 -0.259422
v -0.010993 -0.013045 -0.258930
v -0.012044 -0.012670 -0.258451
v -0.013059 -0.012193 -0.257988
v -0.014032 -0.011617 -0.257544
v -0.014954 -0.010948 -0.257123
v -0.015818 -0.010191 -0.256729
v -0.016617 -0.009352 -0.256365
v -0.017344 -0.008438 -0.256034
v -0.017993 -0.007455 -0.255738
v -0.018560 -0.006413 -0.255479
v -0.019039 -0.005319 -0.255260
v -0.019427 -0.004182 -0.255083
v -0.019721 -0.003011 -0.254949
v -0.019919 -0.001817 -0.254859
v -0.020018 -0.000607 -0.254814
v -0.020018 0.000607 -0.254814
v -0.019919 0.001817 -0.254859
v -0.019721 0.003011 -0.254949
v -0.019427 0.004182 -0.255083
v -0.019039 0.005319 -0.255260
v -0.018560 0.006413 -0.255479
v -0.017993 0.007455 -0.255738
v -0.017344 0.008438 -0.256034
v -0.016617 0.009352 -0.256365
v -0.015818 0.010191 -0.256729
v -0.014954 0.010948 -0.257123
v -0.014032 0.011617 -0.257544
v -0.013059 0.012193 -0.257988
v -0.012044 0.012670 -0.258451
v -0.009153 -0.011762 -0.261022
v -0.010109 -0.011620 -0.260586
v -0.011048 -0.011384 -0.260157
v -0.011965 -0.011056 -0.259739
v -0.012852 -0.010640 -0.259335
v -0.013701 -0.010138 -0.258948
v -0.014505 -0.009554 -0.258581
v -0.015259 -0.008893 -0.258237
v -0.015956 -0.008161 -0.257919
v -0.016590 -0.007363 -0.257630
v -0.017157 -0.006506 -0.257371
v -0.017652 -0.005596 -0.257146
v -0.018070 -0.004641 -0.256955
v -0.018409 -0.003649 -0.256800
v -0.018665 -0.002628 -0.256683
v -0.018837 -0.001585 -0.256605
v -0.018924 -0.000530 -0.256565
v -0.018924 0.000530 -0.256565
v -0.018837 0.001585 -0.256605
v -0.018665 0.002628 -0.256683
v -0.018409 0.003649 -0.256800
v -0.018070 0.004641 -0.256955
v -0.017652 0.005596 -0.257146
v -0.017157 0.006506 -0.257371
v -0.016590 0.007363 -0.257630
v -0.015956 0.008161 -0.257919
v -0.015259 0.008893 -0.258237
v -0.014506 0.009554 -0.258581
v -0.013701 0.010138 -0.258948
v -0.012852 0.010640 -0.259335
v -0.011965 0.011056 -0.259739
v -0.008340 -0.011183 -0.261790
v -0.008190 -0.011809 -0.261461
v -0.010220 -0.009830 -0.261613
v -0.011015 -0.009630 -0.261250
v -0.011791 -0.009353 -0.260896
v -0.012541 -0.009001 -0.260554
v -0.013259 -0.008576 -0.260227
v -0.013939 -0.008082 -0.259916
v -0.014577 -0.007523 -0.259625
v -0.015167 -0.006904 -0.259356
v -0.015703 -0.006229 -0.259112
v -0.016183 -0.005504 -0.258893
v -0.016601 -0.004734 -0.258702
v -0.016955 -0.003926 -0.258541
v -0.017241 -0.003087 -0.258410
v -0.017458 -0.002223 -0.258311
v -0.017604 -0.001341 -0.258245
v -0.017677 -0.000448 -0.258211
v -0.017677 0.000448 -0.258211
v -0.017604 0.001341 -0.258245
v -0.017458 0.002223 -0.258311
v -0.017241 0.003087 -0.258410
v -0.016955 0.003926 -0.258541
v -0.016601 0.004734 -0.258702
v -0.016183 0.005504 -0.258893
v -0.015703 0.006229 -0.259112
v -0.015167 0.006904 -0.259356
v -0.014577 0.007523 -0.259625
v -0.013939 0.008082 -0.259916
v -0.013259 0.008576 -0.260226
v -0.012541 0.009001 -0.260554
v -0.011791 0.009353 -0.260896
v -0.007182 0.015147 -0.259251
v -0.007685 0.013638 -0.260354
v -0.008821 0.013478 -0.259921
v -0.008190 0.011809 -0.261461
v -0.009153 0.011762 -0.261022
v -0.008340 0.011183 -0.261790
v -0.009412 0.009950 -0.261981
v -0.009594 -0.008058 -0.262792
v -0.008934 -0.008091 -0.263092
v -0.010249 -0.007961 -0.262493
v -0.010892 -0.007799 -0.262199
v -0.011521 -0.007575 -0.261913
v -0.012128 -0.007290 -0.261636
v -0.012710 -0.006946 -0.261370
v -0.013261 -0.006546 -0.261119
v -0.013777 -0.006093 -0.260884
v -0.014255 -0.005591 -0.260666
v -0.014689 -0.005045 -0.260468
v -0.015078 -0.004457 -0.260291
v -0.015416 -0.003834 -0.260136
v -0.015703 -0.003180 -0.260005
v -0.015935 -0.002500 -0.259899
v -0.016111 -0.001800 -0.259819
v -0.016229 -0.001086 -0.259766
v -0.016288 -0.000363 -0.259738
v -0.016288 0.000363 -0.259738
v -0.016229 0.001086 -0.259766
v -0.016111 0.001800 -0.259819
v -0.015935 0.002500 -0.259899
v -0.015703 0.003180 -0.260005
v -0.015416 0.003834 -0.260136
v -0.015078 0.004457 -0.260291
v -0.014689 0.005045 -0.260468
v -0.014255 0.005591 -0.260666
v -0.013777 0.006093 -0.260884
v -0.013261 0.006546 -0.261119
v -0.012710 0.006946 -0.261370
v -0.012128 0.007290 -0.261636
v -0.011521 0.007575 -0.261913
v -0.009699 -0.006101 -0.263446
v -0.009238 -0.005777 -0.263759
v -0.010195 -0.006027 -0.263220
v -0.010682 -0.005905 -0.262998
v -0.011158 -0.005735 -0.262781
v -0.011618 -0.005519 -0.262571
v -0.012058 -0.005259 -0.262370
v -0.012475 -0.004956 -0.262180
v -0.012866 -0.004613 -0.262002
v -0.013228 -0.004233 -0.261837
v -0.013557 -0.003819 -0.261687
v -0.013851 -0.003375 -0.261553
v -0.014107 -0.002903 -0.261436
v -0.014324 -0.002408 -0.261337
v -0.014500 -0.001893 -0.261256
v -0.014633 -0.001363 -0.261196
v -0.014723 -0.000822 -0.261155
v -0.014767 -0.000275 -0.261135
v -0.014767 0.000275 -0.261135
v -0.014723 0.000822 -0.261155
v -0.014633 0.001363 -0.261196
v -0.014500 0.001893 -0.261256
v -0.014324 0.002408 -0.261337
v -0.014107 0.002903 -0.261436
v -0.013851 0.003375 -0.261553
v -0.013557 0.003819 -0.261687
v -0.013228 0.004233 -0.261837
v -0.012866 0.004613 -0.262002
v -0.012475 0.004956 -0.262180
v -0.012058 0.005259 -0.262370
v -0.011618 0.005519 -0.262571
v -0.011158 0.005735 -0.262781
v -0.009390 -0.004112 -0.264093
v -0.009726 -0.004095 -0.263940
v -0.010058 -0.004046 -0.263788
v -0.010386 -0.003963 -0.263639
v -0.010705 -0.003849 -0.263493
v -0.011013 -0.003704 -0.263353
v -0.011309 -0.003530 -0.263218
v -0.011589 -0.003326 -0.263090
v -0.011852 -0.003096 -0.262970
v -0.012094 -0.002841 -0.262860
v -0.012315 -0.002564 -0.262759
v -0.012512 -0.002265 -0.262669
v -0.012685 -0.001948 -0.262590
v -0.012830 -0.001616 -0.262524
v -0.012948 -0.001271 -0.262470
v -0.013038 -0.000915 -0.262430
v -0.013097 -0.000552 -0.262402
v -0.013128 -0.000184 -0.262388
v -0.013128 0.000184 -0.262388
v -0.013097 0.000552 -0.262402
v -0.013038 0.000915 -0.262430
v -0.012948 0.001271 -0.262470
v -0.012830 0.001616 -0.262524
v -0.012685 0.001948 -0.262590
v -0.012512 0.002265 -0.262669
v -0.012315 0.002564 -0.262759
v -0.012094 0.002841 -0.262860
v -0.011852 0.003096 -0.262970
v -0.011589 0.003326 -0.263090
v -0.011309 0.003530 -0.263218
v -0.011014 0.003704 -0.263353
v -0.010705 0.003849 -0.263493
v -0.008597 0.009990 -0.262353
v -0.008860 0.008549 -0.262931
v -0.009594 0.008058 -0.262792
v -0.009199 0.006126 -0.263674
v -0.009699 0.006101 -0.263446
v -0.009238 0.005777 -0.263759
v -0.009726 0.004095 -0.263940
v 0.000981 0.016263 -0.227270
v 0.001627 0.017297 -0.228432
v 0.000640 0.018472 -0.229815
v 0.002165 0.018855 -0.230511
v -0.000353 0.019498 -0.231309
v 0.001257 0.019902 -0.232044
v -0.001342 0.020367 -0.232902
v 0.000339 0.020788 -0.233669
v -0.002321 0.021071 -0.234580
v -0.000581 0.021507 -0.235373
v -0.003281 0.021605 -0.236329
v -0.001497 0.022052 -0.237143
v -0.004215 0.021964 -0.238137
v -0.002401 0.022419 -0.238964
v -0.005115 0.022147 -0.239988
v -0.003286 0.022606 -0.240822
v -0.005973 0.022151 -0.241868
v -0.004144 0.022609 -0.242702
v -0.006783 0.021976 -0.243761
v -0.004969 0.022431 -0.244588
v -0.007538 0.021623 -0.245651
v -0.005753 0.022071 -0.246466
v -0.008233 0.021096 -0.247525
v -0.006491 0.021533 -0.248319
v -0.008861 0.020399 -0.249365
v -0.007177 0.020822 -0.250134
v -0.009418 0.019537 -0.251159
v -0.007805 0.019942 -0.251895
v -0.009898 0.018518 -0.252891
v -0.008369 0.018901 -0.253588
v -0.010299 0.017349 -0.254547
v -0.008867 0.017708 -0.255200
v -0.010617 0.016040 -0.256114
v -0.009292 0.016372 -0.256718
v -0.010848 0.014601 -0.257579
v -0.009643 0.014904 -0.258129
v -0.010993 0.013045 -0.258930
v -0.009916 0.013315 -0.259422
v -0.011048 0.011384 -0.260157
v -0.010109 0.011620 -0.260586
v -0.011015 0.009630 -0.261250
v -0.010220 0.009830 -0.261613
v -0.010893 0.007799 -0.262199
v -0.010249 0.007961 -0.262493
v -0.010682 0.005905 -0.262998
v -0.010195 0.006028 -0.263220
v -0.010386 0.003963 -0.263639
v -0.010058 0.004046 -0.263788
v -0.010005 0.001990 -0.264118
v -0.009841 0.002031 -0.264193
v -0.009674 0.002056 -0.264269
v -0.009390 0.004112 -0.264093
v -0.009467 0.002912 -0.264262
v -0.004391 -0.015332 -0.197107
v -0.003179 -0.013001 -0.196654
v -0.006145 -0.010250 -0.197762
v -0.030635 0.004883 -0.206910
v -0.030927 0.001952 -0.207019
v -0.025349 0.010250 -0.204936
v -0.000859 -0.004883 -0.195787
v -0.000567 -0.001952 -0.195678
v -0.025349 -0.010250 -0.204936
v -0.030967 -0.001011 -0.207034
v -0.030755 -0.003957 -0.206955
v -0.030293 -0.006837 -0.206783
v -0.005974 0.016263 -0.197698
v -0.003984 0.014617 -0.196955
v -0.004391 0.015332 -0.197107
v -0.006145 0.010250 -0.197762
v -0.000526 0.001011 -0.195663
v -0.000739 0.003957 -0.195743
v -0.001200 0.006837 -0.195915
v -0.027510 -0.014617 -0.205743
v -0.028657 -0.012212 -0.206171
v -0.029590 -0.009604 -0.206520
v -0.002837 0.012212 -0.196526
v -0.001904 0.009604 -0.196178
v -0.004580 -0.015600 -0.197177
v -0.028315 0.013001 -0.206043
v -0.029318 0.010453 -0.206418
v -0.030095 0.007732 -0.206709
v -0.005070 0.016015 -0.197361
v -0.005661 0.016235 -0.197581
v -0.005357 0.016152 -0.197468
v -0.002176 -0.010453 -0.196279
v -0.001398 -0.007732 -0.195989
v -0.027103 -0.015332 -0.205591
v -0.025520 -0.016263 -0.204999
v -0.026914 -0.015600 -0.205520
v -0.004580 0.015600 -0.197177
v -0.004809 0.015830 -0.197263
v -0.025520 0.016263 -0.204999
v -0.025833 0.016235 -0.205116
v -0.026137 -0.016152 -0.205230
v -0.025833 -0.016235 -0.205116
v -0.026423 -0.016015 -0.205337
v -0.026685 -0.015830 -0.205435
v -0.005661 -0.016235 -0.197581
v -0.005357 -0.016152 -0.197468
v -0.026137 0.016152 -0.205230
v -0.026423 0.016015 -0.205337
v -0.026685 0.015830 -0.205435
v -0.026914 0.015600 -0.205520
v -0.027103 0.015332 -0.205591
v -0.005974 -0.016263 -0.197698
v -0.005070 -0.016015 -0.197361
v -0.004809 -0.015830 -0.197263
v 0.017015 0.000361 -0.249366
v 0.017026 0.000181 -0.249340
v 0.016996 0.000537 -0.249408
v 0.016969 0.000707 -0.249466
v 0.016935 0.000869 -0.249540
v 0.016895 0.001022 -0.249629
v 0.016848 0.001165 -0.249731
v 0.016796 0.001295 -0.249847
v 0.016738 0.001411 -0.249974
v 0.016675 0.001513 -0.250111
v 0.016609 0.001598 -0.250257
v 0.016539 0.001666 -0.250410
v 0.016466 0.001717 -0.250568
v 0.016392 0.001750 -0.250731
v 0.016317 0.001764 -0.250896
v 0.016242 0.001759 -0.251061
v 0.016167 0.001736 -0.251225
v 0.016094 0.001694 -0.251386
v 0.016022 0.001634 -0.251542
v 0.015954 0.001557 -0.251691
v 0.015890 0.001464 -0.251833
v 0.015829 0.001355 -0.251965
v 0.015774 0.001231 -0.252087
v 0.015724 0.001095 -0.252196
v 0.015681 0.000947 -0.252292
v 0.015643 0.000789 -0.252373
v 0.015613 0.000622 -0.252439
v 0.015590 0.000449 -0.252489
v 0.015575 0.000272 -0.252523
v 0.015567 0.000091 -0.252540
v 0.015567 -0.000091 -0.252540
v 0.015575 -0.000272 -0.252523
v 0.015590 -0.000449 -0.252489
v 0.015613 -0.000622 -0.252439
v 0.015643 -0.000789 -0.252373
v 0.015680 -0.000947 -0.252292
v 0.015724 -0.001095 -0.252196
v 0.015774 -0.001231 -0.252087
v 0.015829 -0.001355 -0.251965
v 0.015890 -0.001464 -0.251833
v 0.015954 -0.001557 -0.251691
v 0.016022 -0.001634 -0.251542
v 0.016094 -0.001694 -0.251386
v 0.016167 -0.001736 -0.251225
v 0.016242 -0.001759 -0.251061
v 0.016317 -0.001764 -0.250896
v 0.016392 -0.001750 -0.250731
v 0.016466 -0.001717 -0.250568
v 0.016539 -0.001666 -0.250410
v 0.016609 -0.001598 -0.250257
v 0.016675 -0.001513 -0.250111
v 0.016738 -0.001411 -0.249974
v 0.016796 -0.001295 -0.249847
v 0.016848 -0.001165 -0.249731
v 0.016895 -0.001022 -0.249629
v 0.016935 -0.000869 -0.249540
v 0.016969 -0.000707 -0.249466
v 0.016996 -0.000537 -0.249408
v 0.017015 -0.000361 -0.249366
v 0.017026 -0.000181 -0.249340
v 0.017030 0.000000 -0.249332
v -0.007469 0.000000 -0.259881
v -0.007459 0.000927 -0.259859
v -0.005818 0.000922 -0.260512
v -0.007380 0.002770 -0.259686
v -0.005740 0.002757 -0.260340
v -0.007223 0.004584 -0.259341
v -0.005583 0.004562 -0.259997
v -0.006989 0.006350 -0.258828
v -0.005350 0.006319 -0.259486
v -0.006681 0.008048 -0.258153
v -0.005044 0.008009 -0.258814
v -0.006302 0.009661 -0.257322
v -0.004667 0.009614 -0.257988
v -0.005857 0.011171 -0.256345
v -0.004223 0.011117 -0.257016
v -0.005349 0.012563 -0.255232
v -0.003718 0.012503 -0.255908
v -0.004785 0.013822 -0.253995
v -0.003157 0.013755 -0.254676
v -0.004170 0.014934 -0.252646
v -0.002544 0.014862 -0.253334
v -0.003510 0.015888 -0.251201
v -0.001888 0.015812 -0.251896
v -0.002814 0.016674 -0.249673
v -0.001195 0.016594 -0.250376
v -0.002088 0.017283 -0.248081
v -0.000472 0.017199 -0.248791
v -0.001339 0.017708 -0.246440
v 0.000273 0.017623 -0.247158
v -0.000576 0.017946 -0.244768
v 0.001032 0.017860 -0.245494
v 0.000192 0.017994 -0.243082
v 0.001797 0.017907 -0.243816
v 0.000959 0.017851 -0.241401
v 0.002560 0.017765 -0.242143
v 0.001716 0.017519 -0.239742
v 0.003313 0.017434 -0.240492
v 0.002454 0.017001 -0.238123
v 0.004047 0.016919 -0.238881
v 0.003166 0.016303 -0.236561
v 0.004756 0.016224 -0.237327
v 0.003845 0.015432 -0.235073
v 0.005432 0.015357 -0.235846
v 0.004483 0.014397 -0.233674
v 0.006067 0.014328 -0.234453
v 0.005074 0.013210 -0.232379
v 0.006655 0.013146 -0.233165
v 0.005610 0.011883 -0.231202
v 0.007189 0.011826 -0.231994
v 0.006088 0.010430 -0.230156
v 0.007664 0.010379 -0.230952
v 0.006500 0.008866 -0.229251
v 0.008074 0.008823 -0.230052
v 0.006844 0.007208 -0.228497
v 0.008417 0.007173 -0.229301
v 0.007116 0.005474 -0.227902
v 0.008687 0.005448 -0.228710
v 0.007311 0.003682 -0.227473
v 0.008881 0.003664 -0.228282
v 0.007430 0.001851 -0.227213
v 0.008999 0.001842 -0.228024
v 0.007469 0.000000 -0.227127
v 0.009039 0.000000 -0.227938
v 0.007430 -0.001851 -0.227213
v 0.008999 -0.001842 -0.228024
v 0.007311 -0.003682 -0.227473
v 0.008881 -0.003664 -0.228282
v 0.007116 -0.005474 -0.227902
v 0.008687 -0.005448 -0.228710
v 0.006844 -0.007208 -0.228497
v 0.008417 -0.007173 -0.229301
v 0.006500 -0.008866 -0.229251
v 0.008074 -0.008823 -0.230052
v 0.006088 -0.010430 -0.230156
v 0.007664 -0.010379 -0.230952
v 0.005610 -0.011883 -0.231202
v 0.007189 -0.011826 -0.231994
v 0.005074 -0.013210 -0.232379
v 0.006655 -0.013146 -0.233165
v 0.004483 -0.014397 -0.233674
v 0.006067 -0.014328 -0.234453
v 0.003845 -0.015432 -0.235073
v 0.005432 -0.015357 -0.235846
v 0.003166 -0.016303 -0.236561
v 0.004756 -0.016224 -0.237327
v 0.002454 -0.017001 -0.238123
v 0.004047 -0.016919 -0.238881
v 0.001716 -0.017519 -0.239742
v 0.003313 -0.017434 -0.240492
v 0.000959 -0.017851 -0.241401
v 0.002560 -0.017765 -0.242143
v 0.000192 -0.017994 -0.243082
v 0.001797 -0.017907 -0.243816
v -0.000576 -0.017946 -0.244768
v 0.001032 -0.017860 -0.245494
v -0.001339 -0.017708 -0.246440
v 0.000273 -0.017623 -0.247158
v -0.002088 -0.017283 -0.248081
v -0.000472 -0.017199 -0.248791
v -0.002814 -0.016674 -0.249673
v -0.001195 -0.016594 -0.250376
v -0.003510 -0.015888 -0.251201
v -0.001888 -0.015812 -0.251896
v -0.004170 -0.014934 -0.252646
v -0.002544 -0.014862 -0.253334
v -0.004785 -0.013822 -0.253995
v -0.003157 -0.013755 -0.254676
v -0.005349 -0.012563 -0.255232
v -0.003718 -0.012502 -0.255908
v -0.005857 -0.011171 -0.256345
v -0.004223 -0.011117 -0.257016
v -0.006302 -0.009661 -0.257322
v -0.004667 -0.009614 -0.257988
v -0.006681 -0.008048 -0.258153
v -0.005044 -0.008009 -0.258814
v -0.006989 -0.006350 -0.258828
v -0.005350 -0.006319 -0.259486
v -0.007223 -0.004584 -0.259341
v -0.005583 -0.004562 -0.259997
v -0.007380 -0.002770 -0.259686
v -0.005740 -0.002757 -0.260340
v -0.007459 -0.000927 -0.259859
v -0.005818 -0.000922 -0.260512
v 0.010482 0.001815 -0.228984
v 0.010366 0.003611 -0.229238
v 0.010174 0.005369 -0.229659
v 0.009908 0.007070 -0.230243
v 0.009571 0.008696 -0.230982
v 0.009166 0.010229 -0.231870
v 0.008698 0.011654 -0.232896
v 0.008171 0.012956 -0.234050
v 0.007592 0.014120 -0.235320
v 0.006966 0.015135 -0.236692
v 0.006301 0.015989 -0.238152
v 0.005602 0.016674 -0.239684
v 0.004878 0.017182 -0.241272
v 0.004136 0.017508 -0.242898
v 0.003384 0.017648 -0.244547
v 0.002630 0.017601 -0.246201
v 0.001882 0.017368 -0.247841
v 0.001148 0.016951 -0.249450
v 0.000435 0.016353 -0.251012
v -0.000248 0.015583 -0.252510
v -0.000895 0.014647 -0.253928
v -0.001498 0.013556 -0.255250
v -0.002051 0.012322 -0.256464
v -0.002549 0.010956 -0.257556
v -0.002986 0.009475 -0.258514
v -0.003358 0.007893 -0.259329
v -0.003660 0.006228 -0.259991
v -0.003889 0.004496 -0.260494
v -0.004044 0.002717 -0.260832
v -0.004121 0.000909 -0.261002
v -0.004121 -0.000909 -0.261002
v -0.004044 -0.002717 -0.260832
v -0.003889 -0.004496 -0.260494
v -0.003660 -0.006228 -0.259991
v -0.003358 -0.007893 -0.259328
v -0.002986 -0.009475 -0.258514
v -0.002549 -0.010956 -0.257556
v -0.002051 -0.012322 -0.256464
v -0.001498 -0.013556 -0.255250
v -0.000895 -0.014647 -0.253928
v -0.000248 -0.015583 -0.252510
v 0.000435 -0.016353 -0.251012
v 0.001148 -0.016951 -0.249450
v 0.001882 -0.017368 -0.247841
v 0.002630 -0.017601 -0.246201
v 0.003384 -0.017648 -0.244547
v 0.004136 -0.017508 -0.242898
v 0.004878 -0.017182 -0.241272
v 0.005602 -0.016674 -0.239684
v 0.006301 -0.015989 -0.238152
v 0.006966 -0.015135 -0.236692
v 0.007592 -0.014120 -0.235320
v 0.008171 -0.012956 -0.234050
v 0.008698 -0.011654 -0.232896
v 0.009166 -0.010229 -0.231870
v 0.009571 -0.008695 -0.230982
v 0.009908 -0.007070 -0.230243
v 0.010174 -0.005369 -0.229659
v 0.010366 -0.003611 -0.229238
v 0.010482 -0.001815 -0.228984
v 0.010521 0.000000 -0.228898
v 0.011864 0.001771 -0.230083
v 0.011751 0.003523 -0.230331
v 0.011563 0.005238 -0.230742
v 0.011304 0.006898 -0.231311
v 0.010975 0.008484 -0.232033
v 0.010580 0.009981 -0.232899
v 0.010123 0.011371 -0.233900
v 0.009609 0.012641 -0.235026
v 0.009044 0.013777 -0.236265
v 0.008434 0.014767 -0.237604
v 0.007784 0.015601 -0.239028
v 0.007102 0.016269 -0.240523
v 0.006396 0.016764 -0.242072
v 0.005672 0.017082 -0.243660
v 0.004938 0.017219 -0.245268
v 0.004202 0.017174 -0.246881
v 0.003473 0.016946 -0.248482
v 0.002756 0.016539 -0.250052
v 0.002061 0.015956 -0.251576
v 0.001395 0.015204 -0.253037
v 0.000764 0.014291 -0.254421
v 0.000175 0.013227 -0.255711
v -0.000365 0.012022 -0.256895
v -0.000851 0.010690 -0.257961
v -0.001277 0.009245 -0.258895
v -0.001639 0.007701 -0.259690
v -0.001934 0.006076 -0.260336
v -0.002158 0.004387 -0.260827
v -0.002309 0.002651 -0.261157
v -0.002384 0.000887 -0.261323
v -0.002384 -0.000887 -0.261323
v -0.002309 -0.002651 -0.261157
v -0.002158 -0.004387 -0.260827
v -0.001934 -0.006076 -0.260336
v -0.001639 -0.007701 -0.259690
v -0.001277 -0.009245 -0.258895
v -0.000851 -0.010690 -0.257961
v -0.000365 -0.012022 -0.256895
v 0.000175 -0.013227 -0.255711
v 0.000764 -0.014291 -0.254421
v 0.001395 -0.015204 -0.253037
v 0.002061 -0.015956 -0.251576
v 0.002756 -0.016539 -0.250052
v 0.003473 -0.016946 -0.248482
v 0.004202 -0.017174 -0.246881
v 0.004938 -0.017219 -0.245268
v 0.005672 -0.017082 -0.243660
v 0.006396 -0.016764 -0.242072
v 0.007102 -0.016269 -0.240523
v 0.007784 -0.015601 -0.239028
v 0.008434 -0.014767 -0.237604
v 0.009044 -0.013777 -0.236265
v 0.009609 -0.012641 -0.235026
v 0.010123 -0.011371 -0.233900
v 0.010580 -0.009980 -0.232899
v 0.010975 -0.008484 -0.232033
v 0.011304 -0.006898 -0.231311
v 0.011563 -0.005238 -0.230742
v 0.011751 -0.003523 -0.230331
v 0.011864 -0.001771 -0.230083
v 0.011902 0.000000 -0.230000
v 0.013131 0.001710 -0.231312
v 0.013022 0.003402 -0.231552
v 0.012841 0.005057 -0.231948
v 0.012591 0.006659 -0.232498
v 0.012273 0.008191 -0.233194
v 0.011892 0.009636 -0.234030
v 0.011451 0.010978 -0.234997
v 0.010955 0.012204 -0.236084
v 0.010409 0.013301 -0.237281
v 0.009820 0.014257 -0.238573
v 0.009193 0.015062 -0.239948
v 0.008534 0.015707 -0.241391
v 0.007852 0.016185 -0.242887
v 0.007153 0.016492 -0.244419
v 0.006445 0.016624 -0.245972
v 0.005735 0.016580 -0.247530
v 0.005030 0.016360 -0.249075
v 0.004339 0.015967 -0.250591
v 0.003668 0.015405 -0.252062
v 0.003024 0.014679 -0.253473
v 0.002415 0.013797 -0.254809
v 0.001847 0.012770 -0.256055
v 0.001325 0.011607 -0.257198
v 0.000856 0.010321 -0.258226
v 0.000445 0.008925 -0.259129
v 0.000095 0.007435 -0.259896
v -0.000190 0.005866 -0.260520
v -0.000406 0.004235 -0.260994
v -0.000551 0.002559 -0.261312
v -0.000624 0.000856 -0.261472
v -0.000624 -0.000856 -0.261472
v -0.000551 -0.002559 -0.261312
v -0.000406 -0.004235 -0.260994
v -0.000190 -0.005866 -0.260520
v 0.000095 -0.007435 -0.259896
v 0.000445 -0.008925 -0.259129
v 0.000856 -0.010321 -0.258226
v 0.001325 -0.011607 -0.257198
v 0.001847 -0.012770 -0.256055
v 0.002415 -0.013797 -0.254809
v 0.003024 -0.014679 -0.253473
v 0.003668 -0.015405 -0.252062
v 0.004339 -0.015967 -0.250591
v 0.005030 -0.016360 -0.249075
v 0.005735 -0.016580 -0.247530
v 0.006445 -0.016624 -0.245972
v 0.007153 -0.016492 -0.244419
v 0.007852 -0.016185 -0.242887
v 0.008534 -0.015707 -0.241391
v 0.009193 -0.015062 -0.239948
v 0.009820 -0.014257 -0.238573
v 0.010409 -0.013301 -0.237281
v 0.010955 -0.012204 -0.236084
v 0.011451 -0.010978 -0.234997
v 0.011892 -0.009636 -0.234030
v 0.012273 -0.008191 -0.233194
v 0.012591 -0.006659 -0.232498
v 0.012841 -0.005057 -0.231948
v 0.013022 -0.003402 -0.231552
v 0.013131 -0.001710 -0.231312
v 0.013168 0.000000 -0.231232
v 0.014273 0.001632 -0.232658
v 0.014168 0.003247 -0.232887
v 0.013995 0.004828 -0.233265
v 0.013756 0.006357 -0.233790
v 0.013453 0.007819 -0.234455
v 0.013089 0.009198 -0.235253
v 0.012668 0.010480 -0.236176
v 0.012195 0.011650 -0.237214
v 0.011674 0.012697 -0.238356
v 0.011111 0.013610 -0.239589
v 0.010513 0.014378 -0.240902
v 0.009884 0.014993 -0.242279
v 0.009233 0.015450 -0.243707
v 0.008566 0.015743 -0.245170
v 0.007890 0.015869 -0.246653
v 0.007212 0.015827 -0.248139
v 0.006539 0.015617 -0.249614
v 0.005879 0.015242 -0.251061
v 0.005238 0.014705 -0.252466
v 0.004624 0.014012 -0.253813
v 0.004043 0.013171 -0.255088
v 0.003500 0.012190 -0.256277
v 0.003003 0.011080 -0.257368
v 0.002555 0.009852 -0.258350
v 0.002162 0.008520 -0.259212
v 0.001828 0.007097 -0.259944
v 0.001556 0.005600 -0.260540
v 0.001350 0.004043 -0.260992
v 0.001211 0.002443 -0.261296
v 0.001141 0.000817 -0.261449
v 0.001141 -0.000817 -0.261449
v 0.001211 -0.002443 -0.261296
v 0.001350 -0.004043 -0.260992
v 0.001556 -0.005600 -0.260540
v 0.001828 -0.007097 -0.259944
v 0.002162 -0.008520 -0.259212
v 0.002555 -0.009852 -0.258350
v 0.003003 -0.011080 -0.257368
v 0.003500 -0.012190 -0.256277
v 0.004043 -0.013171 -0.255088
v 0.004624 -0.014012 -0.253813
v 0.005238 -0.014705 -0.252466
v 0.005879 -0.015242 -0.251061
v 0.006539 -0.015617 -0.249614
v 0.007212 -0.015827 -0.248139
v 0.007890 -0.015869 -0.246653
v 0.008566 -0.015743 -0.245170
v 0.009233 -0.015450 -0.243707
v 0.009884 -0.014993 -0.242279
v 0.010513 -0.014378 -0.240902
v 0.011111 -0.013610 -0.239589
v 0.011674 -0.012697 -0.238356
v 0.012195 -0.011650 -0.237214
v 0.012668 -0.010480 -0.236176
v 0.013089 -0.009198 -0.235253
v 0.013453 -0.007819 -0.234455
v 0.013756 -0.006357 -0.233790
v 0.013995 -0.004828 -0.233265
v 0.014168 -0.003247 -0.232887
v 0.014273 -0.001632 -0.232658
v 0.014307 0.000000 -0.232581
v 0.015276 0.001539 -0.234109
v 0.015178 0.003061 -0.234324
v 0.015015 0.004552 -0.234681
v 0.014789 0.005993 -0.235176
v 0.014504 0.007372 -0.235803
v 0.014160 0.008672 -0.236555
v 0.013764 0.009880 -0.237425
v 0.013317 0.010984 -0.238404
v 0.012826 0.011971 -0.239480
v 0.012296 0.012831 -0.240643
v 0.011731 0.013555 -0.241881
v 0.011139 0.014136 -0.243180
v 0.010525 0.014566 -0.244526
v 0.009896 0.014843 -0.245905
v 0.009259 0.014962 -0.247303
v 0.008619 0.014922 -0.248704
v 0.007985 0.014724 -0.250095
v 0.007363 0.014370 -0.251459
v 0.006759 0.013864 -0.252783
v 0.006180 0.013211 -0.254053
v 0.005632 0.012417 -0.255255
v 0.005120 0.011492 -0.256376
v 0.004651 0.010446 -0.257405
v 0.004229 0.009288 -0.258331
v 0.003858 0.008032 -0.259143
v 0.003543 0.006691 -0.259834
v 0.003287 0.005279 -0.260395
v 0.003093 0.003812 -0.260821
v 0.002962 0.002303 -0.261108
v 0.002896 0.000770 -0.261252
v 0.002896 -0.000770 -0.261252
v 0.002962 -0.002303 -0.261108
v 0.003093 -0.003812 -0.260821
v 0.003287 -0.005279 -0.260395
v 0.003543 -0.006691 -0.259834
v 0.003858 -0.008032 -0.259143
v 0.004229 -0.009288 -0.258331
v 0.004651 -0.010446 -0.257405
v 0.005120 -0.011492 -0.256376
v 0.005632 -0.012417 -0.255255
v 0.006180 -0.013211 -0.254053
v 0.006759 -0.013864 -0.252783
v 0.007363 -0.014370 -0.251459
v 0.007985 -0.014724 -0.250095
v 0.008619 -0.014922 -0.248704
v 0.009259 -0.014961 -0.247303
v 0.009896 -0.014843 -0.245905
v 0.010525 -0.014566 -0.244526
v 0.011139 -0.014136 -0.243180
v 0.011731 -0.013555 -0.241881
v 0.012296 -0.012831 -0.240643
v 0.012826 -0.011971 -0.239480
v 0.013317 -0.010984 -0.238404
v 0.013764 -0.009880 -0.237425
v 0.014160 -0.008672 -0.236555
v 0.014504 -0.007372 -0.235803
v 0.014789 -0.005993 -0.235176
v 0.015015 -0.004552 -0.234681
v 0.015178 -0.003061 -0.234324
v 0.015276 -0.001539 -0.234109
v 0.015309 0.000000 -0.234036
v 0.016133 0.001431 -0.235650
v 0.016041 0.002846 -0.235850
v 0.015890 0.004232 -0.236182
v 0.015680 0.005572 -0.236642
v 0.015414 0.006853 -0.237225
v 0.015095 0.008062 -0.237924
v 0.014726 0.009185 -0.238733
v 0.014312 0.010211 -0.239643
v 0.013855 0.011129 -0.240644
v 0.013362 0.011929 -0.241725
v 0.012837 0.012602 -0.242876
v 0.012286 0.013142 -0.244083
v 0.011716 0.013542 -0.245334
v 0.011131 0.013799 -0.246617
v 0.010538 0.013910 -0.247916
v 0.009944 0.013873 -0.249219
v 0.009354 0.013689 -0.250512
v 0.008776 0.013360 -0.251780
v 0.008214 0.012889 -0.253011
v 0.007676 0.012282 -0.254192
v 0.007166 0.011544 -0.255309
v 0.006691 0.010684 -0.256352
v 0.006255 0.009711 -0.257308
v 0.005862 0.008635 -0.258169
v 0.005518 0.007468 -0.258924
v 0.005225 0.006221 -0.259566
v 0.004987 0.004908 -0.260088
v 0.004806 0.003544 -0.260484
v 0.004684 0.002141 -0.260751
v 0.004623 0.000716 -0.260885
v 0.004623 -0.000716 -0.260885
v 0.004684 -0.002141 -0.260751
v 0.004806 -0.003544 -0.260484
v 0.004987 -0.004908 -0.260088
v 0.005225 -0.006221 -0.259566
v 0.005518 -0.007468 -0.258924
v 0.005862 -0.008635 -0.258169
v 0.006255 -0.009711 -0.257308
v 0.006691 -0.010684 -0.256352
v 0.007166 -0.011544 -0.255309
v 0.007676 -0.012282 -0.254192
v 0.008214 -0.012889 -0.253011
v 0.008776 -0.013360 -0.251780
v 0.009354 -0.013689 -0.250512
v 0.009944 -0.013873 -0.249219
v 0.010538 -0.013910 -0.247916
v 0.011131 -0.013799 -0.246617
v 0.011716 -0.013542 -0.245334
v 0.012286 -0.013142 -0.244083
v 0.012837 -0.012602 -0.242876
v 0.013362 -0.011929 -0.241725
v 0.013855 -0.011129 -0.240644
v 0.014312 -0.010211 -0.239643
v 0.014726 -0.009185 -0.238733
v 0.015095 -0.008062 -0.237924
v 0.015414 -0.006853 -0.237225
v 0.015680 -0.005572 -0.236642
v 0.015890 -0.004232 -0.236182
v 0.016041 -0.002846 -0.235850
v 0.016133 -0.001431 -0.235650
v 0.016163 0.000000 -0.235583
v 0.016834 0.001309 -0.237266
v 0.016750 0.002604 -0.237450
v 0.016612 0.003871 -0.237753
v 0.016420 0.005097 -0.238174
v 0.016177 0.006269 -0.238707
v 0.015885 0.007375 -0.239347
v 0.015548 0.008402 -0.240087
v 0.015168 0.009341 -0.240919
v 0.014750 0.010180 -0.241835
v 0.014299 0.010912 -0.242824
v 0.013819 0.011528 -0.243876
v 0.013316 0.012021 -0.244981
v 0.012793 0.012388 -0.246125
v 0.012258 0.012623 -0.247298
v 0.011716 0.012724 -0.248487
v 0.011173 0.012690 -0.249679
v 0.010633 0.012522 -0.250861
v 0.010104 0.012221 -0.252022
v 0.009591 0.011790 -0.253148
v 0.009098 0.011235 -0.254228
v 0.008632 0.010560 -0.255250
v 0.008197 0.009774 -0.256204
v 0.007798 0.008883 -0.257079
v 0.007439 0.007899 -0.257866
v 0.007124 0.006831 -0.258557
v 0.006856 0.005691 -0.259144
v 0.006638 0.004490 -0.259621
v 0.006473 0.003241 -0.259984
v 0.006362 0.001959 -0.260228
v 0.006306 0.000655 -0.260350
v 0.006306 -0.000655 -0.260350
v 0.006362 -0.001959 -0.260228
v 0.006473 -0.003241 -0.259984
v 0.006638 -0.004490 -0.259621
v 0.006856 -0.005691 -0.259144
v 0.007124 -0.006831 -0.258557
v 0.007439 -0.007899 -0.257866
v 0.007798 -0.008883 -0.257079
v 0.008197 -0.009774 -0.256204
v 0.008632 -0.010560 -0.255250
v 0.009098 -0.011235 -0.254228
v 0.009591 -0.011790 -0.253148
v 0.010104 -0.012221 -0.252022
v 0.010633 -0.012522 -0.250861
v 0.011173 -0.012690 -0.249679
v 0.011716 -0.012724 -0.248487
v 0.012259 -0.012623 -0.247298
v 0.012793 -0.012388 -0.246125
v 0.013316 -0.012021 -0.244981
v 0.013819 -0.011528 -0.243876
v 0.014299 -0.010912 -0.242824
v 0.014750 -0.010180 -0.241835
v 0.015168 -0.009341 -0.240919
v 0.015548 -0.008402 -0.240087
v 0.015885 -0.007375 -0.239347
v 0.016177 -0.006269 -0.238707
v 0.016420 -0.005097 -0.238174
v 0.016612 -0.003871 -0.237753
v 0.016750 -0.002604 -0.237450
v 0.016834 -0.001309 -0.237266
v 0.016862 0.000000 -0.237205
v 0.017373 0.001174 -0.238943
v 0.017298 0.002336 -0.239108
v 0.017174 0.003473 -0.239380
v 0.017002 0.004573 -0.239757
v 0.016784 0.005624 -0.240236
v 0.016522 0.006616 -0.240810
v 0.016219 0.007538 -0.241474
v 0.015878 0.008380 -0.242220
v 0.015504 0.009133 -0.243042
v 0.015099 0.009790 -0.243929
v 0.014668 0.010342 -0.244873
v 0.014216 0.010785 -0.245864
v 0.013748 0.011114 -0.246891
v 0.013268 0.011325 -0.247944
v 0.012782 0.011415 -0.249010
v 0.012294 0.011385 -0.250079
v 0.011810 0.011234 -0.251140
v 0.011335 0.010964 -0.252181
v 0.010875 0.010578 -0.253192
v 0.010433 0.010079 -0.254160
v 0.010014 0.009474 -0.255077
v 0.009624 0.008768 -0.255933
v 0.009266 0.007970 -0.256718
v 0.008944 0.007087 -0.257424
v 0.008661 0.006129 -0.258044
v 0.008421 0.005105 -0.258571
v 0.008226 0.004028 -0.258999
v 0.008077 0.002908 -0.259324
v 0.007978 0.001757 -0.259543
v 0.007927 0.000588 -0.259653
v 0.007927 -0.000588 -0.259653
v 0.007978 -0.001757 -0.259543
v 0.008077 -0.002908 -0.259325
v 0.008226 -0.004028 -0.258999
v 0.008421 -0.005105 -0.258571
v 0.008661 -0.006129 -0.258044
v 0.008944 -0.007087 -0.257424
v 0.009266 -0.007970 -0.256718
v 0.009624 -0.008768 -0.255933
v 0.010014 -0.009474 -0.255077
v 0.010433 -0.010079 -0.254160
v 0.010875 -0.010578 -0.253192
v 0.011335 -0.010964 -0.252181
v 0.011810 -0.011234 -0.251140
v 0.012294 -0.011385 -0.250079
v 0.012782 -0.011415 -0.249010
v 0.013268 -0.011325 -0.247944
v 0.013748 -0.011114 -0.246891
v 0.014216 -0.010785 -0.245864
v 0.014668 -0.010342 -0.244873
v 0.015099 -0.009790 -0.243929
v 0.015504 -0.009133 -0.243042
v 0.015878 -0.008380 -0.242220
v 0.016219 -0.007538 -0.241474
v 0.016522 -0.006616 -0.240810
v 0.016784 -0.005624 -0.240236
v 0.017002 -0.004573 -0.239757
v 0.017174 -0.003473 -0.239380
v 0.017298 -0.002336 -0.239108
v 0.017373 -0.001174 -0.238943
v 0.017398 0.000000 -0.238888
v 0.017745 0.001028 -0.240664
v 0.017679 0.002046 -0.240808
v 0.017570 0.003041 -0.241047
v 0.017420 0.004005 -0.241377
v 0.017229 0.004926 -0.241796
v 0.016999 0.005794 -0.242299
v 0.016734 0.006602 -0.242880
v 0.016436 0.007339 -0.243534
v 0.016108 0.007999 -0.244253
v 0.015753 0.008573 -0.245030
v 0.015376 0.009057 -0.245857
v 0.014980 0.009445 -0.246725
v 0.014570 0.009733 -0.247624
v 0.014150 0.009918 -0.248546
v 0.013724 0.009997 -0.249480
v 0.013297 0.009970 -0.250416
v 0.012873 0.009838 -0.251345
v 0.012457 0.009602 -0.252257
v 0.012054 0.009263 -0.253142
v 0.011667 0.008827 -0.253990
v 0.011300 0.008297 -0.254793
v 0.010959 0.007679 -0.255543
v 0.010645 0.006980 -0.256230
v 0.010363 0.006206 -0.256849
v 0.010116 0.005367 -0.257391
v 0.009905 0.004471 -0.257853
v 0.009734 0.003528 -0.258228
v 0.009604 0.002547 -0.258513
v 0.009517 0.001539 -0.258704
v 0.009473 0.000515 -0.258801
v 0.009473 -0.000515 -0.258801
v 0.009517 -0.001539 -0.258704
v 0.009604 -0.002547 -0.258513
v 0.009734 -0.003528 -0.258228
v 0.009905 -0.004471 -0.257853
v 0.010116 -0.005367 -0.257391
v 0.010363 -0.006206 -0.256849
v 0.010645 -0.006980 -0.256230
v 0.010959 -0.007679 -0.255543
v 0.011300 -0.008297 -0.254793
v 0.011667 -0.008827 -0.253990
v 0.012054 -0.009263 -0.253142
v 0.012457 -0.009602 -0.252257
v 0.012873 -0.009838 -0.251345
v 0.013297 -0.009970 -0.250416
v 0.013724 -0.009997 -0.249480
v 0.014150 -0.009917 -0.248546
v 0.014570 -0.009733 -0.247624
v 0.014980 -0.009445 -0.246725
v 0.015376 -0.009057 -0.245857
v 0.015753 -0.008573 -0.245030
v 0.016108 -0.007999 -0.244253
v 0.016436 -0.007339 -0.243534
v 0.016734 -0.006602 -0.242880
v 0.016999 -0.005794 -0.242299
v 0.017229 -0.004926 -0.241796
v 0.017420 -0.004005 -0.241377
v 0.017570 -0.003041 -0.241047
v 0.017679 -0.002046 -0.240808
v 0.017745 -0.001028 -0.240664
v 0.017767 0.000000 -0.240616
v 0.017946 0.000872 -0.242412
v 0.017890 0.001736 -0.242534
v 0.017798 0.002580 -0.242737
v 0.017670 0.003398 -0.243017
v 0.017508 0.004179 -0.243372
v 0.017313 0.004916 -0.243799
v 0.017088 0.005601 -0.244292
v 0.016835 0.006227 -0.244847
v 0.016557 0.006787 -0.245457
v 0.016256 0.007274 -0.246117
v 0.015936 0.007685 -0.246818
v 0.015600 0.008014 -0.247555
v 0.015252 0.008258 -0.248318
v 0.014895 0.008415 -0.249100
v 0.014534 0.008482 -0.249892
v 0.014172 0.008460 -0.250687
v 0.013812 0.008348 -0.251475
v 0.013459 0.008147 -0.252249
v 0.013117 0.007860 -0.252999
v 0.012789 0.007490 -0.253719
v 0.012478 0.007040 -0.254401
v 0.012188 0.006516 -0.255036
v 0.011922 0.005922 -0.255620
v 0.011682 0.005266 -0.256145
v 0.011472 0.004554 -0.256605
v 0.011294 0.003794 -0.256997
v 0.011149 0.002993 -0.257315
v 0.011038 0.002161 -0.257557
v 0.010964 0.001306 -0.257719
v 0.010927 0.000437 -0.257801
v 0.010927 -0.000437 -0.257801
v 0.010964 -0.001306 -0.257719
v 0.011038 -0.002161 -0.257557
v 0.011149 -0.002993 -0.257315
v 0.011294 -0.003794 -0.256997
v 0.011472 -0.004554 -0.256605
v 0.011682 -0.005266 -0.256145
v 0.011922 -0.005922 -0.255620
v 0.012188 -0.006516 -0.255036
v 0.012478 -0.007040 -0.254401
v 0.012789 -0.007490 -0.253719
v 0.013117 -0.007860 -0.252999
v 0.013459 -0.008147 -0.252249
v 0.013812 -0.008348 -0.251475
v 0.014172 -0.008460 -0.250687
v 0.014534 -0.008482 -0.249892
v 0.014895 -0.008415 -0.249100
v 0.015252 -0.008258 -0.248318
v 0.015600 -0.008014 -0.247555
v 0.015936 -0.007685 -0.246818
v 0.016256 -0.007274 -0.246117
v 0.016557 -0.006787 -0.245457
v 0.016835 -0.006227 -0.244847
v 0.017088 -0.005601 -0.244292
v 0.017313 -0.004916 -0.243799
v 0.017508 -0.004179 -0.243372
v 0.017670 -0.003398 -0.243017
v 0.017798 -0.002580 -0.242737
v 0.017890 -0.001736 -0.242534
v 0.017946 -0.000872 -0.242412
v 0.017964 0.000000 -0.242371
v 0.017974 0.000708 -0.244170
v 0.017928 0.001409 -0.244270
v 0.017853 0.002095 -0.244434
v 0.017750 0.002758 -0.244662
v 0.017618 0.003393 -0.244950
v 0.017460 0.003991 -0.245296
v 0.017277 0.004547 -0.245697
v 0.017072 0.005055 -0.246147
v 0.016846 0.005510 -0.246643
v 0.016602 0.005905 -0.247178
v 0.016342 0.006239 -0.247748
v 0.016070 0.006506 -0.248345
v 0.015787 0.006704 -0.248965
v 0.015497 0.006831 -0.249600
v 0.015204 0.006886 -0.250243
v 0.014910 0.006868 -0.250888
v 0.014618 0.006777 -0.251528
v 0.014332 0.006614 -0.252156
v 0.014054 0.006381 -0.252765
v 0.013787 0.006080 -0.253350
v 0.013535 0.005715 -0.253903
v 0.013299 0.005289 -0.254419
v 0.013083 0.004808 -0.254893
v 0.012889 0.004275 -0.255319
v 0.012719 0.003697 -0.255693
v 0.012574 0.003080 -0.256010
v 0.012456 0.002430 -0.256269
v 0.012366 0.001754 -0.256465
v 0.012306 0.001060 -0.256597
v 0.012276 0.000355 -0.256663
v 0.012276 -0.000355 -0.256663
v 0.012306 -0.001060 -0.256597
v 0.012366 -0.001754 -0.256465
v 0.012456 -0.002430 -0.256269
v 0.012574 -0.003080 -0.256010
v 0.012719 -0.003697 -0.255693
v 0.012889 -0.004275 -0.255319
v 0.013083 -0.004808 -0.254893
v 0.013299 -0.005289 -0.254419
v 0.013535 -0.005715 -0.253903
v 0.013787 -0.006080 -0.253350
v 0.014054 -0.006381 -0.252765
v 0.014332 -0.006614 -0.252156
v 0.014618 -0.006777 -0.251528
v 0.014910 -0.006868 -0.250888
v 0.015204 -0.006886 -0.250243
v 0.015497 -0.006831 -0.249600
v 0.015787 -0.006704 -0.248965
v 0.016070 -0.006506 -0.248345
v 0.016342 -0.006239 -0.247748
v 0.016602 -0.005905 -0.247178
v 0.016846 -0.005510 -0.246643
v 0.017072 -0.005055 -0.246147
v 0.017277 -0.004547 -0.245697
v 0.017460 -0.003991 -0.245296
v 0.017618 -0.003393 -0.244950
v 0.017750 -0.002758 -0.244662
v 0.017853 -0.002095 -0.244434
v 0.017928 -0.001409 -0.244270
v 0.017974 -0.000708 -0.244170
v 0.017989 0.000000 -0.244137
v 0.017829 0.000537 -0.245923
v 0.017794 0.001069 -0.245998
v 0.017737 0.001589 -0.246123
v 0.017659 0.002092 -0.246295
v 0.017559 0.002574 -0.246514
v 0.017439 0.003028 -0.246777
v 0.017301 0.003449 -0.247080
v 0.017145 0.003835 -0.247422
v 0.016973 0.004179 -0.247798
v 0.016788 0.004480 -0.248204
v 0.016591 0.004732 -0.248636
v 0.016384 0.004935 -0.249089
v 0.016170 0.005085 -0.249559
v 0.015950 0.005182 -0.250041
v 0.015728 0.005223 -0.250529
v 0.015505 0.005210 -0.251018
v 0.015283 0.005140 -0.251504
v 0.015066 0.005017 -0.251980
v 0.014855 0.004840 -0.252442
v 0.014653 0.004612 -0.252886
v 0.014462 0.004335 -0.253305
v 0.014283 0.004012 -0.253697
v 0.014119 0.003647 -0.254056
v 0.013972 0.003243 -0.254379
v 0.013842 0.002804 -0.254663
v 0.013732 0.002336 -0.254904
v 0.013643 0.001843 -0.255100
v 0.013575 0.001331 -0.255249
v 0.013530 0.000804 -0.255349
v 0.013507 0.000269 -0.255399
v 0.013507 -0.000269 -0.255399
v 0.013530 -0.000804 -0.255349
v 0.013575 -0.001331 -0.255249
v 0.013643 -0.001843 -0.255100
v 0.013732 -0.002336 -0.254904
v 0.013842 -0.002804 -0.254663
v 0.013972 -0.003243 -0.254379
v 0.014119 -0.003647 -0.254056
v 0.014283 -0.004012 -0.253697
v 0.014462 -0.004335 -0.253305
v 0.014653 -0.004612 -0.252886
v 0.014855 -0.004840 -0.252442
v 0.015066 -0.005017 -0.251980
v 0.015283 -0.005140 -0.251504
v 0.015505 -0.005210 -0.251018
v 0.015728 -0.005223 -0.250529
v 0.015950 -0.005182 -0.250041
v 0.016170 -0.005085 -0.249559
v 0.016384 -0.004935 -0.249089
v 0.016591 -0.004732 -0.248636
v 0.016788 -0.004480 -0.248204
v 0.016973 -0.004179 -0.247798
v 0.017145 -0.003835 -0.247422
v 0.017301 -0.003449 -0.247080
v 0.017439 -0.003028 -0.246777
v 0.017559 -0.002574 -0.246514
v 0.017659 -0.002092 -0.246295
v 0.017737 -0.001589 -0.246123
v 0.017794 -0.001069 -0.245998
v 0.017829 -0.000537 -0.245923
v 0.017840 0.000000 -0.245897
v 0.017512 0.000361 -0.247651
v 0.017489 0.000718 -0.247702
v 0.017451 0.001068 -0.247786
v 0.017398 0.001406 -0.247902
v 0.017331 0.001730 -0.248049
v 0.017250 0.002035 -0.248225
v 0.017157 0.002318 -0.248430
v 0.017052 0.002577 -0.248659
v 0.016937 0.002809 -0.248912
v 0.016813 0.003011 -0.249185
v 0.016680 0.003180 -0.249475
v 0.016541 0.003317 -0.249780
v 0.016397 0.003418 -0.250096
v 0.016250 0.003483 -0.250419
v 0.016100 0.003510 -0.250747
v 0.015950 0.003501 -0.251076
v 0.015801 0.003455 -0.251402
v 0.015655 0.003372 -0.251722
v 0.015513 0.003253 -0.252033
v 0.015378 0.003100 -0.252331
v 0.015249 0.002914 -0.252613
v 0.015129 0.002697 -0.252876
v 0.015019 0.002451 -0.253118
v 0.014920 0.002179 -0.253335
v 0.014833 0.001885 -0.253525
v 0.014759 0.001570 -0.253687
v 0.014699 0.001239 -0.253819
v 0.014653 0.000894 -0.253919
v 0.014623 0.000540 -0.253986
v 0.014607 0.000181 -0.254020
v 0.014607 -0.000181 -0.254020
v 0.014623 -0.000540 -0.253986
v 0.014653 -0.000894 -0.253919
v 0.014699 -0.001239 -0.253819
v 0.014759 -0.001570 -0.253687
v 0.014833 -0.001885 -0.253525
v 0.014920 -0.002179 -0.253335
v 0.015019 -0.002451 -0.253118
v 0.015129 -0.002696 -0.252876
v 0.015249 -0.002914 -0.252613
v 0.015378 -0.003100 -0.252331
v 0.015513 -0.003253 -0.252033
v 0.015655 -0.003372 -0.251722
v 0.015801 -0.003455 -0.251402
v 0.015950 -0.003501 -0.251076
v 0.016100 -0.003510 -0.250747
v 0.016250 -0.003483 -0.250419
v 0.016397 -0.003418 -0.250096
v 0.016541 -0.003317 -0.249780
v 0.016680 -0.003180 -0.249475
v 0.016813 -0.003011 -0.249185
v 0.016937 -0.002809 -0.248912
v 0.017052 -0.002577 -0.248659
v 0.017157 -0.002318 -0.248430
v 0.017250 -0.002035 -0.248225
v 0.017331 -0.001730 -0.248049
v 0.017398 -0.001406 -0.247902
v 0.017451 -0.001068 -0.247786
v 0.017489 -0.000718 -0.247702
v 0.017512 -0.000361 -0.247651
v 0.017520 0.000000 -0.247634
v 0.008916 0.008206 -0.223955
v 0.008086 0.012220 -0.225775
v 0.008437 0.010752 -0.225005
v 0.008671 0.009612 -0.224492
v 0.007367 0.014624 -0.227352
v 0.007833 0.013139 -0.226328
v 0.007873 -0.013002 -0.226242
v 0.007833 -0.013139 -0.226328
v 0.008501 -0.010456 -0.224865
v 0.008437 -0.010752 -0.225005
v 0.009535 0.001012 -0.222598
v 0.009544 0.000000 -0.222577
v 0.009112 0.006843 -0.223525
v 0.009263 0.005539 -0.223193
v 0.009402 0.003961 -0.222890
v 0.009474 0.002790 -0.222732
v 0.009263 -0.005539 -0.223193
v 0.008988 -0.007735 -0.223796
v 0.008916 -0.008206 -0.223955
v 0.009510 -0.001953 -0.222653
v 0.009474 -0.002790 -0.222732
v 0.009326 -0.004885 -0.223055
v 0.002603 0.010250 -0.221181
v 0.002603 -0.010250 -0.221181
v -0.015748 -0.010250 -0.222996
v -0.015586 -0.010250 -0.223223
v -0.016601 -0.010250 -0.228355
v -0.006288 -0.010250 -0.207960
v -0.006092 -0.010250 -0.207761
v -0.005934 -0.010250 -0.207532
v -0.004345 -0.010250 -0.219023
v -0.004146 -0.010250 -0.219219
v -0.003916 -0.010250 -0.219377
v -0.003662 -0.010250 -0.219493
v -0.019356 -0.010250 -0.212335
v -0.019103 -0.010250 -0.212451
v -0.013152 -0.010250 -0.221145
v -0.007313 -0.010250 -0.208343
v -0.004166 -0.010250 -0.216768
v -0.004362 -0.010250 -0.216967
v -0.005819 -0.010250 -0.207278
v -0.005749 -0.010250 -0.207008
v -0.005727 -0.010250 -0.206730
v -0.005754 -0.010250 -0.206452
v -0.005828 -0.010250 -0.206184
v -0.005948 -0.010250 -0.205932
v -0.017780 -0.010250 -0.209550
v -0.018034 -0.010250 -0.209435
v -0.019128 -0.010250 -0.209444
v -0.019380 -0.010250 -0.209564
v -0.003392 -0.010250 -0.219563
v -0.003114 -0.010250 -0.219585
v -0.002837 -0.010250 -0.219558
v -0.002568 -0.010250 -0.219484
v -0.014903 -0.010250 -0.223692
v -0.014633 -0.010250 -0.223762
v -0.019586 -0.010250 -0.212177
v -0.006110 -0.010250 -0.205705
v -0.006309 -0.010250 -0.205509
v -0.006539 -0.010250 -0.205351
v -0.008561 -0.010250 -0.205725
v -0.008719 -0.010250 -0.205955
v -0.017529 -0.010250 -0.212160
v -0.008835 -0.010250 -0.206209
v -0.008366 -0.010250 -0.205526
v -0.017334 -0.010250 -0.211961
v -0.017176 -0.010250 -0.211731
v -0.015387 -0.010250 -0.223418
v -0.015157 -0.010250 -0.223576
v -0.018833 -0.010250 -0.212521
v -0.018555 -0.010250 -0.212543
v -0.012990 -0.010250 -0.221372
v -0.006792 -0.010250 -0.205235
v -0.007062 -0.010250 -0.205165
v -0.007340 -0.010250 -0.205143
v -0.013581 -0.010250 -0.220792
v -0.013834 -0.010250 -0.220676
v -0.019785 -0.010250 -0.211981
v -0.015603 -0.010250 -0.221166
v -0.015761 -0.010250 -0.221396
v -0.015877 -0.010250 -0.221649
v -0.015947 -0.010250 -0.221919
v -0.015969 -0.010250 -0.222197
v -0.015942 -0.010250 -0.222475
v -0.015868 -0.010250 -0.222744
v -0.014355 -0.010250 -0.223784
v -0.014078 -0.010250 -0.223757
v -0.013809 -0.010250 -0.223683
v -0.002316 -0.010250 -0.219364
v -0.002089 -0.010250 -0.219202
v -0.001893 -0.010250 -0.219003
v -0.001735 -0.010250 -0.218773
v -0.001620 -0.010250 -0.218519
v -0.001550 -0.010250 -0.218249
v -0.001528 -0.010250 -0.217971
v -0.001554 -0.010250 -0.217694
v -0.001629 -0.010250 -0.217425
v -0.003141 -0.010250 -0.216385
v -0.003419 -0.010250 -0.216411
v -0.004520 -0.010250 -0.217196
v -0.004636 -0.010250 -0.217450
v -0.004706 -0.010250 -0.217720
v -0.008905 -0.010250 -0.206479
v -0.008927 -0.010250 -0.206757
v -0.008900 -0.010250 -0.207035
v -0.008826 -0.010250 -0.207303
v -0.008706 -0.010250 -0.207555
v -0.017756 -0.010250 -0.212321
v -0.016995 -0.010250 -0.210651
v -0.017069 -0.010250 -0.210383
v -0.008138 -0.010250 -0.205365
v -0.018304 -0.010250 -0.209365
v -0.018582 -0.010250 -0.209343
v -0.018859 -0.010250 -0.209369
v -0.013351 -0.010250 -0.220950
v -0.014660 -0.010250 -0.220611
v -0.019947 -0.010250 -0.211754
v -0.014382 -0.010250 -0.220584
v -0.014104 -0.010250 -0.220606
v -0.019607 -0.010250 -0.209726
v -0.019802 -0.010250 -0.209924
v -0.019960 -0.010250 -0.210154
v -0.012870 -0.010250 -0.221624
v -0.007591 -0.010250 -0.208321
v -0.002339 -0.010250 -0.216592
v -0.002593 -0.010250 -0.216477
v -0.002863 -0.010250 -0.216407
v -0.020076 -0.010250 -0.210408
v -0.020146 -0.010250 -0.210678
v -0.020168 -0.010250 -0.210956
v -0.012977 -0.010250 -0.222972
v -0.012861 -0.010250 -0.222718
v -0.012791 -0.010250 -0.222448
v -0.012769 -0.010250 -0.222170
v -0.004506 -0.010250 -0.218796
v -0.012796 -0.010250 -0.221893
v -0.004626 -0.010250 -0.218545
v -0.004701 -0.010250 -0.218276
v -0.004728 -0.010250 -0.217998
v -0.001749 -0.010250 -0.217173
v -0.001911 -0.010250 -0.216946
v -0.002110 -0.010250 -0.216750
v -0.003939 -0.010250 -0.216606
v -0.007036 -0.010250 -0.208317
v -0.003688 -0.010250 -0.216486
v -0.006767 -0.010250 -0.208242
v -0.006515 -0.010250 -0.208122
v -0.017060 -0.010250 -0.211477
v -0.016990 -0.010250 -0.211207
v -0.016968 -0.010250 -0.210929
v -0.013557 -0.010250 -0.223563
v -0.013330 -0.010250 -0.223401
v -0.013135 -0.010250 -0.223202
v -0.018277 -0.010250 -0.212516
v -0.018008 -0.010250 -0.212441
v -0.007618 -0.010250 -0.205170
v -0.007887 -0.010250 -0.205245
v -0.020141 -0.010250 -0.211234
v -0.020067 -0.010250 -0.211502
v -0.008544 -0.010250 -0.207782
v -0.008345 -0.010250 -0.207978
v -0.008115 -0.010250 -0.208136
v -0.007861 -0.010250 -0.208251
v -0.017189 -0.010250 -0.210131
v -0.017351 -0.010250 -0.209904
v -0.017550 -0.010250 -0.209708
v -0.014929 -0.010250 -0.220685
v -0.015181 -0.010250 -0.220805
v -0.015408 -0.010250 -0.220967
v -0.016601 0.010250 -0.228355
v -0.008366 0.010250 -0.205526
v -0.008138 0.010250 -0.205365
v -0.007887 0.010250 -0.205245
v -0.007618 0.010250 -0.205170
v -0.007340 0.010250 -0.205143
v -0.007062 0.010250 -0.205165
v -0.006792 0.010250 -0.205235
v -0.006539 0.010250 -0.205351
v -0.018582 0.010250 -0.209343
v -0.018859 0.010250 -0.209369
v -0.019128 0.010250 -0.209444
v -0.019380 0.010250 -0.209564
v -0.018304 0.010250 -0.209365
v -0.018034 0.010250 -0.209434
v -0.017780 0.010250 -0.209550
v -0.007591 0.010250 -0.208321
v -0.016995 0.010250 -0.210651
v -0.007313 0.010250 -0.208343
v -0.007036 0.010250 -0.208317
v -0.006309 0.010250 -0.205509
v -0.006110 0.010250 -0.205705
v -0.005948 0.010250 -0.205932
v -0.013809 0.010250 -0.223683
v -0.014078 0.010250 -0.223757
v -0.015969 0.010250 -0.222197
v -0.015947 0.010250 -0.221919
v -0.017529 0.010250 -0.212160
v -0.015877 0.010250 -0.221649
v -0.015761 0.010250 -0.221396
v -0.015603 0.010250 -0.221166
v -0.015408 0.010250 -0.220967
v -0.001629 0.010250 -0.217425
v -0.001749 0.010250 -0.217173
v -0.001911 0.010250 -0.216946
v -0.001554 0.010250 -0.217694
v -0.001528 0.010250 -0.217971
v -0.001550 0.010250 -0.218249
v -0.004636 0.010250 -0.217450
v -0.004520 0.010250 -0.217196
v -0.013152 0.010250 -0.221145
v -0.004362 0.010250 -0.216967
v -0.008927 0.010250 -0.206757
v -0.008905 0.010250 -0.206479
v -0.017189 0.010250 -0.210131
v -0.008835 0.010250 -0.206209
v -0.008719 0.010250 -0.205955
v -0.017550 0.010250 -0.209708
v -0.017351 0.010250 -0.209904
v -0.008561 0.010250 -0.205725
v -0.001620 0.010250 -0.218519
v -0.001735 0.010250 -0.218773
v -0.001893 0.010250 -0.219003
v -0.012977 0.010250 -0.222972
v -0.012861 0.010250 -0.222718
v -0.012791 0.010250 -0.222448
v -0.014355 0.010250 -0.223784
v -0.014633 0.010250 -0.223762
v -0.014903 0.010250 -0.223692
v -0.006288 0.010250 -0.207960
v -0.006515 0.010250 -0.208122
v -0.003141 0.010250 -0.216385
v -0.013834 0.010250 -0.220676
v -0.013581 0.010250 -0.220792
v -0.003939 0.010250 -0.216606
v -0.002089 0.010250 -0.219202
v -0.002316 0.010250 -0.219364
v -0.002568 0.010250 -0.219484
v -0.004706 0.010250 -0.217720
v -0.012990 0.010250 -0.221372
v -0.004728 0.010250 -0.217998
v -0.013135 0.010250 -0.223202
v -0.013330 0.010250 -0.223401
v -0.013557 0.010250 -0.223563
v -0.015942 0.010250 -0.222475
v -0.017756 0.010250 -0.212321
v -0.018008 0.010250 -0.212441
v -0.019103 0.010250 -0.212451
v -0.019356 0.010250 -0.212335
v -0.019586 0.010250 -0.212177
v -0.019785 0.010250 -0.211981
v -0.005828 0.010250 -0.206184
v -0.005753 0.010250 -0.206452
v -0.005727 0.010250 -0.206730
v -0.005749 0.010250 -0.207008
v -0.005819 0.010250 -0.207278
v -0.005934 0.010250 -0.207532
v -0.006092 0.010250 -0.207761
v -0.002863 0.010250 -0.216407
v -0.002593 0.010250 -0.216477
v -0.002339 0.010250 -0.216592
v -0.002110 0.010250 -0.216750
v -0.004166 0.010250 -0.216768
v -0.013351 0.010250 -0.220950
v -0.007861 0.010250 -0.208251
v -0.008115 0.010250 -0.208136
v -0.008345 0.010250 -0.207978
v -0.008544 0.010250 -0.207782
v -0.008706 0.010250 -0.207555
v -0.017069 0.010250 -0.210383
v -0.008826 0.010250 -0.207303
v -0.008900 0.010250 -0.207035
v -0.003688 0.010250 -0.216486
v -0.006767 0.010250 -0.208242
v -0.003419 0.010250 -0.216411
v -0.015181 0.010250 -0.220805
v -0.014929 0.010250 -0.220685
v -0.017334 0.010250 -0.211961
v -0.014660 0.010250 -0.220611
v -0.017176 0.010250 -0.211731
v -0.014382 0.010250 -0.220584
v -0.014104 0.010250 -0.220606
v -0.012796 0.010250 -0.221893
v -0.012769 0.010250 -0.222170
v -0.003392 0.010250 -0.219563
v -0.003114 0.010250 -0.219585
v -0.002837 0.010250 -0.219558
v -0.015157 0.010250 -0.223576
v -0.015387 0.010250 -0.223418
v -0.015586 0.010250 -0.223223
v -0.019947 0.010250 -0.211754
v -0.020067 0.010250 -0.211502
v -0.020141 0.010250 -0.211234
v -0.020168 0.010250 -0.210956
v -0.020146 0.010250 -0.210678
v -0.020076 0.010250 -0.210408
v -0.019960 0.010250 -0.210154
v -0.017060 0.010250 -0.211477
v -0.016990 0.010250 -0.211207
v -0.016968 0.010250 -0.210929
v -0.015748 0.010250 -0.222996
v -0.015868 0.010250 -0.222744
v -0.019802 0.010250 -0.209924
v -0.019607 0.010250 -0.209726
v -0.003662 0.010250 -0.219493
v -0.003916 0.010250 -0.219377
v -0.004146 0.010250 -0.219219
v -0.018277 0.010250 -0.212516
v -0.018555 0.010250 -0.212543
v -0.018833 0.010250 -0.212521
v -0.004345 0.010250 -0.219023
v -0.004506 0.010250 -0.218796
v -0.012870 0.010250 -0.221624
v -0.004626 0.010250 -0.218545
v -0.004701 0.010250 -0.218276
v -0.015947 0.016263 -0.221919
v -0.015969 0.016263 -0.222197
v -0.015603 0.016263 -0.221166
v -0.015761 0.016263 -0.221396
v -0.015877 0.016263 -0.221649
v -0.013135 0.016263 -0.223202
v -0.012977 0.016263 -0.222972
v -0.004345 0.016263 -0.219023
v -0.012861 0.016263 -0.222718
v -0.002863 0.016263 -0.216407
v -0.003141 0.016263 -0.216385
v -0.018833 0.016263 -0.212521
v -0.003419 0.016263 -0.216411
v -0.003688 0.016263 -0.216486
v -0.012791 0.016263 -0.222448
v -0.012769 0.016263 -0.222170
v -0.012796 0.016263 -0.221893
v -0.018555 0.016263 -0.212543
v -0.018277 0.016263 -0.212516
v -0.018008 0.016263 -0.212441
v -0.003916 0.016263 -0.219377
v -0.019802 0.016263 -0.209924
v -0.019960 0.016263 -0.210154
v -0.015942 0.016263 -0.222475
v -0.015868 0.016263 -0.222744
v -0.015748 0.016263 -0.222996
v -0.008561 0.016263 -0.205725
v -0.008719 0.016263 -0.205955
v -0.019356 0.016263 -0.212335
v -0.013152 0.016263 -0.221145
v -0.019586 0.016263 -0.212177
v -0.019785 0.016263 -0.211981
v -0.016968 0.016263 -0.210929
v -0.016995 0.016263 -0.210651
v -0.008927 0.016263 -0.206757
v -0.018859 0.016263 -0.209369
v -0.019128 0.016263 -0.209444
v -0.020076 0.016263 -0.210408
v -0.020146 0.016263 -0.210678
v -0.020168 0.016263 -0.210956
v -0.001749 0.016263 -0.217173
v -0.001911 0.016263 -0.216946
v -0.007591 0.016263 -0.208321
v -0.002110 0.016263 -0.216750
v -0.002339 0.016263 -0.216592
v -0.015586 0.016263 -0.223223
v -0.015387 0.016263 -0.223418
v -0.015157 0.016263 -0.223576
v -0.014903 0.016263 -0.223692
v -0.014633 0.016263 -0.223762
v -0.014355 0.016263 -0.223784
v -0.008835 0.016263 -0.206209
v -0.008905 0.016263 -0.206479
v -0.008900 0.016263 -0.207035
v -0.008826 0.016263 -0.207303
v -0.017529 0.016263 -0.212160
v -0.008706 0.016263 -0.207555
v -0.017756 0.016263 -0.212321
v -0.019380 0.016263 -0.209564
v -0.019607 0.016263 -0.209726
v -0.013351 0.016263 -0.220950
v -0.013581 0.016263 -0.220792
v -0.013834 0.016263 -0.220676
v -0.014660 0.016263 -0.220611
v -0.019947 0.016263 -0.211754
v -0.014382 0.016263 -0.220584
v -0.014104 0.016263 -0.220606
v -0.003939 0.016263 -0.216606
v -0.004166 0.016263 -0.216768
v -0.019103 0.016263 -0.212451
v -0.004362 0.016263 -0.216967
v -0.004520 0.016263 -0.217196
v -0.004636 0.016263 -0.217450
v -0.004706 0.016263 -0.217720
v -0.004728 0.016263 -0.217998
v -0.008544 0.016263 -0.207782
v -0.008345 0.016263 -0.207978
v -0.013809 0.016263 -0.223683
v -0.013557 0.016263 -0.223563
v -0.017351 0.016263 -0.209904
v -0.017550 0.016263 -0.209708
v -0.020141 0.016263 -0.211234
v -0.020067 0.016263 -0.211502
v -0.012990 0.016263 -0.221372
v -0.004701 0.016263 -0.218276
v -0.012870 0.016263 -0.221624
v -0.004626 0.016263 -0.218545
v -0.004506 0.016263 -0.218796
v -0.008115 0.016263 -0.208136
v -0.007861 0.016263 -0.208251
v -0.002593 0.016263 -0.216477
v -0.014078 0.016263 -0.223757
v -0.004146 0.016263 -0.219219
v -0.013330 0.016263 -0.223401
v -0.007313 0.016263 -0.208343
v -0.007036 0.016263 -0.208317
v -0.006767 0.016263 -0.208242
v -0.017334 0.016263 -0.211961
v -0.017176 0.016263 -0.211731
v -0.017060 0.016263 -0.211477
v -0.016990 0.016263 -0.211207
v -0.017069 0.016263 -0.210383
v -0.017189 0.016263 -0.210131
v -0.014929 0.016263 -0.220685
v -0.015181 0.016263 -0.220805
v -0.015408 0.016263 -0.220967
v -0.002568 0.016263 -0.219484
v -0.002316 0.016263 -0.219364
v -0.002089 0.016263 -0.219202
v -0.001893 0.016263 -0.219003
v -0.001735 0.016263 -0.218773
v -0.001620 0.016263 -0.218519
v -0.018304 0.016263 -0.209365
v -0.018582 0.016263 -0.209343
v -0.002837 0.016263 -0.219558
v -0.003114 0.016263 -0.219585
v -0.003392 0.016263 -0.219563
v -0.003662 0.016263 -0.219493
v -0.006092 0.016263 -0.207761
v -0.006288 0.016263 -0.207960
v -0.006515 0.016263 -0.208122
v -0.005934 0.016263 -0.207532
v -0.005819 0.016263 -0.207278
v -0.005749 0.016263 -0.207008
v -0.005948 0.016263 -0.205932
v -0.006110 0.016263 -0.205705
v -0.006792 0.016263 -0.205235
v -0.007062 0.016263 -0.205165
v -0.007340 0.016263 -0.205143
v -0.007618 0.016263 -0.205170
v -0.017780 0.016263 -0.209550
v -0.018034 0.016263 -0.209435
v -0.001550 0.016263 -0.218249
v -0.001528 0.016263 -0.217971
v -0.001554 0.016263 -0.217694
v -0.007887 0.016263 -0.205245
v -0.008138 0.016263 -0.205365
v -0.008366 0.016263 -0.205526
v -0.005727 0.016263 -0.206730
v -0.005753 0.016263 -0.206452
v -0.005828 0.016263 -0.206184
v -0.006309 0.016263 -0.205509
v -0.006538 0.016263 -0.205351
v -0.001629 0.016263 -0.217425
v -0.002110 -0.016263 -0.216750
v -0.001911 -0.016263 -0.216946
v -0.005819 -0.016263 -0.207278
v -0.001528 -0.016263 -0.217971
v -0.001550 -0.016263 -0.218249
v -0.001620 -0.016263 -0.218519
v -0.001735 -0.016263 -0.218773
v -0.007887 -0.016263 -0.205245
v -0.007618 -0.016263 -0.205170
v -0.001749 -0.016263 -0.217173
v -0.001629 -0.016263 -0.217425
v -0.001554 -0.016263 -0.217694
v -0.015181 -0.016263 -0.220805
v -0.014929 -0.016263 -0.220685
v -0.006092 -0.016263 -0.207761
v -0.005749 -0.016263 -0.207008
v -0.002316 -0.016263 -0.219364
v -0.007340 -0.016263 -0.205143
v -0.007062 -0.016263 -0.205165
v -0.006792 -0.016263 -0.205235
v -0.004520 -0.016263 -0.217196
v -0.004362 -0.016263 -0.216967
v -0.013152 -0.016263 -0.221145
v -0.006110 -0.016263 -0.205705
v -0.005948 -0.016263 -0.205932
v -0.007036 -0.016263 -0.208317
v -0.007313 -0.016263 -0.208343
v -0.017529 -0.016263 -0.212160
v -0.002089 -0.016263 -0.219202
v -0.020141 -0.016263 -0.211234
v -0.020168 -0.016263 -0.210956
v -0.003141 -0.016263 -0.216385
v -0.002863 -0.016263 -0.216407
v -0.008561 -0.016263 -0.205725
v -0.008366 -0.016263 -0.205526
v -0.008138 -0.016263 -0.205365
v -0.006538 -0.016263 -0.205351
v -0.006309 -0.016263 -0.205509
v -0.001893 -0.016263 -0.219003
v -0.015947 -0.016263 -0.221919
v -0.018008 -0.016263 -0.212441
v -0.015969 -0.016263 -0.222197
v -0.015942 -0.016263 -0.222475
v -0.014660 -0.016263 -0.220611
v -0.014382 -0.016263 -0.220584
v -0.005934 -0.016263 -0.207532
v -0.014104 -0.016263 -0.220606
v -0.013834 -0.016263 -0.220676
v -0.002593 -0.016263 -0.216477
v -0.002339 -0.016263 -0.216592
v -0.007591 -0.016263 -0.208321
v -0.007861 -0.016263 -0.208251
v -0.017334 -0.016263 -0.211961
v -0.017176 -0.016263 -0.211731
v -0.008719 -0.016263 -0.205955
v -0.017351 -0.016263 -0.209904
v -0.008835 -0.016263 -0.206209
v -0.008905 -0.016263 -0.206479
v -0.005828 -0.016263 -0.206184
v -0.005753 -0.016263 -0.206452
v -0.005727 -0.016263 -0.206730
v -0.008115 -0.016263 -0.208136
v -0.008345 -0.016263 -0.207978
v -0.016990 -0.016263 -0.211207
v -0.013581 -0.016263 -0.220792
v -0.013351 -0.016263 -0.220950
v -0.008544 -0.016263 -0.207782
v -0.008706 -0.016263 -0.207555
v -0.016968 -0.016263 -0.210929
v -0.016995 -0.016263 -0.210651
v -0.017060 -0.016263 -0.211477
v -0.015408 -0.016263 -0.220967
v -0.006288 -0.016263 -0.207960
v -0.015603 -0.016263 -0.221166
v -0.006515 -0.016263 -0.208122
v -0.006767 -0.016263 -0.208242
v -0.002568 -0.016263 -0.219484
v -0.020146 -0.016263 -0.210678
v -0.020076 -0.016263 -0.210408
v -0.019960 -0.016263 -0.210154
v -0.018304 -0.016263 -0.209365
v -0.018034 -0.016263 -0.209435
v -0.017780 -0.016263 -0.209550
v -0.004166 -0.016263 -0.216768
v -0.003939 -0.016263 -0.216606
v -0.003687 -0.016263 -0.216486
v -0.003419 -0.016263 -0.216411
v -0.015877 -0.016263 -0.221649
v -0.015761 -0.016263 -0.221396
v -0.017756 -0.016263 -0.212321
v -0.019802 -0.016263 -0.209924
v -0.019607 -0.016263 -0.209726
v -0.019380 -0.016263 -0.209564
v -0.019128 -0.016263 -0.209444
v -0.018859 -0.016263 -0.209369
v -0.018582 -0.016263 -0.209343
v -0.017550 -0.016263 -0.209708
v -0.018833 -0.016263 -0.212521
v -0.018555 -0.016263 -0.212543
v -0.018277 -0.016263 -0.212516
v -0.019103 -0.016263 -0.212451
v -0.019356 -0.016263 -0.212335
v -0.019586 -0.016263 -0.212177
v -0.019785 -0.016263 -0.211981
v -0.019947 -0.016263 -0.211754
v -0.020067 -0.016263 -0.211502
v -0.003916 -0.016263 -0.219377
v -0.003662 -0.016263 -0.219493
v -0.003392 -0.016263 -0.219563
v -0.003114 -0.016263 -0.219585
v -0.002836 -0.016263 -0.219558
v -0.004701 -0.016263 -0.218276
v -0.004728 -0.016263 -0.217998
v -0.012990 -0.016263 -0.221372
v -0.004706 -0.016263 -0.217720
v -0.004636 -0.016263 -0.217450
v -0.004146 -0.016263 -0.219219
v -0.004345 -0.016263 -0.219023
v -0.012769 -0.016263 -0.222170
v -0.004506 -0.016263 -0.218796
v -0.012791 -0.016263 -0.222448
v -0.012861 -0.016263 -0.222718
v -0.012977 -0.016263 -0.222972
v -0.014903 -0.016263 -0.223692
v -0.015157 -0.016263 -0.223576
v -0.015387 -0.016263 -0.223418
v -0.015586 -0.016263 -0.223223
v -0.015748 -0.016263 -0.222996
v -0.017069 -0.016263 -0.210383
v -0.008826 -0.016263 -0.207303
v -0.017189 -0.016263 -0.210131
v -0.008900 -0.016263 -0.207035
v -0.008927 -0.016263 -0.206757
v -0.013135 -0.016263 -0.223202
v -0.013330 -0.016263 -0.223401
v -0.013557 -0.016263 -0.223563
v -0.013809 -0.016263 -0.223683
v -0.014078 -0.016263 -0.223757
v -0.015868 -0.016263 -0.222744
v -0.004626 -0.016263 -0.218545
v -0.012870 -0.016263 -0.221624
v -0.012796 -0.016263 -0.221893
v -0.014355 -0.016263 -0.223784
v -0.014633 -0.016263 -0.223762
vn -0.0000 -1.0000 -0.0000
vn -0.9833 -0.0000 -0.1819
vn -0.1819 -0.0000 0.9833
vn 0.9027 -0.0000 0.4302
vn -0.1820 -0.0000 0.9833
vn -0.9969 -0.0000 0.0788
vn 0.0956 -0.0000 -0.9954
vn 0.0955 -0.0000 -0.9954
vn -0.0788 -0.0000 -0.9969
vn -0.0787 -0.0000 -0.9969
vn -0.2507 -0.0000 -0.9681
vn -0.4150 -0.0000 -0.9098
vn -0.5667 -0.0000 -0.8240
vn -0.5666 -0.0000 -0.8240
vn -0.7011 -0.0000 -0.7130
vn -0.7011 -0.0000 -0.7131
vn -0.8143 -0.0000 -0.5805
vn -0.8143 -0.0000 -0.5804
vn -0.9027 -0.0000 -0.4302
vn -0.9637 -0.0000 -0.2670
vn -0.9954 -0.0000 -0.0955
vn -0.9969 -0.0000 0.0787
vn -0.9681 -0.0000 0.2507
vn -0.9098 -0.0000 0.4150
vn -0.8240 -0.0000 0.5666
vn -0.7130 -0.0000 0.7011
vn -0.5804 -0.0000 0.8143
vn -0.5805 -0.0000 0.8143
vn -0.4302 -0.0000 0.9027
vn -0.4303 -0.0000 0.9027
vn -0.2670 -0.0000 0.9637
vn -0.2669 -0.0000 0.9637
vn -0.0955 -0.0000 0.9954
vn -0.0956 -0.0000 0.9954
vn 0.0788 -0.0000 0.9969
vn 0.2507 -0.0000 0.9681
vn 0.4150 -0.0000 0.9098
vn 0.5666 -0.0000 0.8240
vn 0.5667 -0.0000 0.8239
vn 0.7011 -0.0000 0.7130
vn 0.7011 -0.0000 0.7131
vn 0.8143 -0.0000 0.5805
vn 0.9027 -0.0000 0.4303
vn 0.9637 -0.0000 0.2670
vn 0.9637 -0.0000 0.2669
vn 0.9954 -0.0000 0.0955
vn 0.9954 -0.0000 0.0956
vn 0.9969 -0.0000 -0.0787
vn 0.9969 -0.0000 -0.0788
vn 0.9681 -0.0000 -0.2507
vn 0.9098 -0.0000 -0.4150
vn 0.9098 -0.0000 -0.4149
vn 0.8240 -0.0000 -0.5666
vn 0.8240 -0.0000 -0.5667
vn 0.7130 -0.0000 -0.7011
vn 0.5805 -0.0000 -0.8143
vn 0.4302 -0.0000 -0.9027
vn 0.2669 -0.0000 -0.9637
vn 0.2670 -0.0000 -0.9637
vn 0.8645 -0.0000 0.5026
vn 0.7711 -0.0000 0.6367
vn 0.6571 -0.0000 0.7538
vn 0.5255 -0.0000 0.8508
vn 0.3799 -0.0000 0.9250
vn 0.2242 -0.0000 0.9745
vn 0.0624 -0.0000 0.9980
vn -0.1010 -0.0000 0.9949
vn -0.2617 -0.0000 0.9651
vn -0.2617 -0.0000 0.9652
vn -0.4154 -0.0000 0.9096
vn -0.5580 -0.0000 0.8298
vn -0.5581 -0.0000 0.8298
vn -0.6858 -0.0000 0.7278
vn -0.7952 -0.0000 0.6064
vn -0.8833 -0.0000 0.4688
vn -0.9479 -0.0000 0.3186
vn -0.9871 -0.0000 0.1599
vn -0.9871 -0.0000 0.1600
vn -0.9954 -0.0000 -0.0956
vn 0.0787 -0.0000 0.9969
vn -0.0000 1.0000 -0.0000
vn -0.0000 1.0000 -0.0001
vn -0.0000 1.0000 0.0001
vn -0.2506 -0.0000 -0.9681
vn -0.5667 -0.0000 -0.8239
vn -0.9027 -0.0000 -0.4303
vn -0.9637 -0.0000 -0.2669
vn 0.2506 -0.0000 0.9681
vn 0.5667 -0.0000 0.8240
vn 0.5804 -0.0000 -0.8143
vn 0.5256 -0.0000 0.8508
vn 0.2242 -0.0000 0.9746
vn -0.9901 -0.0000 0.1400
vn 0.3500 -0.0000 -0.9368
vn 0.3499 -0.0000 -0.9368
vn 0.9915 -0.0000 -0.1302
vn -0.9976 -0.0000 0.0693
vn -0.9973 -0.0000 -0.0728
vn -0.9770 -0.0000 -0.2134
vn -0.9917 -0.0000 -0.1287
vn -0.9998 -0.0000 -0.0212
vn -0.9963 -0.0000 0.0865
vn -0.9740 -0.0000 0.2266
vn 0.9892 -0.0000 -0.1468
vn 0.9905 -0.0000 0.1375
vn 0.9838 -0.0000 -0.1790
vn 0.9810 -0.0000 -0.1938
vn 0.9837 -0.0000 -0.1796
vn 0.9886 -0.0000 -0.1507
vn 0.9935 -0.0000 -0.1141
vn 0.9974 -0.0000 -0.0714
vn 0.9997 -0.0000 -0.0239
vn 0.9996 -0.0000 0.0275
vn 0.9966 -0.0000 0.0819
vn 0.0957 -0.0000 -0.9954
vn -0.4149 -0.0000 -0.9099
vn -0.9681 -0.0000 0.2506
vn -0.9098 -0.0000 0.4149
vn -0.8240 -0.0000 0.5667
vn -0.7131 -0.0000 0.7011
vn -0.2668 -0.0000 0.9637
vn -0.0957 -0.0000 0.9954
vn 0.0789 -0.0000 0.9969
vn 0.4149 -0.0000 0.9099
vn 0.4151 -0.0000 0.9098
vn 0.7012 -0.0000 0.7130
vn 0.8142 -0.0000 0.5805
vn 0.8143 -0.0000 0.5804
vn 0.9027 -0.0000 0.4304
vn 0.9099 -0.0000 -0.4149
vn 0.7132 -0.0000 -0.7010
vn 0.7129 -0.0000 -0.7012
vn 0.5805 -0.0000 -0.8142
vn 0.4303 -0.0000 -0.9027
vn 0.2668 -0.0000 -0.9637
vn 0.0953 -0.0000 -0.9954
vn -0.0785 -0.0000 -0.9969
vn -0.2508 -0.0000 -0.9680
vn -0.2505 -0.0000 -0.9681
vn -0.4151 -0.0000 -0.9098
vn -0.7012 -0.0000 -0.7130
vn -0.7010 -0.0000 -0.7132
vn -0.8142 -0.0000 -0.5805
vn -0.9098 -0.0000 0.4151
vn -0.9099 -0.0000 0.4149
vn -0.8239 -0.0000 0.5667
vn -0.7132 -0.0000 0.7010
vn -0.7129 -0.0000 0.7012
vn -0.4304 -0.0000 0.9026
vn 0.2505 -0.0000 0.9681
vn 0.5668 -0.0000 0.8239
vn 0.7010 -0.0000 0.7131
vn 0.8144 -0.0000 0.5803
vn 0.9099 -0.0000 -0.4148
vn 0.5806 -0.0000 -0.8142
vn 0.4301 -0.0000 -0.9028
vn 0.4304 -0.0000 -0.9026
vn -0.0786 -0.0000 -0.9969
vn -0.9027 -0.0000 -0.4304
vn -0.9099 -0.0000 0.4148
vn -0.5804 -0.0000 0.8144
vn -0.2671 -0.0000 0.9637
vn -0.0953 -0.0000 0.9954
vn 0.2508 -0.0000 0.9680
vn 0.5665 -0.0000 0.8241
vn 0.9681 -0.0000 -0.2506
vn 0.9098 -0.0000 -0.4151
vn -0.4152 -0.0000 -0.9097
vn -0.4147 -0.0000 -0.9099
vn -0.5668 -0.0000 -0.8239
vn -0.5665 -0.0000 -0.8240
vn -0.8240 -0.0000 0.5665
vn -0.5805 -0.0000 0.8142
vn -0.4301 -0.0000 0.9028
vn -0.0954 -0.0000 0.9954
vn 0.4148 -0.0000 0.9099
vn 0.5669 -0.0000 0.8238
vn 0.9028 -0.0000 0.4301
vn 0.7130 -0.0000 -0.7012
vn 0.7131 -0.0000 -0.7011
vn 0.5807 -0.0000 -0.8142
vn 0.2671 -0.0000 -0.9637
vn 0.9368 -0.0000 0.3499
vn -0.9368 -0.0000 -0.3499
vn -0.6535 -0.0000 -0.7570
vn -0.6535 -0.0000 -0.7569
vn 0.9820 -0.0000 -0.1888
vn 0.9956 -0.0000 -0.0941
vn 1.0000 -0.0000 -0.0017
vn 0.9901 -0.0000 -0.1400
vn 0.9979 -0.0000 0.0646
vn 0.9974 -0.0000 -0.0721
vn -0.0815 -0.0000 0.9967
vn -0.0816 -0.0000 0.9967
vn -0.9820 -0.0000 0.1888
vn -0.9914 -0.0000 0.1310
vn -0.9978 -0.0000 0.0657
vn -0.9940 -0.0000 0.1098
vn -0.9893 -0.0000 0.1462
vn -0.9842 -0.0000 0.1771
vn -0.9813 -0.0000 0.1927
vn -0.9847 -0.0000 0.1740
vn -0.9894 -0.0000 0.1449
vn 0.1819 -0.0000 -0.9833
vn -0.0001 1.0000 0.0001
vn -0.1621 -0.0000 0.9868
vn -0.3196 -0.0000 0.9476
vn -0.3195 -0.0000 0.9476
vn -0.4686 -0.0000 0.8834
vn -0.6052 -0.0000 0.7961
vn -0.6052 -0.0000 0.7960
vn -0.7260 -0.0000 0.6877
vn -0.8276 -0.0000 0.5613
vn -0.9075 -0.0000 0.4201
vn -0.9635 -0.0000 0.2678
vn 0.0028 -0.0000 1.0000
vn 0.0027 -0.0000 1.0000
vn 0.1708 -0.0000 0.9853
vn 0.3339 -0.0000 0.9426
vn 0.4876 -0.0000 0.8731
vn 0.4875 -0.0000 0.8731
vn 0.6273 -0.0000 0.7788
vn 0.7492 -0.0000 0.6623
vn 0.8499 -0.0000 0.5270
vn 0.9263 -0.0000 0.3767
vn 0.9765 -0.0000 0.2157
vn 0.1012 -0.0000 -0.9949
vn -0.0617 -0.0000 -0.9981
vn -0.2230 -0.0000 -0.9748
vn -0.3783 -0.0000 -0.9257
vn -0.5236 -0.0000 -0.8519
vn -0.5237 -0.0000 -0.8519
vn -0.6551 -0.0000 -0.7556
vn -0.7691 -0.0000 -0.6392
vn -0.8627 -0.0000 -0.5058
vn -0.9334 -0.0000 -0.3590
vn -0.9334 -0.0000 -0.3589
vn -0.9793 -0.0000 -0.2026
vn -0.9992 -0.0000 -0.0409
vn 0.9994 -0.0000 -0.0350
vn 0.9812 -0.0000 -0.1929
vn 0.9382 -0.0000 -0.3460
vn 0.8715 -0.0000 -0.4903
vn 0.7828 -0.0000 -0.6222
vn 0.7828 -0.0000 -0.6223
vn 0.6743 -0.0000 -0.7385
vn 0.6743 -0.0000 -0.7384
vn 0.5487 -0.0000 -0.8360
vn 0.4093 -0.0000 -0.9124
vn 0.2595 -0.0000 -0.9657
vn -0.7259 -0.0000 0.6878
vn -0.4685 -0.0000 0.8835
vn 0.7493 -0.0000 0.6623
vn 0.1707 -0.0000 0.9853
vn 0.2553 -0.7968 0.5477
vn 0.1834 -0.9107 0.3701
vn 0.3987 -0.3736 0.8375
vn 0.1024 -0.9794 0.1741
vn 0.4301 -0.1589 0.8887
vn 0.4403 0.0635 0.8956
vn 0.4380 0.1554 0.8854
vn 0.4173 0.3701 0.8300
vn 0.3759 0.5664 0.7334
vn 0.3532 0.6400 0.6824
vn 0.2863 0.7940 0.5363
vn 0.2052 0.9087 0.3635
vn 0.1139 0.9784 0.1727
vn 0.0741 0.9931 0.0905
vn -0.0238 0.9937 -0.1096
vn -0.1592 0.9107 -0.3811
vn -0.2461 0.7968 -0.5519
vn -0.1996 0.7706 -0.6053
vn -0.2613 0.7320 -0.6292
vn -0.2600 0.7308 -0.6312
vn -0.2387 0.6284 -0.7404
vn -0.3233 0.6134 -0.7206
vn -0.1950 0.7668 -0.6116
vn -0.1951 0.7667 -0.6116
vn -0.1291 0.7981 -0.5885
vn -0.2585 0.7293 -0.6334
vn -0.1912 0.7624 -0.6182
vn -0.1910 0.7624 -0.6183
vn -0.1225 0.7910 -0.5995
vn -0.1225 0.7910 -0.5994
vn -0.0532 0.8150 -0.5770
vn -0.2573 0.7278 -0.6357
vn -0.1878 0.7578 -0.6249
vn -0.1876 0.7578 -0.6249
vn -0.1169 0.7834 -0.6105
vn -0.0454 0.8043 -0.5925
vn 0.0264 0.8206 -0.5710
vn -0.2565 0.7262 -0.6379
vn -0.3343 0.5698 -0.7507
vn -0.3123 0.5656 -0.7633
vn -0.3420 0.5379 -0.7705
vn -0.3502 0.4994 -0.7924
vn -0.3797 0.4913 -0.7838
vn -0.3421 0.4328 -0.8341
vn -0.3638 0.4233 -0.8297
vn -0.1849 0.7529 -0.6316
vn -0.1850 0.7529 -0.6316
vn -0.1123 0.7752 -0.6216
vn -0.1122 0.7752 -0.6217
vn -0.0390 0.7929 -0.6080
vn -0.0389 0.7930 -0.6080
vn 0.0346 0.8061 -0.5908
vn 0.0346 0.8060 -0.5908
vn 0.1079 0.8144 -0.5702
vn -0.2557 0.7244 -0.6402
vn -0.1827 0.7477 -0.6384
vn -0.1086 0.7666 -0.6329
vn -0.1087 0.7666 -0.6329
vn -0.0339 0.7810 -0.6236
vn -0.0339 0.7810 -0.6237
vn 0.0410 0.7907 -0.6108
vn 0.0410 0.7908 -0.6107
vn 0.1157 0.7959 -0.5942
vn 0.1157 0.7959 -0.5943
vn 0.1897 0.7964 -0.5743
vn -0.2554 0.7226 -0.6423
vn -0.1812 0.7423 -0.6451
vn -0.1812 0.7422 -0.6452
vn -0.1061 0.7575 -0.6441
vn -0.0304 0.7684 -0.6393
vn -0.0303 0.7685 -0.6392
vn 0.0455 0.7748 -0.6306
vn 0.1212 0.7766 -0.6183
vn 0.1961 0.7738 -0.6023
vn 0.2698 0.7665 -0.5829
vn -0.2548 0.7207 -0.6447
vn -0.3710 0.3736 -0.8502
vn -0.3535 0.3625 -0.8623
vn -0.3755 0.3378 -0.8631
vn -0.3806 0.2889 -0.8785
vn -0.3855 0.2864 -0.8771
vn -0.3818 0.2150 -0.8989
vn -0.3864 0.2122 -0.8976
vn -0.1803 0.7366 -0.6518
vn -0.1803 0.7367 -0.6518
vn -0.1046 0.7482 -0.6551
vn -0.0283 0.7554 -0.6546
vn -0.0283 0.7554 -0.6547
vn 0.0482 0.7581 -0.6503
vn 0.1244 0.7564 -0.6421
vn 0.1998 0.7503 -0.6302
vn 0.1999 0.7503 -0.6302
vn 0.2741 0.7397 -0.6146
vn 0.2741 0.7397 -0.6145
vn 0.3468 0.7248 -0.5953
vn -0.2549 0.7187 -0.6469
vn -0.1800 0.7308 -0.6585
vn -0.1800 0.7309 -0.6584
vn -0.1041 0.7386 -0.6661
vn -0.1042 0.7385 -0.6661
vn -0.0277 0.7419 -0.6699
vn -0.0277 0.7420 -0.6699
vn 0.0490 0.7410 -0.6697
vn 0.1253 0.7357 -0.6656
vn 0.2010 0.7261 -0.6576
vn 0.2754 0.7122 -0.6458
vn 0.3482 0.6941 -0.6301
vn 0.4189 0.6719 -0.6108
vn -0.2550 0.7168 -0.6490
vn -0.0123 0.9876 -0.1564
vn -0.1804 0.7249 -0.6648
vn -0.1804 0.7248 -0.6649
vn -0.1048 0.7287 -0.6768
vn -0.0286 0.7282 -0.6847
vn -0.0286 0.7282 -0.6848
vn 0.0479 0.7234 -0.6888
vn 0.0479 0.7235 -0.6887
vn 0.1239 0.7145 -0.6886
vn 0.1240 0.7144 -0.6887
vn 0.1993 0.7012 -0.6845
vn 0.1994 0.7012 -0.6845
vn 0.2736 0.6839 -0.6763
vn 0.3461 0.6626 -0.6642
vn 0.4167 0.6374 -0.6482
vn 0.4848 0.6084 -0.6283
vn -0.2553 0.7147 -0.6511
vn -0.3889 0.1589 -0.9074
vn -0.3751 0.1402 -0.9163
vn -0.3902 0.1210 -0.9127
vn -0.3908 0.0632 -0.9183
vn -0.3855 0.0671 -0.9202
vn -0.3955 -0.0137 -0.9184
vn -0.3898 -0.0094 -0.9209
vn -0.1815 0.7187 -0.6712
vn -0.1814 0.7188 -0.6712
vn -0.1065 0.7186 -0.6873
vn -0.0310 0.7141 -0.6993
vn -0.0309 0.7142 -0.6993
vn 0.0449 0.7056 -0.7072
vn 0.0448 0.7055 -0.7073
vn 0.1203 0.6928 -0.7110
vn 0.1951 0.6760 -0.7106
vn 0.2687 0.6552 -0.7061
vn 0.3408 0.6305 -0.6974
vn 0.3407 0.6305 -0.6974
vn 0.4107 0.6022 -0.6846
vn 0.4108 0.6022 -0.6846
vn 0.4783 0.5703 -0.6678
vn 0.4784 0.5703 -0.6678
vn 0.5432 0.5351 -0.6470
vn -0.2558 0.7128 -0.6531
vn -0.3876 -0.0635 -0.9196
vn -0.3763 -0.0893 -0.9222
vn -0.3855 -0.1017 -0.9171
vn -0.1831 0.7127 -0.6772
vn -0.1831 0.7126 -0.6772
vn -0.1093 0.7084 -0.6973
vn -0.1092 0.7084 -0.6973
vn -0.0348 0.7000 -0.7133
vn -0.0347 0.7000 -0.7133
vn 0.0399 0.6875 -0.7251
vn 0.0400 0.6875 -0.7251
vn 0.1144 0.6709 -0.7327
vn 0.1882 0.6504 -0.7359
vn 0.1881 0.6504 -0.7359
vn 0.2608 0.6261 -0.7349
vn 0.2608 0.6261 -0.7348
vn 0.3320 0.5981 -0.7295
vn 0.3319 0.5981 -0.7295
vn 0.4011 0.5666 -0.7198
vn 0.4679 0.5318 -0.7059
vn 0.5320 0.4938 -0.6878
vn 0.5320 0.4938 -0.6879
vn 0.5929 0.4530 -0.6658
vn -0.2566 0.7106 -0.6551
vn -0.1854 0.7064 -0.6831
vn -0.1130 0.6981 -0.7070
vn -0.0401 0.6857 -0.7268
vn -0.0400 0.6857 -0.7268
vn 0.0332 0.6692 -0.7423
vn 0.0332 0.6693 -0.7423
vn 0.1063 0.6489 -0.7534
vn 0.1062 0.6489 -0.7535
vn 0.1786 0.6247 -0.7602
vn 0.1787 0.6247 -0.7602
vn 0.2500 0.5968 -0.7625
vn 0.3199 0.5654 -0.7602
vn 0.3879 0.5308 -0.7536
vn 0.3878 0.5308 -0.7536
vn 0.4536 0.4930 -0.7425
vn 0.4535 0.4930 -0.7425
vn 0.5166 0.4523 -0.7270
vn 0.5766 0.4089 -0.7073
vn 0.6332 0.3632 -0.6835
vn -0.2576 0.7086 -0.6569
vn -0.1883 0.7003 -0.6886
vn -0.1178 0.6879 -0.7162
vn -0.1179 0.6879 -0.7162
vn -0.0467 0.6714 -0.7396
vn -0.0468 0.6714 -0.7396
vn 0.0246 0.6510 -0.7586
vn 0.0247 0.6510 -0.7587
vn 0.0959 0.6268 -0.7732
vn 0.1666 0.5989 -0.7833
vn 0.1666 0.5990 -0.7833
vn 0.2363 0.5675 -0.7887
vn 0.2362 0.5675 -0.7887
vn 0.3045 0.5328 -0.7895
vn 0.3046 0.5328 -0.7895
vn 0.3711 0.4949 -0.7857
vn 0.4354 0.4542 -0.7773
vn 0.4971 0.4108 -0.7643
vn 0.5560 0.3649 -0.7468
vn 0.5559 0.3649 -0.7468
vn 0.6115 0.3170 -0.7250
vn 0.6634 0.2671 -0.6989
vn -0.2588 0.7065 -0.6587
vn -0.3814 -0.1554 -0.9112
vn -0.3720 -0.1653 -0.9134
vn -0.3779 -0.1931 -0.9055
vn -0.3725 -0.2408 -0.8962
vn -0.3775 -0.2459 -0.8928
vn -0.3577 -0.3140 -0.8795
vn -0.3617 -0.3193 -0.8759
vn -0.1918 0.6941 -0.6939
vn -0.1918 0.6941 -0.6938
vn -0.1237 0.6777 -0.7249
vn -0.1236 0.6777 -0.7249
vn -0.0548 0.6573 -0.7517
vn -0.0548 0.6572 -0.7517
vn 0.0144 0.6329 -0.7741
vn 0.0144 0.6330 -0.7740
vn 0.0835 0.6050 -0.7919
vn 0.0834 0.6050 -0.7919
vn 0.1520 0.5734 -0.8051
vn 0.2198 0.5384 -0.8135
vn 0.2197 0.5384 -0.8135
vn 0.2861 0.5004 -0.8172
vn 0.3508 0.4593 -0.8161
vn 0.3507 0.4593 -0.8161
vn 0.4134 0.4156 -0.8102
vn 0.4736 0.3695 -0.7995
vn 0.5310 0.3211 -0.7841
vn 0.5853 0.2710 -0.7642
vn 0.6362 0.2192 -0.7397
vn 0.6362 0.2192 -0.7398
vn 0.6833 0.1661 -0.7110
vn -0.2602 0.7045 -0.6603
vn -0.1960 0.6880 -0.6987
vn -0.1958 0.6881 -0.6987
vn -0.1305 0.6676 -0.7330
vn -0.1304 0.6676 -0.7330
vn -0.0641 0.6432 -0.7630
vn -0.0642 0.6432 -0.7630
vn 0.0024 0.6151 -0.7885
vn 0.0690 0.5833 -0.8093
vn 0.0689 0.5833 -0.8094
vn 0.1351 0.5481 -0.8254
vn 0.1350 0.5481 -0.8254
vn 0.2004 0.5097 -0.8367
vn 0.2645 0.4683 -0.8431
vn 0.2646 0.4683 -0.8430
vn 0.3272 0.4241 -0.8444
vn 0.3878 0.3775 -0.8409
vn 0.3879 0.3775 -0.8409
vn 0.4463 0.3287 -0.8324
vn 0.4462 0.3287 -0.8324
vn 0.5020 0.2779 -0.8190
vn 0.5548 0.2255 -0.8008
vn 0.6044 0.1718 -0.7779
vn 0.6504 0.1171 -0.7505
vn 0.6926 0.0617 -0.7187
vn -0.2616 0.7026 -0.6618
vn -0.2006 0.6822 -0.7031
vn -0.2004 0.6822 -0.7032
vn -0.1380 0.6578 -0.7405
vn -0.1380 0.6577 -0.7405
vn -0.0749 0.6295 -0.7734
vn -0.0113 0.5975 -0.8018
vn 0.0525 0.5620 -0.8254
vn 0.0524 0.5621 -0.8254
vn 0.1159 0.5233 -0.8442
vn 0.1158 0.5233 -0.8443
vn 0.1785 0.4814 -0.8581
vn 0.2401 0.4368 -0.8669
vn 0.2402 0.4368 -0.8669
vn 0.3004 0.3896 -0.8706
vn 0.3588 0.3401 -0.8692
vn 0.3588 0.3401 -0.8693
vn 0.4152 0.2886 -0.8628
vn 0.4691 0.2354 -0.8512
vn 0.5202 0.1809 -0.8347
vn 0.5683 0.1252 -0.8132
vn 0.6131 0.0689 -0.7870
vn 0.6130 0.0689 -0.7870
vn 0.6542 0.0122 -0.7562
vn 0.6915 -0.0446 -0.7210
vn -0.2634 0.7006 -0.6631
vn -0.3531 -0.3701 -0.8593
vn -0.3408 -0.3855 -0.8574
vn -0.3464 -0.4053 -0.8460
vn -0.3359 -0.4554 -0.8245
vn -0.3349 -0.4542 -0.8256
vn -0.3209 -0.5222 -0.7901
vn -0.3199 -0.5210 -0.7913
vn -0.2056 0.6763 -0.7073
vn -0.2056 0.6763 -0.7074
vn -0.1466 0.6480 -0.7474
vn -0.1467 0.6481 -0.7473
vn -0.0868 0.6160 -0.7829
vn -0.0867 0.6160 -0.7829
vn -0.0264 0.5804 -0.8139
vn 0.0341 0.5413 -0.8401
vn 0.0944 0.4991 -0.8614
vn 0.1541 0.4539 -0.8776
vn 0.2129 0.4060 -0.8887
vn 0.2705 0.3558 -0.8945
vn 0.3265 0.3035 -0.8951
vn 0.3805 0.2495 -0.8905
vn 0.3806 0.2495 -0.8905
vn 0.4324 0.1939 -0.8806
vn 0.4817 0.1373 -0.8655
vn 0.5281 0.0798 -0.8454
vn 0.5715 0.0219 -0.8203
vn 0.6115 -0.0361 -0.7904
vn 0.6479 -0.0940 -0.7559
vn 0.6804 -0.1512 -0.7170
vn -0.2653 0.6986 -0.6644
vn -0.3073 -0.5664 -0.7647
vn -0.2931 -0.5855 -0.7559
vn -0.2979 -0.5975 -0.7445
vn -0.2113 0.6706 -0.7110
vn -0.2112 0.6707 -0.7110
vn -0.1559 0.6387 -0.7535
vn -0.1561 0.6387 -0.7535
vn -0.0997 0.6030 -0.7915
vn -0.0999 0.6030 -0.7915
vn -0.0430 0.5637 -0.8248
vn -0.0431 0.5637 -0.8248
vn 0.0140 0.5212 -0.8533
vn 0.0139 0.5212 -0.8533
vn 0.0709 0.4755 -0.8768
vn 0.0709 0.4756 -0.8768
vn 0.1274 0.4272 -0.8952
vn 0.1275 0.4272 -0.8951
vn 0.1832 0.3763 -0.9082
vn 0.1832 0.3762 -0.9082
vn 0.2379 0.3231 -0.9160
vn 0.2378 0.3231 -0.9160
vn 0.2911 0.2681 -0.9184
vn 0.3426 0.2115 -0.9154
vn 0.3427 0.2115 -0.9153
vn 0.3921 0.1537 -0.9070
vn 0.3923 0.1537 -0.9069
vn 0.4394 0.0950 -0.8932
vn 0.4841 0.0358 -0.8743
vn 0.4840 0.0358 -0.8743
vn 0.5259 -0.0237 -0.8502
vn 0.5646 -0.0830 -0.8212
vn 0.6000 -0.1418 -0.7873
vn 0.6319 -0.1998 -0.7488
vn 0.6319 -0.1998 -0.7489
vn 0.6601 -0.2566 -0.7060
vn -0.2674 0.6968 -0.6655
vn -0.2837 -0.6400 -0.7141
vn -0.2758 -0.6459 -0.7119
vn -0.2732 -0.6689 -0.6913
vn -0.2175 0.6652 -0.7143
vn -0.2172 0.6653 -0.7143
vn -0.1662 0.6297 -0.7589
vn -0.1661 0.6297 -0.7589
vn -0.1139 0.5905 -0.7990
vn -0.0610 0.5478 -0.8344
vn -0.0610 0.5477 -0.8344
vn -0.0078 0.5018 -0.8649
vn 0.0455 0.4530 -0.8904
vn 0.0985 0.4014 -0.9106
vn 0.1510 0.3475 -0.9254
vn 0.1509 0.3475 -0.9254
vn 0.2024 0.2916 -0.9349
vn 0.2025 0.2916 -0.9349
vn 0.2528 0.2340 -0.9388
vn 0.3016 0.1750 -0.9372
vn 0.3017 0.1750 -0.9372
vn 0.3487 0.1150 -0.9301
vn 0.3936 0.0544 -0.9177
vn 0.3937 0.0544 -0.9176
vn 0.4365 -0.0066 -0.8997
vn 0.4364 -0.0066 -0.8997
vn 0.4766 -0.0676 -0.8765
vn 0.4765 -0.0676 -0.8765
vn 0.5139 -0.1281 -0.8482
vn 0.5483 -0.1879 -0.8149
vn 0.5482 -0.1879 -0.8149
vn 0.5794 -0.2466 -0.7768
vn 0.5794 -0.2466 -0.7769
vn 0.6071 -0.3038 -0.7343
vn 0.6313 -0.3593 -0.6873
vn -0.2693 0.6952 -0.6664
vn -0.2236 0.6601 -0.7171
vn -0.2240 0.6600 -0.7171
vn -0.1770 0.6210 -0.7635
vn -0.1770 0.6211 -0.7635
vn -0.1290 0.5785 -0.8054
vn -0.0803 0.5324 -0.8427
vn -0.0311 0.4833 -0.8749
vn -0.0310 0.4833 -0.8749
vn 0.0183 0.4313 -0.9020
vn 0.0675 0.3768 -0.9238
vn 0.0676 0.3768 -0.9238
vn 0.1165 0.3201 -0.9402
vn 0.1164 0.3201 -0.9402
vn 0.1646 0.2615 -0.9511
vn 0.2118 0.2014 -0.9563
vn 0.2578 0.1401 -0.9560
vn 0.2577 0.1401 -0.9560
vn 0.3021 0.0780 -0.9501
vn 0.3022 0.0780 -0.9501
vn 0.3448 0.0155 -0.9385
vn 0.3449 0.0155 -0.9385
vn 0.3855 -0.0471 -0.9215
vn 0.3854 -0.0471 -0.9215
vn 0.4239 -0.1095 -0.8991
vn 0.4238 -0.1095 -0.8991
vn 0.4597 -0.1712 -0.8714
vn 0.4929 -0.2319 -0.8386
vn 0.5232 -0.2913 -0.8009
vn 0.5504 -0.3489 -0.7585
vn 0.5744 -0.4045 -0.7117
vn 0.5950 -0.4577 -0.6607
vn -0.2720 0.6934 -0.6672
vn 0.3297 0.7025 0.6307
vn -0.2600 -0.7025 -0.6625
vn -0.2463 -0.7346 -0.6322
vn -0.2312 -0.7547 -0.6140
vn -0.2345 -0.7600 -0.6061
vn -0.2309 0.6551 -0.7194
vn -0.2308 0.6551 -0.7194
vn -0.1884 0.6129 -0.7674
vn -0.1449 0.5671 -0.8108
vn -0.1007 0.5180 -0.8495
vn -0.1005 0.5180 -0.8495
vn -0.0558 0.4658 -0.8831
vn -0.0557 0.4658 -0.8831
vn -0.0105 0.4109 -0.9116
vn -0.0104 0.4109 -0.9116
vn 0.0348 0.3535 -0.9348
vn 0.0349 0.3535 -0.9348
vn 0.0799 0.2941 -0.9524
vn 0.1245 0.2330 -0.9645
vn 0.1685 0.1706 -0.9708
vn 0.1684 0.1706 -0.9709
vn 0.2113 0.1071 -0.9715
vn 0.2112 0.1071 -0.9716
vn 0.2529 0.0430 -0.9665
vn 0.2530 0.0430 -0.9665
vn 0.2930 -0.0213 -0.9559
vn 0.2931 -0.0213 -0.9559
vn 0.3314 -0.0855 -0.9396
vn 0.3315 -0.0855 -0.9396
vn 0.3679 -0.1492 -0.9178
vn 0.3680 -0.1492 -0.9178
vn 0.4023 -0.2120 -0.8906
vn 0.4343 -0.2736 -0.8582
vn 0.4342 -0.2736 -0.8582
vn 0.4637 -0.3336 -0.8208
vn 0.4636 -0.3336 -0.8208
vn 0.4903 -0.3916 -0.7786
vn 0.4904 -0.3916 -0.7786
vn 0.5142 -0.4473 -0.7318
vn 0.5350 -0.5004 -0.6808
vn 0.5350 -0.5004 -0.6807
vn 0.5527 -0.5505 -0.6257
vn -0.2742 0.6920 -0.6678
vn -0.2380 0.6505 -0.7212
vn -0.2381 0.6505 -0.7212
vn -0.2004 0.6053 -0.7704
vn -0.2005 0.6053 -0.7703
vn -0.1617 0.5565 -0.8150
vn -0.1617 0.5564 -0.8150
vn -0.1219 0.5044 -0.8548
vn -0.1221 0.5043 -0.8548
vn -0.0817 0.4493 -0.8896
vn -0.0815 0.4493 -0.8896
vn -0.0407 0.3917 -0.9192
vn 0.0004 0.3317 -0.9434
vn 0.0415 0.2698 -0.9620
vn 0.0416 0.2698 -0.9620
vn 0.0824 0.2063 -0.9750
vn 0.1228 0.1416 -0.9823
vn 0.1623 0.0761 -0.9838
vn 0.1625 0.0761 -0.9838
vn 0.2012 0.0101 -0.9795
vn 0.2387 -0.0559 -0.9695
vn 0.2748 -0.1216 -0.9538
vn 0.3093 -0.1865 -0.9325
vn 0.3420 -0.2504 -0.9057
vn 0.3727 -0.3128 -0.8737
vn 0.3726 -0.3128 -0.8737
vn 0.4012 -0.3733 -0.8365
vn 0.4011 -0.3733 -0.8365
vn 0.4273 -0.4317 -0.7944
vn 0.4272 -0.4317 -0.7944
vn 0.4509 -0.4875 -0.7477
vn 0.4719 -0.5405 -0.6966
vn 0.4719 -0.5405 -0.6965
vn 0.4902 -0.5903 -0.6413
vn 0.4901 -0.5903 -0.6413
vn 0.5055 -0.6366 -0.5824
vn -0.2768 0.6905 -0.6683
vn -0.2459 0.6462 -0.7225
vn -0.2456 0.6462 -0.7225
vn -0.2129 0.5981 -0.7726
vn -0.2132 0.5981 -0.7725
vn -0.1792 0.5465 -0.8181
vn -0.1792 0.5465 -0.8180
vn -0.1444 0.4917 -0.8587
vn -0.1443 0.4917 -0.8587
vn -0.1086 0.4340 -0.8943
vn -0.0722 0.3738 -0.9247
vn -0.0354 0.3114 -0.9496
vn 0.0016 0.2471 -0.9690
vn 0.0386 0.1814 -0.9827
vn 0.0385 0.1814 -0.9827
vn 0.0753 0.1147 -0.9905
vn 0.1116 0.0472 -0.9926
vn 0.1472 -0.0204 -0.9889
vn 0.1820 -0.0880 -0.9794
vn 0.2158 -0.1550 -0.9641
vn 0.2157 -0.1550 -0.9641
vn 0.2482 -0.2212 -0.9431
vn 0.2481 -0.2212 -0.9431
vn 0.2791 -0.2860 -0.9167
vn 0.3085 -0.3491 -0.8848
vn 0.3085 -0.3491 -0.8849
vn 0.3360 -0.4102 -0.8478
vn 0.3616 -0.4689 -0.8058
vn 0.3851 -0.5248 -0.7591
vn 0.3850 -0.5249 -0.7591
vn 0.4062 -0.5777 -0.7080
vn 0.4250 -0.6272 -0.6527
vn 0.4414 -0.6730 -0.5936
vn 0.4413 -0.6730 -0.5936
vn 0.4551 -0.7148 -0.5309
vn -0.2794 0.6892 -0.6685
vn -0.2173 -0.7940 -0.5677
vn -0.2041 -0.8025 -0.5606
vn -0.2046 -0.8167 -0.5396
vn -0.1868 -0.8460 -0.4994
vn -0.1876 -0.8467 -0.4979
vn -0.1588 -0.8842 -0.4393
vn -0.1595 -0.8849 -0.4377
vn -0.2532 0.6423 -0.7234
vn -0.2535 0.6423 -0.7233
vn -0.2258 0.5916 -0.7739
vn -0.2260 0.5916 -0.7739
vn -0.1972 0.5375 -0.8199
vn -0.1973 0.5375 -0.8199
vn -0.1673 0.4802 -0.8611
vn -0.1364 0.4200 -0.8972
vn -0.1365 0.4200 -0.8972
vn -0.1048 0.3574 -0.9280
vn -0.1047 0.3574 -0.9281
vn -0.0725 0.2927 -0.9534
vn -0.0724 0.2927 -0.9534
vn -0.0397 0.2263 -0.9732
vn -0.0398 0.2263 -0.9732
vn -0.0068 0.1586 -0.9873
vn 0.0262 0.0900 -0.9956
vn 0.0589 0.0208 -0.9980
vn 0.0590 0.0208 -0.9980
vn 0.0915 -0.0485 -0.9946
vn 0.1234 -0.1175 -0.9854
vn 0.1235 -0.1175 -0.9854
vn 0.1546 -0.1858 -0.9704
vn 0.1547 -0.1858 -0.9703
vn 0.1849 -0.2529 -0.9497
vn 0.1850 -0.2529 -0.9496
vn 0.2142 -0.3187 -0.9234
vn 0.2421 -0.3825 -0.8917
vn 0.2687 -0.4441 -0.8548
vn 0.2936 -0.5031 -0.8128
vn 0.3169 -0.5591 -0.7662
vn 0.3383 -0.6119 -0.7150
vn 0.3382 -0.6119 -0.7150
vn 0.3577 -0.6610 -0.6596
vn 0.3750 -0.7064 -0.6004
vn 0.3901 -0.7475 -0.5376
vn 0.4029 -0.7843 -0.4717
vn -0.2819 0.6881 -0.6687
vn -0.2616 0.6387 -0.7236
vn -0.2393 0.5857 -0.7744
vn -0.2394 0.5857 -0.7744
vn -0.2158 0.5292 -0.8206
vn -0.2159 0.5292 -0.8206
vn -0.1910 0.4697 -0.8619
vn -0.1911 0.4697 -0.8619
vn -0.1652 0.4073 -0.8982
vn -0.1651 0.4073 -0.8982
vn -0.1383 0.3426 -0.9292
vn -0.1382 0.3426 -0.9293
vn -0.1105 0.2759 -0.9548
vn -0.1106 0.2759 -0.9548
vn -0.0822 0.2075 -0.9748
vn -0.0823 0.2075 -0.9748
vn -0.0534 0.1380 -0.9890
vn -0.0535 0.1380 -0.9890
vn -0.0243 0.0676 -0.9974
vn 0.0050 -0.0031 -1.0000
vn 0.0342 -0.0738 -0.9967
vn 0.0632 -0.1441 -0.9875
vn 0.0919 -0.2135 -0.9726
vn 0.0918 -0.2135 -0.9726
vn 0.1200 -0.2817 -0.9520
vn 0.1474 -0.3482 -0.9258
vn 0.1474 -0.3482 -0.9257
vn 0.1740 -0.4127 -0.8941
vn 0.1739 -0.4127 -0.8941
vn 0.1995 -0.4747 -0.8572
vn 0.1995 -0.4747 -0.8573
vn 0.2238 -0.5340 -0.8153
vn 0.2468 -0.5901 -0.7687
vn 0.2469 -0.5901 -0.7687
vn 0.2685 -0.6428 -0.7175
vn 0.2885 -0.6917 -0.6621
vn 0.2884 -0.6917 -0.6621
vn 0.3068 -0.7365 -0.6028
vn 0.3233 -0.7771 -0.5400
vn 0.3380 -0.8130 -0.4741
vn 0.3506 -0.8443 -0.4053
vn -0.2850 0.6869 -0.6685
vn -0.2694 0.6357 -0.7235
vn -0.2696 0.6356 -0.7234
vn -0.2529 0.5805 -0.7740
vn -0.2531 0.5805 -0.7740
vn -0.2347 0.5219 -0.8201
vn -0.2349 0.5219 -0.8200
vn -0.2152 0.4604 -0.8612
vn -0.2152 0.4604 -0.8613
vn -0.1944 0.3961 -0.8974
vn -0.1943 0.3961 -0.8974
vn -0.1723 0.3295 -0.9283
vn -0.1724 0.3295 -0.9283
vn -0.1494 0.2609 -0.9537
vn -0.1495 0.2609 -0.9537
vn -0.1255 0.1909 -0.9736
vn -0.1256 0.1908 -0.9736
vn -0.1009 0.1197 -0.9877
vn -0.1010 0.1197 -0.9877
vn -0.0758 0.0478 -0.9960
vn -0.0502 -0.0243 -0.9984
vn -0.0243 -0.0963 -0.9951
vn -0.0242 -0.0963 -0.9951
vn 0.0018 -0.1677 -0.9858
vn 0.0018 -0.1678 -0.9858
vn 0.0278 -0.2382 -0.9708
vn 0.0538 -0.3072 -0.9501
vn 0.0537 -0.3072 -0.9501
vn 0.0793 -0.3744 -0.9239
vn 0.1044 -0.4395 -0.8922
vn 0.1288 -0.5019 -0.8553
vn 0.1526 -0.5614 -0.8134
vn 0.1525 -0.5614 -0.8134
vn 0.1754 -0.6176 -0.7667
vn 0.1972 -0.6702 -0.7155
vn 0.2178 -0.7189 -0.6601
vn 0.2179 -0.7189 -0.6601
vn 0.2372 -0.7633 -0.6009
vn 0.2552 -0.8033 -0.5381
vn 0.2717 -0.8386 -0.4722
vn 0.2866 -0.8689 -0.4035
vn 0.2998 -0.8942 -0.3325
vn -0.2877 0.6860 -0.6683
vn -0.1400 -0.9087 -0.3932
vn -0.1228 -0.9171 -0.3794
vn -0.1259 -0.9240 -0.3611
vn -0.1037 -0.9450 -0.3101
vn -0.1002 -0.9431 -0.3171
vn -0.0809 -0.9673 -0.2403
vn -0.0766 -0.9658 -0.2475
vn -0.2782 0.6328 -0.7226
vn -0.2780 0.6328 -0.7226
vn -0.2670 0.5759 -0.7727
vn -0.2667 0.5759 -0.7728
vn -0.2540 0.5156 -0.8183
vn -0.2398 0.4523 -0.8590
vn -0.2397 0.4523 -0.8591
vn -0.2241 0.3863 -0.8947
vn -0.2241 0.3863 -0.8948
vn -0.2071 0.3180 -0.9252
vn -0.1888 0.2479 -0.9502
vn -0.1695 0.1764 -0.9696
vn -0.1696 0.1764 -0.9696
vn -0.1492 0.1038 -0.9833
vn -0.1280 0.0306 -0.9913
vn -0.1061 -0.0428 -0.9934
vn -0.0836 -0.1159 -0.9897
vn -0.0605 -0.1883 -0.9802
vn -0.0372 -0.2596 -0.9650
vn -0.0371 -0.2596 -0.9650
vn -0.0135 -0.3294 -0.9441
vn -0.0136 -0.3294 -0.9441
vn 0.0102 -0.3972 -0.9177
vn 0.0101 -0.3972 -0.9177
vn 0.0338 -0.4627 -0.8859
vn 0.0337 -0.4627 -0.8859
vn 0.0571 -0.5255 -0.8489
vn 0.0572 -0.5255 -0.8489
vn 0.0803 -0.5852 -0.8069
vn 0.1029 -0.6415 -0.7602
vn 0.1249 -0.6940 -0.7090
vn 0.1462 -0.7425 -0.6537
vn 0.1666 -0.7866 -0.5946
vn 0.1861 -0.8261 -0.5319
vn 0.2044 -0.8607 -0.4662
vn 0.2216 -0.8904 -0.3977
vn 0.2375 -0.9148 -0.3269
vn 0.2375 -0.9147 -0.3269
vn 0.2519 -0.9338 -0.2541
vn -0.2900 0.6854 -0.6680
vn -0.0557 -0.9784 -0.1992
vn -0.0364 -0.9834 -0.1776
vn -0.0409 -0.9855 -0.1646
vn -0.2863 0.6306 -0.7214
vn -0.2806 0.5721 -0.7707
vn -0.2733 0.5103 -0.8154
vn -0.2644 0.4455 -0.8554
vn -0.2540 0.3780 -0.8903
vn -0.2419 0.3084 -0.9200
vn -0.2420 0.3084 -0.9200
vn -0.2286 0.2370 -0.9442
vn -0.2139 0.1642 -0.9630
vn -0.2139 0.1641 -0.9630
vn -0.1979 0.0904 -0.9760
vn -0.1978 0.0904 -0.9761
vn -0.1808 0.0161 -0.9834
vn -0.1807 0.0161 -0.9834
vn -0.1625 -0.0583 -0.9850
vn -0.1434 -0.1324 -0.9808
vn -0.1433 -0.1324 -0.9808
vn -0.1234 -0.2056 -0.9708
vn -0.1027 -0.2777 -0.9552
vn -0.1026 -0.2777 -0.9552
vn -0.0813 -0.3481 -0.9339
vn -0.0596 -0.4164 -0.9072
vn -0.0595 -0.4164 -0.9072
vn -0.0374 -0.4823 -0.8752
vn -0.0150 -0.5454 -0.8380
vn 0.0074 -0.6053 -0.7960
vn 0.0298 -0.6616 -0.7492
vn 0.0520 -0.7141 -0.6981
vn 0.0740 -0.7624 -0.6429
vn 0.0955 -0.8062 -0.5839
vn 0.0954 -0.8062 -0.5839
vn 0.1164 -0.8453 -0.5215
vn 0.1366 -0.8794 -0.4560
vn 0.1561 -0.9084 -0.3879
vn 0.1746 -0.9321 -0.3174
vn 0.1921 -0.9503 -0.2451
vn 0.2085 -0.9629 -0.1714
vn -0.2934 0.6846 -0.6673
vn -0.2949 0.6287 -0.7196
vn -0.2948 0.6287 -0.7196
vn -0.2946 0.5690 -0.7677
vn -0.2946 0.5690 -0.7678
vn -0.2928 0.5060 -0.8113
vn -0.2929 0.5060 -0.8113
vn -0.2892 0.4400 -0.8502
vn -0.2840 0.3714 -0.8840
vn -0.2839 0.3714 -0.8840
vn -0.2771 0.3006 -0.9126
vn -0.2770 0.3006 -0.9126
vn -0.2684 0.2281 -0.9359
vn -0.2685 0.2281 -0.9359
vn -0.2583 0.1543 -0.9537
vn -0.2584 0.1543 -0.9536
vn -0.2466 0.0795 -0.9658
vn -0.2335 0.0044 -0.9723
vn -0.2190 -0.0709 -0.9731
vn -0.2191 -0.0709 -0.9731
vn -0.2033 -0.1457 -0.9682
vn -0.2034 -0.1457 -0.9682
vn -0.1863 -0.2196 -0.9576
vn -0.1864 -0.2196 -0.9576
vn -0.1683 -0.2922 -0.9414
vn -0.1493 -0.3631 -0.9197
vn -0.1293 -0.4319 -0.8926
vn -0.1294 -0.4319 -0.8926
vn -0.1088 -0.4982 -0.8602
vn -0.1087 -0.4981 -0.8602
vn -0.0875 -0.5615 -0.8229
vn -0.0656 -0.6215 -0.7806
vn -0.0657 -0.6215 -0.7807
vn -0.0435 -0.6779 -0.7339
vn -0.0210 -0.7303 -0.6828
vn 0.0015 -0.7784 -0.6277
vn 0.0241 -0.8220 -0.5690
vn 0.0465 -0.8608 -0.5069
vn 0.0687 -0.8945 -0.4418
vn 0.0904 -0.9230 -0.3741
vn 0.1116 -0.9460 -0.3042
vn 0.1322 -0.9636 -0.2326
vn 0.1322 -0.9635 -0.2326
vn 0.1520 -0.9754 -0.1596
vn 0.1709 -0.9816 -0.0856
vn -0.2959 0.6842 -0.6666
vn -0.3035 0.6272 -0.7173
vn -0.3031 0.6273 -0.7174
vn -0.3085 0.5667 -0.7640
vn -0.3086 0.5666 -0.7640
vn -0.3122 0.5027 -0.8061
vn -0.3140 0.4358 -0.8435
vn -0.3138 0.3664 -0.8759
vn -0.3139 0.3664 -0.8759
vn -0.3119 0.2948 -0.9032
vn -0.3082 0.2215 -0.9252
vn -0.3081 0.2215 -0.9252
vn -0.3026 0.1468 -0.9417
vn -0.2952 0.0714 -0.9528
vn -0.2861 -0.0045 -0.9582
vn -0.2862 -0.0045 -0.9581
vn -0.2754 -0.0803 -0.9580
vn -0.2631 -0.1557 -0.9521
vn -0.2630 -0.1557 -0.9522
vn -0.2491 -0.2302 -0.9407
vn -0.2492 -0.2301 -0.9407
vn -0.2338 -0.3032 -0.9238
vn -0.2337 -0.3032 -0.9238
vn -0.2171 -0.3745 -0.9015
vn -0.2170 -0.3745 -0.9015
vn -0.1990 -0.4436 -0.8738
vn -0.1991 -0.4436 -0.8738
vn -0.1799 -0.5101 -0.8411
vn -0.1798 -0.5101 -0.8411
vn -0.1596 -0.5736 -0.8034
vn -0.1597 -0.5736 -0.8034
vn -0.1384 -0.6337 -0.7611
vn -0.1385 -0.6337 -0.7610
vn -0.1165 -0.6902 -0.7142
vn -0.0938 -0.7425 -0.6632
vn -0.0706 -0.7906 -0.6083
vn -0.0470 -0.8340 -0.5498
vn -0.0231 -0.8725 -0.4881
vn 0.0009 -0.9059 -0.4235
vn 0.0250 -0.9340 -0.3565
vn 0.0489 -0.9566 -0.2873
vn 0.0489 -0.9566 -0.2874
vn 0.0725 -0.9736 -0.2165
vn 0.0956 -0.9849 -0.1444
vn 0.1183 -0.9904 -0.0714
vn 0.1402 -0.9901 0.0020
vn -0.2988 0.6839 -0.6656
vn -0.0198 -0.9931 -0.1153
vn -0.0051 -0.9941 -0.1084
vn -0.0048 -0.9968 -0.0802
vn 0.0148 -0.9993 -0.0341
vn 0.0111 -0.9995 -0.0281
vn 0.0494 -0.9982 0.0346
vn 0.0462 -0.9981 0.0401
vn -0.3117 0.6263 -0.7146
vn -0.3114 0.6263 -0.7147
vn -0.3223 0.5651 -0.7595
vn -0.3225 0.5650 -0.7594
vn -0.3313 0.5005 -0.7998
vn -0.3314 0.5005 -0.7998
vn -0.3384 0.4330 -0.8354
vn -0.3384 0.4330 -0.8355
vn -0.3434 0.3630 -0.8662
vn -0.3435 0.3630 -0.8662
vn -0.3465 0.2908 -0.8918
vn -0.3475 0.2170 -0.9122
vn -0.3465 0.1419 -0.9273
vn -0.3435 0.0659 -0.9369
vn -0.3434 0.0659 -0.9369
vn -0.3384 -0.0104 -0.9410
vn -0.3383 -0.0104 -0.9410
vn -0.3312 -0.0867 -0.9396
vn -0.3313 -0.0867 -0.9396
vn -0.3222 -0.1624 -0.9326
vn -0.3114 -0.2372 -0.9202
vn -0.3113 -0.2372 -0.9202
vn -0.2986 -0.3106 -0.9024
vn -0.2841 -0.3821 -0.8794
vn -0.2841 -0.3821 -0.8793
vn -0.2680 -0.4515 -0.8511
vn -0.2503 -0.5181 -0.8179
vn -0.2311 -0.5817 -0.7799
vn -0.2106 -0.6419 -0.7373
vn -0.1888 -0.6984 -0.6904
vn -0.1660 -0.7507 -0.6394
vn -0.1659 -0.7507 -0.6394
vn -0.1421 -0.7987 -0.5847
vn -0.1174 -0.8420 -0.5266
vn -0.0921 -0.8803 -0.4654
vn -0.0662 -0.9135 -0.4014
vn -0.0399 -0.9413 -0.3351
vn -0.0133 -0.9636 -0.2668
vn 0.0133 -0.9803 -0.1970
vn 0.0398 -0.9912 -0.1260
vn 0.0661 -0.9963 -0.0542
vn 0.0920 -0.9956 0.0179
vn 0.1174 -0.9890 0.0898
vn -0.4837 0.6584 -0.5766
vn 0.0742 -0.9915 0.1068
vn 0.1100 -0.9876 0.1118
vn 0.0671 -0.9937 0.0898
vn 0.1168 -0.9710 0.2086
vn 0.1078 -0.9787 0.1748
vn 0.1421 -0.9766 0.1613
vn 0.1613 -0.9840 0.0754
vn 0.1888 -0.9820 -0.0111
vn 0.2237 -0.9699 -0.0967
vn 0.2649 -0.9473 -0.1799
vn 0.2520 -0.9338 -0.2541
vn 0.3113 -0.9142 -0.2594
vn 0.2998 -0.8942 -0.3324
vn 0.3612 -0.8705 -0.3342
vn 0.4134 -0.8165 -0.4030
vn 0.4662 -0.7525 -0.4652
vn 0.5179 -0.6793 -0.5200
vn 0.5671 -0.5975 -0.5670
vn 0.5526 -0.5506 -0.6257
vn 0.6122 -0.5082 -0.6057
vn 0.6517 -0.4126 -0.6364
vn 0.6844 -0.3119 -0.6590
vn 0.6601 -0.2566 -0.7059
vn 0.7091 -0.2076 -0.6738
vn 0.6805 -0.1512 -0.7170
vn 0.7248 -0.1012 -0.6815
vn 0.7308 0.0060 -0.6826
vn 0.7264 0.1121 -0.6781
vn 0.7116 0.2158 -0.6687
vn 0.6635 0.2671 -0.6989
vn 0.6861 0.3154 -0.6556
vn 0.6504 0.4095 -0.6398
vn 0.6047 0.4967 -0.6225
vn 0.5431 0.5351 -0.6471
vn 0.5500 0.5759 -0.6048
vn 0.4872 0.6459 -0.5878
vn 0.4189 0.6719 -0.6107
vn 0.4174 0.7057 -0.5725
vn 0.3420 0.7546 -0.5600
vn 0.2625 0.7922 -0.5509
vn 0.1896 0.7964 -0.5743
vn 0.1806 0.8180 -0.5461
vn 0.0980 0.8320 -0.5461
vn 0.0264 0.8205 -0.5710
vn 0.0164 0.8341 -0.5513
vn -0.0624 0.8249 -0.5619
vn -0.1365 0.8047 -0.5778
vn -0.1995 0.7707 -0.6052
vn -0.2045 0.7742 -0.5990
vn -0.2633 0.7332 -0.6269
vn -0.2646 0.7344 -0.6250
vn -0.2103 0.7773 -0.5929
vn -0.2047 0.7742 -0.5990
vn -0.1449 0.8106 -0.5674
vn -0.1366 0.8047 -0.5778
vn -0.0728 0.8340 -0.5470
vn 0.0047 0.8468 -0.5319
vn 0.0859 0.8484 -0.5223
vn 0.0980 0.8319 -0.5461
vn 0.1690 0.8385 -0.5181
vn 0.2522 0.8168 -0.5189
vn 0.2626 0.7922 -0.5509
vn 0.3339 0.7833 -0.5243
vn 0.4121 0.7384 -0.5338
vn 0.4855 0.6824 -0.5465
vn 0.4872 0.6458 -0.5878
vn 0.5526 0.6160 -0.5615
vn 0.6120 0.5400 -0.5778
vn 0.6628 0.4555 -0.5944
vn 0.7040 0.3636 -0.6101
vn 0.7350 0.2657 -0.6239
vn 0.7115 0.2158 -0.6687
vn 0.7554 0.1631 -0.6346
vn 0.7653 0.0574 -0.6411
vn 0.7307 0.0060 -0.6827
vn 0.7646 -0.0498 -0.6426
vn 0.7538 -0.1571 -0.6381
vn 0.7336 -0.2628 -0.6268
vn 0.7047 -0.3654 -0.6081
vn 0.6683 -0.4635 -0.5818
vn 0.6122 -0.5082 -0.6058
vn 0.6257 -0.5558 -0.5473
vn 0.5782 -0.6409 -0.5049
vn 0.5179 -0.6792 -0.5200
vn 0.5273 -0.7179 -0.4546
vn 0.4661 -0.7525 -0.4652
vn 0.4745 -0.7858 -0.3968
vn 0.4214 -0.8439 -0.3320
vn 0.3697 -0.8917 -0.2611
vn 0.3112 -0.9142 -0.2594
vn 0.3209 -0.9289 -0.1849
vn 0.2764 -0.9553 -0.1045
vn 0.2237 -0.9699 -0.0966
vn 0.2376 -0.9711 -0.0213
vn 0.2056 -0.9766 0.0635
vn 0.1815 -0.9721 0.1483
vn 0.1660 -0.9585 0.2318
vn 0.1319 -0.9605 0.2452
vn 0.1097 -0.9568 0.2693
vn -0.2670 0.7352 -0.6230
vn -0.2162 0.7801 -0.5871
vn -0.2102 0.7773 -0.5929
vn -0.1542 0.8158 -0.5574
vn -0.1450 0.8105 -0.5674
vn -0.0845 0.8422 -0.5326
vn -0.0086 0.8584 -0.5130
vn 0.0718 0.8637 -0.4989
vn 0.1549 0.8577 -0.4903
vn 0.2390 0.8401 -0.4870
vn 0.2523 0.8168 -0.5189
vn 0.3224 0.8107 -0.4886
vn 0.3338 0.7833 -0.5243
vn 0.4032 0.7699 -0.4947
vn 0.4799 0.7178 -0.5045
vn 0.4856 0.6824 -0.5464
vn 0.5508 0.6551 -0.5171
vn 0.5526 0.6160 -0.5614
vn 0.6148 0.5825 -0.5318
vn 0.6705 0.5009 -0.5473
vn 0.6628 0.4555 -0.5943
vn 0.7169 0.4116 -0.5627
vn 0.7535 0.3156 -0.5768
vn 0.7796 0.2144 -0.5885
vn 0.7555 0.1631 -0.6346
vn 0.7949 0.1095 -0.5967
vn 0.7653 0.0574 -0.6412
vn 0.7996 0.0024 -0.6005
vn 0.7939 -0.1053 -0.5988
vn 0.7538 -0.1571 -0.6380
vn 0.7784 -0.2121 -0.5908
vn 0.7537 -0.3164 -0.5760
vn 0.7209 -0.4168 -0.5537
vn 0.6684 -0.4635 -0.5817
vn 0.6811 -0.5118 -0.5237
vn 0.6357 -0.6001 -0.4857
vn 0.5859 -0.6806 -0.4399
vn 0.5272 -0.7179 -0.4546
vn 0.5335 -0.7523 -0.3865
vn 0.4800 -0.8144 -0.3260
vn 0.4270 -0.8664 -0.2590
vn 0.3760 -0.9077 -0.1864
vn 0.3286 -0.9381 -0.1092
vn 0.2862 -0.9577 -0.0286
vn 0.2500 -0.9667 0.0542
vn 0.2212 -0.9655 0.1377
vn 0.2006 -0.9546 0.2204
vn 0.1889 -0.9347 0.3010
vn 0.1789 -0.9354 0.3050
vn 0.1644 -0.9317 0.3239
vn 0.1965 -0.8943 0.4021
vn 0.2070 -0.9057 0.3699
vn 0.2107 -0.9055 0.3684
vn 0.2185 -0.9314 0.2913
vn 0.2355 -0.9487 0.2111
vn 0.2610 -0.9566 0.1293
vn 0.2944 -0.9545 0.0475
vn 0.3345 -0.9418 -0.0329
vn 0.3801 -0.9183 -0.1107
vn 0.4301 -0.8837 -0.1845
vn 0.4828 -0.8383 -0.2533
vn 0.4800 -0.8145 -0.3260
vn 0.5367 -0.7823 -0.3161
vn 0.5902 -0.7163 -0.3723
vn 0.6418 -0.6409 -0.4212
vn 0.6356 -0.6001 -0.4857
vn 0.6898 -0.5570 -0.4625
vn 0.6811 -0.5118 -0.5236
vn 0.7329 -0.4657 -0.4960
vn 0.7695 -0.3682 -0.5219
vn 0.7984 -0.2659 -0.5402
vn 0.8187 -0.1602 -0.5515
vn 0.7940 -0.1053 -0.5988
vn 0.8293 -0.0526 -0.5563
vn 0.8297 0.0553 -0.5554
vn 0.8195 0.1619 -0.5497
vn 0.7795 0.2144 -0.5885
vn 0.7985 0.2657 -0.5401
vn 0.7534 0.3156 -0.5768
vn 0.7668 0.3652 -0.5278
vn 0.7169 0.4115 -0.5627
vn 0.7249 0.4589 -0.5136
vn 0.6704 0.5009 -0.5473
vn 0.6734 0.5456 -0.4989
vn 0.6129 0.6240 -0.4848
vn 0.5509 0.6551 -0.5171
vn 0.5448 0.6930 -0.4722
vn 0.4702 0.7519 -0.4621
vn 0.3906 0.8000 -0.4555
vn 0.3224 0.8108 -0.4886
vn 0.3077 0.8367 -0.4530
vn 0.2230 0.8619 -0.4553
vn 0.1384 0.8755 -0.4629
vn 0.0557 0.8777 -0.4760
vn -0.0235 0.8688 -0.4945
vn -0.0844 0.8422 -0.5325
vn -0.0973 0.8495 -0.5185
vn -0.1642 0.8203 -0.5478
vn -0.2161 0.7801 -0.5872
vn -0.2226 0.7823 -0.5817
vn -0.2690 0.7360 -0.6213
vn 0.2389 -0.8283 0.5068
vn 0.2605 -0.8305 0.4924
vn 0.2504 -0.8312 0.4964
vn 0.2312 -0.8709 0.4337
vn 0.2504 -0.8687 0.4274
vn 0.2351 -0.9027 0.3604
vn 0.2598 -0.8985 0.3537
vn 0.2484 -0.9263 0.2832
vn 0.2784 -0.9197 0.2769
vn 0.2705 -0.9409 0.2037
vn 0.3054 -0.9313 0.1985
vn 0.3008 -0.9457 0.1234
vn 0.3402 -0.9327 0.1198
vn 0.3383 -0.9400 0.0436
vn 0.3817 -0.9233 0.0424
vn 0.3820 -0.9235 -0.0343
vn 0.4286 -0.9029 -0.0326
vn 0.4306 -0.8959 -0.1089
vn 0.4797 -0.8713 -0.1038
vn 0.4826 -0.8573 -0.1791
vn 0.5335 -0.8285 -0.1702
vn 0.5367 -0.8078 -0.2439
vn 0.5884 -0.7749 -0.2309
vn 0.5911 -0.7478 -0.3025
vn 0.6428 -0.7110 -0.2852
vn 0.6442 -0.6779 -0.3542
vn 0.6952 -0.6374 -0.3324
vn 0.6945 -0.5989 -0.3986
vn 0.7439 -0.5550 -0.3723
vn 0.7405 -0.5119 -0.4354
vn 0.7874 -0.4650 -0.4047
vn 0.7807 -0.4178 -0.4647
vn 0.8244 -0.3685 -0.4297
vn 0.8138 -0.3181 -0.4864
vn 0.8536 -0.2668 -0.4475
vn 0.8386 -0.2141 -0.5010
vn 0.8739 -0.1614 -0.4584
vn 0.8541 -0.1073 -0.5089
vn 0.8846 -0.0538 -0.4632
vn 0.8597 0.0007 -0.5108
vn 0.8849 0.0544 -0.4627
vn 0.8547 0.1085 -0.5077
vn 0.8744 0.1617 -0.4575
vn 0.8389 0.2143 -0.5003
vn 0.8530 0.2664 -0.4488
vn 0.8123 0.3168 -0.4897
vn 0.8208 0.3672 -0.4375
vn 0.7752 0.4143 -0.4770
vn 0.7783 0.4624 -0.4248
vn 0.7279 0.5055 -0.4633
vn 0.7259 0.5509 -0.4118
vn 0.6714 0.5892 -0.4496
vn 0.6646 0.6314 -0.3996
vn 0.6065 0.6642 -0.4372
vn 0.5955 0.7029 -0.3891
vn 0.5344 0.7295 -0.4269
vn 0.5198 0.7644 -0.3814
vn 0.4566 0.7845 -0.4197
vn 0.4390 0.8154 -0.3774
vn 0.3744 0.8285 -0.4164
vn 0.3548 0.8552 -0.3777
vn 0.2898 0.8611 -0.4178
vn 0.2688 0.8837 -0.3830
vn 0.2042 0.8822 -0.4242
vn 0.1828 0.9009 -0.3937
vn 0.1196 0.8919 -0.4361
vn 0.0986 0.9067 -0.4100
vn 0.0377 0.8904 -0.4536
vn 0.0178 0.9017 -0.4321
vn -0.0398 0.8782 -0.4767
vn -0.0576 0.8862 -0.4596
vn -0.1112 0.8558 -0.5052
vn -0.1261 0.8612 -0.4924
vn -0.1749 0.8242 -0.5386
vn -0.1861 0.8273 -0.5300
vn -0.2294 0.7843 -0.5764
vn -0.2367 0.7857 -0.5715
vn 0.0868 -0.7329 0.6748
vn 0.3388 -0.7799 0.5263
vn 0.2680 -0.7866 0.5562
vn 0.2642 -0.8296 0.4918
vn 0.2698 -0.8655 0.4221
vn 0.2599 -0.8985 0.3537
vn 0.2846 -0.8930 0.3485
vn 0.3083 -0.9114 0.2724
vn 0.3401 -0.9199 0.1954
vn 0.3791 -0.9177 0.1187
vn 0.4241 -0.9045 0.0439
vn 0.4740 -0.8801 -0.0279
vn 0.5272 -0.8443 -0.0955
vn 0.5823 -0.7975 -0.1580
vn 0.6377 -0.7399 -0.2144
vn 0.6428 -0.7109 -0.2852
vn 0.6917 -0.6721 -0.2642
vn 0.7428 -0.5950 -0.3070
vn 0.7438 -0.5550 -0.3723
vn 0.7894 -0.5095 -0.3424
vn 0.8301 -0.4167 -0.3705
vn 0.8636 -0.3179 -0.3914
vn 0.8886 -0.2145 -0.4053
vn 0.9043 -0.1081 -0.4130
vn 0.8846 -0.0538 -0.4633
vn 0.9047 0.1081 -0.4121
vn 0.8887 0.2145 -0.4053
vn 0.8617 0.3179 -0.3955
vn 0.8240 0.4167 -0.3839
vn 0.7782 0.4624 -0.4248
vn 0.7761 0.5095 -0.3716
vn 0.7188 0.5950 -0.3596
vn 0.6530 0.6721 -0.3491
vn 0.5800 0.7399 -0.3409
vn 0.5011 0.7975 -0.3361
vn 0.4391 0.8154 -0.3774
vn 0.4178 0.8443 -0.3355
vn 0.3318 0.8801 -0.3396
vn 0.2449 0.9045 -0.3490
vn 0.1589 0.9177 -0.3641
vn 0.0986 0.9067 -0.4101
vn 0.0754 0.9199 -0.3849
vn 0.0179 0.9017 -0.4321
vn -0.0036 0.9114 -0.4114
vn -0.0576 0.8862 -0.4597
vn -0.0766 0.8930 -0.4434
vn -0.1261 0.8612 -0.4925
vn -0.1419 0.8655 -0.4805
vn -0.1862 0.8273 -0.5300
vn -0.1982 0.8296 -0.5220
vn -0.2367 0.7856 -0.5716
vn -0.2442 0.7866 -0.5672
vn -0.2763 0.7374 -0.6164
vn -0.4525 0.7330 -0.5080
vn -0.1756 0.7799 -0.6008
vn -0.2440 0.7867 -0.5671
vn -0.2106 0.8312 -0.5145
vn -0.1982 0.8296 -0.5219
vn -0.1586 0.8687 -0.4693
vn -0.0968 0.8985 -0.4281
vn -0.0266 0.9197 -0.3917
vn -0.0036 0.9115 -0.4114
vn 0.0504 0.9313 -0.3607
vn 0.1326 0.9327 -0.3354
vn 0.2182 0.9233 -0.3160
vn 0.3056 0.9029 -0.3023
vn 0.3929 0.8713 -0.2942
vn 0.4783 0.8285 -0.2913
vn 0.5601 0.7749 -0.2929
vn 0.5800 0.7398 -0.3409
vn 0.6368 0.7110 -0.2984
vn 0.7068 0.6374 -0.3070
vn 0.7188 0.5949 -0.3596
vn 0.7688 0.5550 -0.3176
vn 0.8218 0.4650 -0.3292
vn 0.8649 0.3685 -0.3408
vn 0.8975 0.2668 -0.3512
vn 0.9191 0.1614 -0.3594
vn 0.9298 0.0538 -0.3642
vn 0.9295 -0.0544 -0.3648
vn 0.9187 -0.1617 -0.3603
vn 0.8886 -0.2145 -0.4054
vn 0.8981 -0.2664 -0.3499
vn 0.8636 -0.3179 -0.3913
vn 0.8685 -0.3672 -0.3329
vn 0.8310 -0.4624 -0.3091
vn 0.7894 -0.5094 -0.3424
vn 0.7869 -0.5509 -0.2781
vn 0.7374 -0.6314 -0.2399
vn 0.6842 -0.7029 -0.1945
vn 0.6288 -0.7644 -0.1424
vn 0.5728 -0.8154 -0.0841
vn 0.5179 -0.8552 -0.0203
vn 0.4654 -0.8838 0.0481
vn 0.4171 -0.9009 0.1201
vn 0.3742 -0.9067 0.1944
vn 0.3380 -0.9017 0.2698
vn 0.3093 -0.8862 0.3448
vn 0.2892 -0.8612 0.4181
vn 0.2697 -0.8655 0.4222
vn 0.2781 -0.8273 0.4881
vn 0.2765 -0.7857 0.5534
vn 0.2683 -0.7866 0.5562
vn 0.2844 -0.7374 0.6127
vn -0.2259 0.8283 -0.5127
vn -0.2010 0.8305 -0.5195
vn -0.2107 0.8312 -0.5145
vn -0.1758 0.8709 -0.4589
vn -0.1585 0.8687 -0.4693
vn -0.1179 0.9027 -0.4138
vn -0.0967 0.8985 -0.4281
vn -0.0510 0.9263 -0.3732
vn 0.0235 0.9409 -0.3378
vn 0.0504 0.9313 -0.3608
vn 0.1041 0.9457 -0.3080
vn 0.1325 0.9327 -0.3354
vn 0.1889 0.9400 -0.2840
vn 0.2763 0.9235 -0.2660
vn 0.3645 0.8960 -0.2538
vn 0.4517 0.8573 -0.2471
vn 0.5360 0.8078 -0.2453
vn 0.6159 0.7478 -0.2480
vn 0.6368 0.7110 -0.2985
vn 0.6898 0.6779 -0.2542
vn 0.7563 0.5989 -0.2631
vn 0.8143 0.5119 -0.2737
vn 0.8627 0.4178 -0.2849
vn 0.9008 0.3181 -0.2956
vn 0.9280 0.2141 -0.3048
vn 0.9191 0.1614 -0.3593
vn 0.9442 0.1073 -0.3113
vn 0.9493 -0.0007 -0.3142
vn 0.9437 -0.1085 -0.3125
vn 0.9278 -0.2143 -0.3055
vn 0.8981 -0.2664 -0.3498
vn 0.9023 -0.3168 -0.2923
vn 0.8684 -0.4143 -0.2726
vn 0.8270 -0.5055 -0.2459
vn 0.7797 -0.5892 -0.2122
vn 0.7277 -0.6642 -0.1713
vn 0.6727 -0.7295 -0.1236
vn 0.6162 -0.7845 -0.0696
vn 0.5728 -0.8153 -0.0841
vn 0.5600 -0.8285 -0.0097
vn 0.5054 -0.8611 0.0551
vn 0.4655 -0.8838 0.0481
vn 0.4542 -0.8822 0.1239
vn 0.4077 -0.8919 0.1956
vn 0.3672 -0.8904 0.2690
vn 0.3338 -0.8782 0.3426
vn 0.3086 -0.8558 0.4152
vn 0.2892 -0.8611 0.4181
vn 0.2921 -0.8242 0.4852
vn 0.2849 -0.7843 0.5512
vn 0.2764 -0.7857 0.5534
vn 0.2870 -0.7371 0.6118
vn -0.2228 0.8686 -0.4425
vn -0.1938 0.8720 -0.4495
vn -0.1759 0.8709 -0.4589
vn -0.1401 0.9055 -0.4006
vn -0.1180 0.9027 -0.4138
vn -0.0767 0.9314 -0.3559
vn -0.0050 0.9487 -0.3162
vn 0.0735 0.9566 -0.2819
vn 0.1571 0.9545 -0.2534
vn 0.2442 0.9418 -0.2310
vn 0.3328 0.9183 -0.2145
vn 0.4212 0.8838 -0.2038
vn 0.4516 0.8573 -0.2471
vn 0.5077 0.8383 -0.1985
vn 0.5360 0.8078 -0.2454
vn 0.5905 0.7823 -0.1980
vn 0.6681 0.7163 -0.2016
vn 0.7388 0.6409 -0.2085
vn 0.8015 0.5570 -0.2177
vn 0.8550 0.4657 -0.2282
vn 0.8985 0.3682 -0.2389
vn 0.9314 0.2659 -0.2487
vn 0.9531 0.1602 -0.2566
vn 0.9638 0.0526 -0.2615
vn 0.9494 -0.0007 -0.3142
vn 0.9634 -0.0553 -0.2624
vn 0.9524 -0.1619 -0.2584
vn 0.9314 -0.2658 -0.2489
vn 0.9023 -0.3167 -0.2923
vn 0.9013 -0.3652 -0.2331
vn 0.8631 -0.4590 -0.2106
vn 0.8182 -0.5456 -0.1813
vn 0.7679 -0.6240 -0.1450
vn 0.7137 -0.6930 -0.1018
vn 0.6572 -0.7519 -0.0520
vn 0.6000 -0.8000 0.0037
vn 0.5438 -0.8367 0.0647
vn 0.4900 -0.8619 0.1302
vn 0.4403 -0.8755 0.1990
vn 0.3959 -0.8777 0.2700
vn 0.3580 -0.8688 0.3419
vn 0.3278 -0.8495 0.4135
vn 0.3085 -0.8558 0.4152
vn 0.3060 -0.8204 0.4831
vn 0.2933 -0.7824 0.5494
vn 0.2848 -0.7843 0.5512
vn 0.2900 -0.7366 0.6110
vn -0.1747 0.8943 -0.4120
vn -0.1436 0.9057 -0.3988
vn -0.1035 0.9347 -0.3400
vn -0.0766 0.9314 -0.3559
vn -0.0349 0.9546 -0.2960
vn 0.0411 0.9655 -0.2573
vn 0.1230 0.9667 -0.2243
vn 0.2092 0.9577 -0.1974
vn 0.2441 0.9418 -0.2310
vn 0.2979 0.9381 -0.1765
vn 0.3873 0.9077 -0.1617
vn 0.4755 0.8664 -0.1526
vn 0.5609 0.8144 -0.1487
vn 0.6416 0.7523 -0.1495
vn 0.6680 0.7163 -0.2016
vn 0.7163 0.6806 -0.1540
vn 0.7835 0.6001 -0.1615
vn 0.8419 0.5118 -0.1710
vn 0.8907 0.4168 -0.1813
vn 0.9291 0.3164 -0.1915
vn 0.9565 0.2121 -0.2004
vn 0.9727 0.1053 -0.2069
vn 0.9777 -0.0024 -0.2101
vn 0.9718 -0.1095 -0.2090
vn 0.9555 -0.2144 -0.2028
vn 0.9314 -0.2657 -0.2488
vn 0.9295 -0.3156 -0.1908
vn 0.8949 -0.4116 -0.1724
vn 0.8631 -0.4589 -0.2106
vn 0.8528 -0.5009 -0.1474
vn 0.8046 -0.5825 -0.1156
vn 0.7516 -0.6551 -0.0769
vn 0.6955 -0.7178 -0.0316
vn 0.6379 -0.7699 0.0199
vn 0.5803 -0.8107 0.0769
vn 0.5244 -0.8401 0.1388
vn 0.4901 -0.8619 0.1302
vn 0.4718 -0.8577 0.2045
vn 0.4238 -0.8637 0.2729
vn 0.3817 -0.8584 0.3428
vn 0.3467 -0.8422 0.4129
vn 0.3278 -0.8495 0.4134
vn 0.3198 -0.8158 0.4819
vn 0.3017 -0.7801 0.5482
vn 0.2932 -0.7824 0.5494
vn 0.2927 -0.7360 0.6104
vn -0.1367 0.9317 -0.3365
vn -0.1130 0.9354 -0.3351
vn -0.0662 0.9585 -0.2773
vn -0.0350 0.9546 -0.2960
vn 0.0070 0.9721 -0.2343
vn 0.0410 0.9655 -0.2573
vn 0.0869 0.9766 -0.1968
vn 0.1718 0.9711 -0.1654
vn 0.2601 0.9553 -0.1402
vn 0.3500 0.9289 -0.1211
vn 0.4395 0.8917 -0.1080
vn 0.5270 0.8439 -0.1006
vn 0.5608 0.8144 -0.1488
vn 0.6107 0.7858 -0.0982
vn 0.6889 0.7179 -0.1001
vn 0.7603 0.6409 -0.1056
vn 0.8235 0.5557 -0.1137
vn 0.8419 0.5117 -0.1710
vn 0.8775 0.4635 -0.1233
vn 0.9212 0.3654 -0.1334
vn 0.9542 0.2628 -0.1430
vn 0.9760 0.1571 -0.1509
vn 0.9865 0.0498 -0.1560
vn 0.9858 -0.0574 -0.1575
vn 0.9745 -0.1631 -0.1544
vn 0.9529 -0.2657 -0.1460
vn 0.9222 -0.3636 -0.1316
vn 0.8949 -0.4115 -0.1724
vn 0.8833 -0.4555 -0.1108
vn 0.8375 -0.5400 -0.0834
vn 0.7862 -0.6160 -0.0492
vn 0.7309 -0.6824 -0.0084
vn 0.6733 -0.7384 0.0387
vn 0.6148 -0.7833 0.0917
vn 0.5572 -0.8168 0.1497
vn 0.5020 -0.8385 0.2120
vn 0.4507 -0.8484 0.2776
vn 0.4048 -0.8468 0.3452
vn 0.3653 -0.8340 0.4136
vn 0.3468 -0.8422 0.4129
vn 0.3334 -0.8106 0.4815
vn 0.3198 -0.8158 0.4818
vn 0.3099 -0.7774 0.5474
vn 0.3015 -0.7801 0.5482
vn 0.2955 -0.7352 0.6100
vn -0.1314 0.9568 -0.2594
vn -0.0986 0.9605 -0.2604
vn -0.0286 0.9766 -0.2131
vn 0.0488 0.9840 -0.1712
vn 0.1321 0.9820 -0.1353
vn 0.2196 0.9699 -0.1056
vn 0.2601 0.9553 -0.1401
vn 0.3095 0.9473 -0.0821
vn 0.4000 0.9142 -0.0649
vn 0.4892 0.8705 -0.0537
vn 0.5270 0.8439 -0.1005
vn 0.5754 0.8165 -0.0479
vn 0.6107 0.7858 -0.0981
vn 0.6569 0.7525 -0.0470
vn 0.7322 0.6792 -0.0501
vn 0.7999 0.5975 -0.0565
vn 0.8235 0.5558 -0.1137
vn 0.8588 0.5082 -0.0651
vn 0.9078 0.4126 -0.0749
vn 0.9212 0.3654 -0.1335
vn 0.9463 0.3119 -0.0848
vn 0.9737 0.2076 -0.0936
vn 0.9898 0.1012 -0.1005
vn 0.9865 0.0498 -0.1561
vn 0.9945 -0.0059 -0.1042
vn 0.9882 -0.1121 -0.1040
vn 0.9744 -0.1631 -0.1544
vn 0.9714 -0.2158 -0.0989
vn 0.9530 -0.2657 -0.1460
vn 0.9449 -0.3154 -0.0883
vn 0.9095 -0.4095 -0.0716
vn 0.8665 -0.4967 -0.0485
vn 0.8173 -0.5759 -0.0188
vn 0.7633 -0.6459 0.0175
vn 0.7060 -0.7057 0.0602
vn 0.6733 -0.7384 0.0388
vn 0.6471 -0.7546 0.1089
vn 0.5881 -0.7922 0.1630
vn 0.5308 -0.8180 0.2217
vn 0.4766 -0.8320 0.2840
vn 0.4270 -0.8341 0.3490
vn 0.3834 -0.8249 0.4154
vn 0.3468 -0.8047 0.4819
vn 0.3181 -0.7742 0.5472
vn 0.3099 -0.7773 0.5474
vn 0.2983 -0.7343 0.6098
vn -0.0810 0.9710 -0.2250
vn -0.0613 0.9787 -0.1960
vn 0.0091 0.9890 -0.1476
vn 0.0904 0.9901 -0.1072
vn 0.1767 0.9816 -0.0729
vn 0.2196 0.9699 -0.1055
vn 0.2661 0.9629 -0.0451
vn 0.3570 0.9338 -0.0236
vn 0.3999 0.9142 -0.0649
vn 0.4476 0.8942 -0.0084
vn 0.4891 0.8705 -0.0537
vn 0.5359 0.8443 0.0010
vn 0.6204 0.7843 0.0050
vn 0.6993 0.7149 0.0045
vn 0.7712 0.6366 0.0001
vn 0.8348 0.5505 -0.0071
vn 0.8890 0.4577 -0.0162
vn 0.9329 0.3593 -0.0260
vn 0.9659 0.2566 -0.0356
vn 0.9737 0.2076 -0.0937
vn 0.9875 0.1512 -0.0438
vn 0.9978 0.0446 -0.0495
vn 0.9967 -0.0617 -0.0518
vn 0.9848 -0.1661 -0.0498
vn 0.9627 -0.2671 -0.0428
vn 0.9312 -0.3632 -0.0301
vn 0.8914 -0.4530 -0.0112
vn 0.8447 -0.5351 0.0141
vn 0.7923 -0.6084 0.0459
vn 0.7358 -0.6719 0.0841
vn 0.6769 -0.7248 0.1284
vn 0.6470 -0.7546 0.1089
vn 0.6170 -0.7664 0.1784
vn 0.5580 -0.7964 0.2333
vn 0.5013 -0.8144 0.2923
vn 0.4766 -0.8319 0.2841
vn 0.4484 -0.8205 0.3544
vn 0.4271 -0.8341 0.3490
vn 0.4008 -0.8150 0.4185
vn 0.3598 -0.7981 0.4833
vn 0.3468 -0.8047 0.4820
vn 0.3262 -0.7706 0.5475
vn 0.3180 -0.7742 0.5472
vn 0.3009 -0.7333 0.6097
vn -0.0643 0.9794 -0.1915
vn -0.0320 0.9915 -0.1260
vn 0.0469 0.9956 -0.0812
vn 0.1315 0.9904 -0.0425
vn 0.2201 0.9754 -0.0102
vn 0.3111 0.9503 0.0156
vn 0.4025 0.9148 0.0350
vn 0.4926 0.8689 0.0482
vn 0.5795 0.8130 0.0556
vn 0.6617 0.7475 0.0579
vn 0.6993 0.7148 0.0045
vn 0.7375 0.6730 0.0559
vn 0.8056 0.5903 0.0504
vn 0.8648 0.5004 0.0423
vn 0.9140 0.4044 0.0328
vn 0.9525 0.3038 0.0230
vn 0.9797 0.1998 0.0138
vn 0.9875 0.1513 -0.0437
vn 0.9956 0.0940 0.0064
vn 0.9999 -0.0122 0.0018
vn 0.9931 -0.1171 0.0009
vn 0.9757 -0.2192 0.0046
vn 0.9483 -0.3169 0.0136
vn 0.9121 -0.4089 0.0283
vn 0.8915 -0.4530 -0.0112
vn 0.8682 -0.4938 0.0493
vn 0.8179 -0.5703 0.0766
vn 0.7626 -0.6374 0.1103
vn 0.7040 -0.6941 0.1502
vn 0.6438 -0.7397 0.1959
vn 0.5834 -0.7738 0.2469
vn 0.5246 -0.7959 0.3023
vn 0.4688 -0.8061 0.3612
vn 0.4484 -0.8206 0.3544
vn 0.4176 -0.8043 0.4227
vn 0.3723 -0.7910 0.4855
vn 0.3597 -0.7981 0.4833
vn 0.3339 -0.7667 0.5483
vn 0.3036 -0.7321 0.6098
vn -0.0000 0.9981 -0.0611
vn 0.0063 0.9982 -0.0600
vn 0.0843 0.9963 -0.0144
vn 0.1717 0.9849 0.0225
vn 0.2201 0.9754 -0.0101
vn 0.2623 0.9635 0.0527
vn 0.3542 0.9321 0.0763
vn 0.4456 0.8904 0.0934
vn 0.5347 0.8386 0.1044
vn 0.6198 0.7771 0.1099
vn 0.6992 0.7063 0.1105
vn 0.7715 0.6272 0.1070
vn 0.8354 0.5405 0.1003
vn 0.8897 0.4473 0.0915
vn 0.9140 0.4045 0.0329
vn 0.9336 0.3489 0.0817
vn 0.9665 0.2466 0.0718
vn 0.9879 0.1418 0.0631
vn 0.9977 0.0361 0.0565
vn 0.9962 -0.0689 0.0531
vn 0.9837 -0.1718 0.0536
vn 0.9608 -0.2710 0.0590
vn 0.9483 -0.3170 0.0136
vn 0.9284 -0.3649 0.0698
vn 0.9121 -0.4090 0.0283
vn 0.8877 -0.4523 0.0866
vn 0.8398 -0.5318 0.1095
vn 0.7862 -0.6022 0.1387
vn 0.7285 -0.6626 0.1741
vn 0.7041 -0.6941 0.1502
vn 0.6681 -0.7122 0.2154
vn 0.6069 -0.7503 0.2623
vn 0.5834 -0.7738 0.2468
vn 0.5463 -0.7765 0.3139
vn 0.5245 -0.7959 0.3023
vn 0.4881 -0.7908 0.3695
vn 0.4336 -0.7930 0.4280
vn 0.3843 -0.7834 0.4885
vn 0.3723 -0.7910 0.4854
vn 0.3416 -0.7624 0.5496
vn 0.3340 -0.7667 0.5483
vn 0.3063 -0.7308 0.6101
vn 0.0285 0.9995 0.0100
vn 0.0355 0.9993 0.0112
vn 0.1212 0.9912 0.0525
vn 0.2110 0.9736 0.0872
vn 0.3029 0.9460 0.1152
vn 0.3952 0.9084 0.1364
vn 0.4860 0.8607 0.1513
vn 0.5736 0.8033 0.1601
vn 0.6197 0.7771 0.1099
vn 0.6563 0.7365 0.1636
vn 0.6992 0.7064 0.1105
vn 0.7326 0.6610 0.1624
vn 0.8009 0.5777 0.1574
vn 0.8602 0.4875 0.1497
vn 0.9094 0.3916 0.1402
vn 0.9478 0.2912 0.1300
vn 0.9748 0.1879 0.1203
vn 0.9902 0.0830 0.1121
vn 0.9941 -0.0219 0.1063
vn 0.9867 -0.1253 0.1040
vn 0.9837 -0.1718 0.0537
vn 0.9685 -0.2255 0.1061
vn 0.9403 -0.3211 0.1131
vn 0.9030 -0.4108 0.1257
vn 0.8580 -0.4930 0.1443
vn 0.8398 -0.5317 0.1095
vn 0.8065 -0.5666 0.1690
vn 0.7500 -0.6305 0.1999
vn 0.6900 -0.6839 0.2369
vn 0.6283 -0.7261 0.2794
vn 0.6069 -0.7503 0.2622
vn 0.5664 -0.7564 0.3271
vn 0.5060 -0.7748 0.3790
vn 0.4487 -0.7810 0.4345
vn 0.3958 -0.7752 0.4923
vn 0.3844 -0.7833 0.4885
vn 0.3488 -0.7578 0.5514
vn 0.3415 -0.7624 0.5496
vn 0.3088 -0.7293 0.6105
vn 0.0574 0.9968 0.0563
vn 0.0785 0.9941 0.0750
vn 0.1575 0.9803 0.1191
vn 0.2490 0.9566 0.1515
vn 0.3418 0.9230 0.1770
vn 0.4339 0.8794 0.1958
vn 0.5237 0.8261 0.2083
vn 0.5737 0.8033 0.1601
vn 0.6093 0.7633 0.2148
vn 0.6891 0.6917 0.2163
vn 0.7616 0.6119 0.2133
vn 0.8256 0.5249 0.2070
vn 0.8800 0.4317 0.1982
vn 0.9238 0.3336 0.1880
vn 0.9478 0.2913 0.1300
vn 0.9564 0.2319 0.1776
vn 0.9774 0.1281 0.1680
vn 0.9902 0.0830 0.1120
vn 0.9868 0.0237 0.1603
vn 0.9846 -0.0798 0.1555
vn 0.9713 -0.1809 0.1544
vn 0.9476 -0.2779 0.1579
vn 0.9402 -0.3212 0.1131
vn 0.9142 -0.3695 0.1665
vn 0.9030 -0.4107 0.1257
vn 0.8724 -0.4542 0.1809
vn 0.8233 -0.5308 0.2012
vn 0.7685 -0.5981 0.2276
vn 0.7093 -0.6552 0.2600
vn 0.6476 -0.7012 0.2982
vn 0.5848 -0.7357 0.3418
vn 0.5227 -0.7581 0.3900
vn 0.4628 -0.7684 0.4420
vn 0.4066 -0.7666 0.4970
vn 0.3557 -0.7529 0.5537
vn 0.3487 -0.7578 0.5514
vn 0.3113 -0.7278 0.6111
vn 0.0975 0.9855 0.1388
vn 0.1102 0.9834 0.1439
vn 0.1928 0.9636 0.1850
vn 0.2856 0.9340 0.2149
vn 0.3786 0.8945 0.2378
vn 0.4701 0.8453 0.2540
vn 0.5237 0.8261 0.2082
vn 0.5582 0.7866 0.2640
vn 0.6092 0.7633 0.2148
vn 0.6413 0.7189 0.2683
vn 0.7178 0.6428 0.2677
vn 0.7863 0.5591 0.2630
vn 0.8257 0.5248 0.2070
vn 0.8455 0.4689 0.2553
vn 0.8946 0.3733 0.2455
vn 0.9327 0.2736 0.2348
vn 0.9594 0.1712 0.2242
vn 0.9743 0.0676 0.2148
vn 0.9775 -0.0358 0.2077
vn 0.9694 -0.1373 0.2037
vn 0.9503 -0.2354 0.2039
vn 0.9475 -0.2779 0.1579
vn 0.9211 -0.3287 0.2087
vn 0.8828 -0.4156 0.2190
vn 0.8366 -0.4949 0.2350
vn 0.7838 -0.5654 0.2569
vn 0.7259 -0.6261 0.2848
vn 0.6645 -0.6760 0.3186
vn 0.6013 -0.7144 0.3579
vn 0.5378 -0.7410 0.4021
vn 0.4758 -0.7554 0.4506
vn 0.4168 -0.7576 0.5024
vn 0.4067 -0.7666 0.4970
vn 0.3623 -0.7477 0.5565
vn 0.3557 -0.7529 0.5538
vn 0.3136 -0.7261 0.6119
vn 0.1367 0.9658 0.2201
vn 0.1284 0.9673 0.2186
vn 0.1927 0.9636 0.1850
vn 0.2269 0.9413 0.2498
vn 0.3204 0.9059 0.2770
vn 0.4132 0.8608 0.2972
vn 0.5035 0.8062 0.3107
vn 0.5895 0.7425 0.3182
vn 0.6696 0.6702 0.3202
vn 0.7423 0.5901 0.3176
vn 0.8063 0.5031 0.3112
vn 0.8605 0.4102 0.3021
vn 0.9040 0.3128 0.2914
vn 0.9362 0.2120 0.2801
vn 0.9568 0.1095 0.2694
vn 0.9655 0.0066 0.2603
vn 0.9626 -0.0950 0.2538
vn 0.9693 -0.1373 0.2038
vn 0.9484 -0.1939 0.2508
vn 0.9237 -0.2886 0.2521
vn 0.9211 -0.3287 0.2088
vn 0.8892 -0.3775 0.2584
vn 0.8462 -0.4593 0.2701
vn 0.8366 -0.4949 0.2349
vn 0.7958 -0.5328 0.2877
vn 0.7396 -0.5968 0.3111
vn 0.6791 -0.6504 0.3404
vn 0.6158 -0.6928 0.3753
vn 0.5514 -0.7234 0.4154
vn 0.4877 -0.7420 0.4601
vn 0.4758 -0.7554 0.4505
vn 0.4262 -0.7482 0.5085
vn 0.3683 -0.7423 0.5598
vn 0.3622 -0.7477 0.5565
vn 0.3157 -0.7244 0.6128
vn 0.1738 0.9431 0.2836
vn 0.1662 0.9450 0.2816
vn 0.2597 0.9135 0.3131
vn 0.3534 0.8725 0.3375
vn 0.4454 0.8220 0.3548
vn 0.5339 0.7624 0.3656
vn 0.6173 0.6940 0.3705
vn 0.6939 0.6176 0.3702
vn 0.7423 0.5901 0.3175
vn 0.7624 0.5340 0.3655
vn 0.8216 0.4441 0.3575
vn 0.8704 0.3491 0.3472
vn 0.9081 0.2504 0.3356
vn 0.9343 0.1492 0.3239
vn 0.9486 0.0471 0.3131
vn 0.9510 -0.0544 0.3043
vn 0.9420 -0.1537 0.2985
vn 0.9219 -0.2495 0.2964
vn 0.8916 -0.3401 0.2989
vn 0.8521 -0.4241 0.3066
vn 0.8046 -0.5004 0.3197
vn 0.7959 -0.5328 0.2877
vn 0.7505 -0.5675 0.3387
vn 0.6911 -0.6247 0.3635
vn 0.6790 -0.6504 0.3404
vn 0.6282 -0.6709 0.3940
vn 0.5634 -0.7055 0.4298
vn 0.5515 -0.7234 0.4154
vn 0.4984 -0.7282 0.4705
vn 0.4347 -0.7385 0.5153
vn 0.4261 -0.7482 0.5085
vn 0.3740 -0.7366 0.5635
vn 0.3684 -0.7422 0.5598
vn 0.3179 -0.7226 0.6139
vn 0.1901 0.9240 0.3318
vn 0.2060 0.9171 0.3414
vn 0.2910 0.8803 0.3746
vn 0.3844 0.8340 0.3959
vn 0.4750 0.7784 0.4104
vn 0.5612 0.7141 0.4184
vn 0.6415 0.6415 0.4207
vn 0.7142 0.5614 0.4181
vn 0.7781 0.4747 0.4114
vn 0.8320 0.3825 0.4018
vn 0.8752 0.2860 0.3902
vn 0.9069 0.1865 0.3778
vn 0.9268 0.0855 0.3657
vn 0.9485 0.0472 0.3131
vn 0.9348 -0.0155 0.3549
vn 0.9310 -0.1150 0.3465
vn 0.9158 -0.2115 0.3414
vn 0.8900 -0.3035 0.3403
vn 0.8543 -0.3896 0.3440
vn 0.8100 -0.4683 0.3529
vn 0.8046 -0.5003 0.3197
vn 0.7583 -0.5384 0.3675
vn 0.7007 -0.5989 0.3877
vn 0.6386 -0.6489 0.4138
vn 0.6283 -0.6709 0.3940
vn 0.5737 -0.6874 0.4452
vn 0.5078 -0.7142 0.4818
vn 0.4424 -0.7287 0.5229
vn 0.4347 -0.7385 0.5154
vn 0.3791 -0.7308 0.5676
vn 0.3196 -0.7207 0.6151
vn 0.2259 0.8849 0.4074
vn 0.2276 0.8842 0.4079
vn 0.3206 0.8420 0.4339
vn 0.3843 0.8340 0.3960
vn 0.4130 0.7906 0.4521
vn 0.5018 0.7303 0.4635
vn 0.5613 0.7141 0.4184
vn 0.5853 0.6616 0.4687
vn 0.6619 0.5852 0.4684
vn 0.7142 0.5614 0.4180
vn 0.7303 0.5019 0.4634
vn 0.7892 0.4127 0.4549
vn 0.8376 0.3187 0.4437
vn 0.8749 0.2212 0.4309
vn 0.9004 0.1216 0.4178
vn 0.9139 0.0213 0.4054
vn 0.9155 -0.0780 0.3947
vn 0.9054 -0.1750 0.3867
vn 0.8843 -0.2681 0.3823
vn 0.8528 -0.3558 0.3822
vn 0.8121 -0.4368 0.3870
vn 0.7632 -0.5097 0.3972
vn 0.7076 -0.5734 0.4130
vn 0.7007 -0.5989 0.3878
vn 0.6467 -0.6268 0.4345
vn 0.6386 -0.6489 0.4137
vn 0.5823 -0.6693 0.4616
vn 0.5737 -0.6875 0.4453
vn 0.5158 -0.7000 0.4939
vn 0.4491 -0.7186 0.5310
vn 0.4424 -0.7287 0.5228
vn 0.3838 -0.7248 0.5721
vn 0.3213 -0.7188 0.6165
vn 0.2530 0.8467 0.4680
vn 0.2546 0.8460 0.4685
vn 0.3484 0.7987 0.4906
vn 0.4393 0.7425 0.5057
vn 0.5256 0.6779 0.5140
vn 0.6059 0.6053 0.5163
vn 0.6785 0.5255 0.5133
vn 0.7421 0.4395 0.5061
vn 0.7892 0.4127 0.4548
vn 0.7957 0.3482 0.4956
vn 0.8383 0.2530 0.4830
vn 0.8694 0.1550 0.4692
vn 0.8885 0.0559 0.4554
vn 0.8956 -0.0430 0.4427
vn 0.8908 -0.1402 0.4321
vn 0.8746 -0.2340 0.4246
vn 0.8476 -0.3231 0.4209
vn 0.8107 -0.4061 0.4218
vn 0.7650 -0.4814 0.4278
vn 0.7119 -0.5481 0.4392
vn 0.6526 -0.6049 0.4562
vn 0.5890 -0.6511 0.4787
vn 0.5225 -0.6857 0.5067
vn 0.4549 -0.7084 0.5396
vn 0.3878 -0.7188 0.5770
vn 0.3837 -0.7249 0.5721
vn 0.3228 -0.7168 0.6180
vn 0.2733 0.8167 0.5083
vn 0.2896 0.8025 0.5216
vn 0.3484 0.7987 0.4907
vn 0.3740 0.7507 0.5445
vn 0.4393 0.7425 0.5056
vn 0.4629 0.6902 0.5562
vn 0.5257 0.6779 0.5140
vn 0.5464 0.6215 0.5614
vn 0.6059 0.6053 0.5162
vn 0.6229 0.5454 0.5608
vn 0.6911 0.4627 0.5553
vn 0.7496 0.3744 0.5458
vn 0.7975 0.2817 0.5335
vn 0.8383 0.2529 0.4829
vn 0.8341 0.1858 0.5194
vn 0.8588 0.0880 0.5046
vn 0.8715 -0.0101 0.4903
vn 0.8721 -0.1071 0.4774
vn 0.8909 -0.1401 0.4321
vn 0.8610 -0.2014 0.4671
vn 0.8386 -0.2916 0.4600
vn 0.8059 -0.3762 0.4572
vn 0.8107 -0.4060 0.4218
vn 0.7638 -0.4539 0.4590
vn 0.7134 -0.5233 0.4661
vn 0.7118 -0.5481 0.4392
vn 0.6563 -0.5833 0.4786
vn 0.6527 -0.6049 0.4562
vn 0.5939 -0.6330 0.4966
vn 0.5278 -0.6715 0.5202
vn 0.4597 -0.6981 0.5489
vn 0.3913 -0.7127 0.5822
vn 0.3879 -0.7187 0.5771
vn 0.3243 -0.7147 0.6197
vn 0.3040 0.7600 0.5745
vn 0.3121 0.7547 0.5771
vn 0.3975 0.6984 0.5952
vn 0.4839 0.6337 0.6035
vn 0.5640 0.5615 0.6055
vn 0.6363 0.4823 0.6020
vn 0.6996 0.3972 0.5940
vn 0.7526 0.3072 0.5824
vn 0.7947 0.2135 0.5683
vn 0.8250 0.1175 0.5528
vn 0.8432 0.0204 0.5372
vn 0.8494 -0.0761 0.5223
vn 0.8435 -0.1706 0.5094
vn 0.8261 -0.2615 0.4992
vn 0.7978 -0.3475 0.4928
vn 0.8059 -0.3762 0.4571
vn 0.7595 -0.4272 0.4907
vn 0.7637 -0.4539 0.4590
vn 0.7124 -0.4990 0.4935
vn 0.6577 -0.5620 0.5016
vn 0.5969 -0.6151 0.5152
vn 0.5939 -0.6329 0.4966
vn 0.5317 -0.6572 0.5342
vn 0.5278 -0.6714 0.5202
vn 0.4635 -0.6879 0.5585
vn 0.3942 -0.7065 0.5878
vn 0.3254 -0.7128 0.6214
vn 0.3159 0.7346 0.6004
vn 0.4187 0.6419 0.6424
vn 0.5020 0.5736 0.6473
vn 0.5783 0.4982 0.6461
vn 0.6460 0.4164 0.6398
vn 0.7040 0.3294 0.6292
vn 0.7527 0.3072 0.5824
vn 0.7513 0.2382 0.6155
vn 0.7871 0.1441 0.5997
vn 0.8110 0.0485 0.5830
vn 0.8432 0.0204 0.5371
vn 0.8227 -0.0472 0.5665
vn 0.8493 -0.0761 0.5223
vn 0.8222 -0.1416 0.5513
vn 0.8099 -0.2330 0.5383
vn 0.7863 -0.3201 0.5285
vn 0.7977 -0.3475 0.4928
vn 0.7522 -0.4014 0.5226
vn 0.7595 -0.4271 0.4907
vn 0.7086 -0.4755 0.5213
vn 0.7123 -0.4991 0.4935
vn 0.6568 -0.5413 0.5250
vn 0.6577 -0.5621 0.5016
vn 0.5981 -0.5975 0.5341
vn 0.5969 -0.6151 0.5151
vn 0.5340 -0.6432 0.5487
vn 0.4663 -0.6777 0.5686
vn 0.3965 -0.7003 0.5936
vn 0.3264 -0.7106 0.6233
vn 0.3429 0.6689 0.6596
vn 0.3567 0.6459 0.6750
vn 0.4186 0.6419 0.6424
vn 0.4374 0.5817 0.6858
vn 0.5172 0.5101 0.6872
vn 0.5892 0.4319 0.6829
vn 0.6519 0.3481 0.6737
vn 0.7043 0.2596 0.6607
vn 0.7456 0.1678 0.6450
vn 0.7750 0.0738 0.6276
vn 0.7923 -0.0208 0.6098
vn 0.7973 -0.1147 0.5925
vn 0.7903 -0.2063 0.5770
vn 0.7716 -0.2941 0.5641
vn 0.7419 -0.3768 0.5546
vn 0.7022 -0.4529 0.5494
vn 0.7086 -0.4756 0.5213
vn 0.6535 -0.5212 0.5489
vn 0.6567 -0.5413 0.5251
vn 0.5973 -0.5803 0.5536
vn 0.5980 -0.5975 0.5342
vn 0.5349 -0.6295 0.5636
vn 0.4680 -0.6676 0.5790
vn 0.3982 -0.6942 0.5997
vn 0.3271 -0.7086 0.6252
vn 0.3669 0.5975 0.7130
vn 0.3786 0.5855 0.7168
vn 0.4373 0.5817 0.6858
vn 0.4535 0.5181 0.7252
vn 0.5293 0.4436 0.7232
vn 0.5891 0.4319 0.6829
vn 0.5966 0.3631 0.7157
vn 0.6539 0.2777 0.7037
vn 0.7005 0.1883 0.6884
vn 0.7355 0.0963 0.6707
vn 0.7583 0.0031 0.6518
vn 0.7689 -0.0900 0.6330
vn 0.7973 -0.1147 0.5926
vn 0.7673 -0.1814 0.6151
vn 0.7536 -0.2698 0.5994
vn 0.7287 -0.3535 0.5866
vn 0.6931 -0.4313 0.5775
vn 0.7021 -0.4529 0.5494
vn 0.6480 -0.5018 0.5729
vn 0.5946 -0.5638 0.5733
vn 0.5973 -0.5804 0.5536
vn 0.5343 -0.6160 0.5788
vn 0.4687 -0.6577 0.5897
vn 0.4679 -0.6676 0.5790
vn 0.3992 -0.6881 0.6060
vn 0.3982 -0.6941 0.5997
vn 0.3277 -0.7065 0.6272
vn 0.3878 0.5210 0.7604
vn 0.3862 0.5222 0.7604
vn 0.4670 0.4515 0.7603
vn 0.5294 0.4436 0.7232
vn 0.5384 0.3745 0.7549
vn 0.6005 0.2922 0.7443
vn 0.6540 0.2777 0.7037
vn 0.6522 0.2056 0.7297
vn 0.6925 0.1159 0.7120
vn 0.7354 0.0963 0.6707
vn 0.7210 0.0243 0.6925
vn 0.7372 -0.0676 0.6722
vn 0.7411 -0.1586 0.6524
vn 0.7327 -0.2471 0.6341
vn 0.7537 -0.2698 0.5994
vn 0.7126 -0.3317 0.6182
vn 0.6815 -0.4109 0.6056
vn 0.6402 -0.4833 0.5971
vn 0.5901 -0.5477 0.5931
vn 0.5946 -0.5637 0.5733
vn 0.5322 -0.6030 0.5943
vn 0.4682 -0.6481 0.6007
vn 0.4686 -0.6577 0.5898
vn 0.3995 -0.6821 0.6125
vn 0.3992 -0.6881 0.6059
vn 0.3280 -0.7045 0.6293
vn 0.4038 0.4542 0.7941
vn 0.4024 0.4554 0.7942
vn 0.4670 0.4515 0.7604
vn 0.4777 0.3821 0.7910
vn 0.5443 0.3032 0.7822
vn 0.6009 0.2196 0.7685
vn 0.6466 0.1324 0.7513
vn 0.6926 0.1159 0.7120
vn 0.6806 0.0428 0.7314
vn 0.7210 0.0244 0.6925
vn 0.7024 -0.0478 0.7102
vn 0.7372 -0.0676 0.6723
vn 0.7118 -0.1380 0.6887
vn 0.7410 -0.1586 0.6525
vn 0.7088 -0.2263 0.6681
vn 0.6939 -0.3114 0.6493
vn 0.6674 -0.3916 0.6334
vn 0.6304 -0.4658 0.6211
vn 0.6403 -0.4833 0.5970
vn 0.5837 -0.5324 0.6131
vn 0.5287 -0.5904 0.6098
vn 0.5322 -0.6030 0.5942
vn 0.4667 -0.6387 0.6118
vn 0.3993 -0.6763 0.6190
vn 0.3995 -0.6821 0.6124
vn 0.3282 -0.7025 0.6315
vn 0.4116 0.4054 0.8162
vn 0.4240 0.3855 0.8195
vn 0.4777 0.3821 0.7911
vn 0.4857 0.3106 0.8171
vn 0.5470 0.2301 0.8049
vn 0.6009 0.2196 0.7686
vn 0.5978 0.1457 0.7883
vn 0.6372 0.0583 0.7685
vn 0.6805 0.0428 0.7315
vn 0.6646 -0.0306 0.7466
vn 0.6796 -0.1197 0.7238
vn 0.6821 -0.2075 0.7012
vn 0.6724 -0.2927 0.6798
vn 0.6509 -0.3738 0.6608
vn 0.6674 -0.3917 0.6334
vn 0.6183 -0.4493 0.6449
vn 0.6303 -0.4658 0.6211
vn 0.5754 -0.5180 0.6329
vn 0.5837 -0.5325 0.6130
vn 0.5237 -0.5785 0.6254
vn 0.5286 -0.5905 0.6099
vn 0.4641 -0.6297 0.6230
vn 0.3984 -0.6707 0.6256
vn 0.3994 -0.6763 0.6190
vn 0.3281 -0.7006 0.6337
vn 0.4243 0.3193 0.8474
vn 0.4295 0.3141 0.8467
vn 0.4856 0.3106 0.8171
vn 0.4907 0.2372 0.8384
vn 0.5465 0.1557 0.8229
vn 0.5912 0.0709 0.8034
vn 0.6241 -0.0161 0.7812
vn 0.6447 -0.1038 0.7574
vn 0.6528 -0.1908 0.7331
vn 0.6822 -0.2075 0.7011
vn 0.6485 -0.2759 0.7095
vn 0.6321 -0.3574 0.6876
vn 0.6041 -0.4340 0.6683
vn 0.5655 -0.5044 0.6526
vn 0.5755 -0.5180 0.6329
vn 0.5172 -0.5671 0.6410
vn 0.5236 -0.5785 0.6255
vn 0.4605 -0.6211 0.6342
vn 0.3969 -0.6652 0.6324
vn 0.3985 -0.6706 0.6257
vn 0.3279 -0.6986 0.6360
vn 0.4267 0.2459 0.8703
vn 0.4325 0.2407 0.8689
vn 0.4908 0.2372 0.8384
vn 0.4930 0.1624 0.8548
vn 0.5428 0.0803 0.8360
vn 0.5811 -0.0044 0.8138
vn 0.6073 -0.0904 0.7893
vn 0.6210 -0.1764 0.7637
vn 0.6222 -0.2609 0.7381
vn 0.6110 -0.3426 0.7136
vn 0.5880 -0.4200 0.6913
vn 0.5538 -0.4917 0.6720
vn 0.5094 -0.5565 0.6564
vn 0.4559 -0.6129 0.6453
vn 0.3947 -0.6600 0.6392
vn 0.3969 -0.6653 0.6324
vn 0.3272 -0.6969 0.6381
vn 0.4360 0.1931 0.8790
vn 0.4458 0.1653 0.8797
vn 0.4923 0.0867 0.8661
vn 0.5359 0.0045 0.8443
vn 0.5676 -0.0795 0.8195
vn 0.5869 -0.1641 0.7928
vn 0.6210 -0.1763 0.7637
vn 0.5937 -0.2479 0.7656
vn 0.5879 -0.3295 0.7388
vn 0.5700 -0.4073 0.7136
vn 0.5405 -0.4801 0.6909
vn 0.5538 -0.4917 0.6719
vn 0.5002 -0.5466 0.6716
vn 0.5094 -0.5564 0.6564
vn 0.4503 -0.6053 0.6564
vn 0.4558 -0.6129 0.6454
vn 0.3919 -0.6551 0.6459
vn 0.3946 -0.6601 0.6392
vn 0.3266 -0.6951 0.6404
vn 0.4398 0.1017 0.8923
vn 0.4496 0.0893 0.8887
vn 0.4887 0.0104 0.8724
vn 0.5258 -0.0714 0.8476
vn 0.5508 -0.1543 0.8203
vn 0.5631 -0.2370 0.7917
vn 0.5629 -0.3180 0.7629
vn 0.5502 -0.3961 0.7351
vn 0.5256 -0.4697 0.7093
vn 0.4897 -0.5375 0.6865
vn 0.5003 -0.5465 0.6716
vn 0.4437 -0.5981 0.6673
vn 0.4502 -0.6053 0.6565
vn 0.3886 -0.6505 0.6526
vn 0.3918 -0.6551 0.6459
vn 0.3256 -0.6935 0.6427
vn 0.4398 0.0094 0.8981
vn 0.4342 0.0137 0.9007
vn 0.4823 -0.0659 0.8735
vn 0.5259 -0.0714 0.8476
vn 0.5127 -0.1468 0.8459
vn 0.5307 -0.2281 0.8163
vn 0.5360 -0.3084 0.7859
vn 0.5628 -0.3180 0.7629
vn 0.5287 -0.3863 0.7558
vn 0.5092 -0.4604 0.7272
vn 0.5256 -0.4697 0.7094
vn 0.4781 -0.5293 0.7010
vn 0.4898 -0.5374 0.6865
vn 0.4362 -0.5916 0.6780
vn 0.4436 -0.5982 0.6674
vn 0.3846 -0.6462 0.6591
vn 0.3885 -0.6505 0.6526
vn 0.3245 -0.6919 0.6449
vn 0.4421 -0.0671 0.8944
vn 0.4372 -0.0632 0.8972
vn 0.4731 -0.1419 0.8695
vn 0.4966 -0.2215 0.8393
vn 0.5075 -0.3006 0.8075
vn 0.5058 -0.3780 0.7754
vn 0.4915 -0.4523 0.7442
vn 0.5093 -0.4603 0.7271
vn 0.4654 -0.5219 0.7149
vn 0.4781 -0.5292 0.7009
vn 0.4278 -0.5857 0.6884
vn 0.3801 -0.6423 0.6656
vn 0.3231 -0.6906 0.6471
vn 0.4334 -0.1210 0.8930
vn 0.4460 -0.1402 0.8840
vn 0.4730 -0.1419 0.8696
vn 0.4610 -0.2170 0.8605
vn 0.4775 -0.2948 0.8277
vn 0.4813 -0.3714 0.7940
vn 0.4725 -0.4455 0.7605
vn 0.4514 -0.5156 0.7283
vn 0.4652 -0.5219 0.7149
vn 0.4185 -0.5805 0.6985
vn 0.4277 -0.5857 0.6885
vn 0.3748 -0.6388 0.6719
vn 0.3217 -0.6892 0.6492
vn 0.4244 -0.2122 0.8803
vn 0.4284 -0.2150 0.8776
vn 0.4462 -0.2908 0.8463
vn 0.4556 -0.3664 0.8113
vn 0.4524 -0.4399 0.7758
vn 0.4365 -0.5103 0.7410
vn 0.4086 -0.5759 0.7081
vn 0.4186 -0.5805 0.6984
vn 0.3695 -0.6356 0.6779
vn 0.3750 -0.6387 0.6719
vn 0.3199 -0.6880 0.6514
vn 0.4095 -0.2864 0.8662
vn 0.4139 -0.2889 0.8633
vn 0.4463 -0.2908 0.8463
vn 0.4288 -0.3630 0.8272
vn 0.4557 -0.3664 0.8112
vn 0.4311 -0.4358 0.7901
vn 0.4523 -0.4400 0.7758
vn 0.4206 -0.5060 0.7530
vn 0.3980 -0.5721 0.7172
vn 0.4085 -0.5759 0.7081
vn 0.3634 -0.6329 0.6837
vn 0.3694 -0.6356 0.6779
vn 0.3181 -0.6870 0.6533
vn 0.4055 -0.3378 0.8494
vn 0.4195 -0.3625 0.8323
vn 0.4289 -0.3630 0.8272
vn 0.4090 -0.4330 0.8032
vn 0.4040 -0.5027 0.7642
vn 0.3865 -0.5690 0.7258
vn 0.3978 -0.5721 0.7172
vn 0.3570 -0.6305 0.6892
vn 0.3636 -0.6328 0.6836
vn 0.3162 -0.6861 0.6552
vn 0.3880 -0.4233 0.8187
vn 0.4056 -0.4328 0.8051
vn 0.4090 -0.4330 0.8033
vn 0.3867 -0.5005 0.7746
vn 0.3746 -0.5666 0.7339
vn 0.3501 -0.6287 0.6944
vn 0.3569 -0.6305 0.6892
vn 0.3140 -0.6853 0.6571
vn 0.3430 -0.4913 0.8006
vn 0.3687 -0.4994 0.7840
vn 0.3622 -0.5651 0.7413
vn 0.3745 -0.5666 0.7339
vn 0.3429 -0.6273 0.6993
vn 0.3116 -0.6847 0.6589
vn 0.3575 -0.5378 0.7635
vn 0.3717 -0.5656 0.7362
vn 0.3621 -0.5651 0.7413
vn 0.3354 -0.6263 0.7037
vn 0.3429 -0.6273 0.6992
vn 0.3093 -0.6842 0.6605
vn 0.3356 -0.6263 0.7037
vn 0.3067 -0.6839 0.6620
vn -0.2740 0.7371 -0.6178
vn 0.1881 -0.8686 0.4584
vn 0.2124 -0.8720 0.4411
vn 0.2352 -0.9027 0.3604
vn 0.3008 -0.9457 0.1233
vn 0.4306 -0.8960 -0.1089
vn 0.4301 -0.8838 -0.1845
vn 0.4827 -0.8573 -0.1791
vn 0.4827 -0.8383 -0.2533
vn 0.5910 -0.7478 -0.3025
vn 0.6899 -0.5570 -0.4625
vn 0.7405 -0.5119 -0.4355
vn 0.8386 -0.2141 -0.5009
vn 0.8597 0.0007 -0.5109
vn 0.7669 0.3652 -0.5277
vn 0.7752 0.4142 -0.4770
vn 0.7249 0.4590 -0.5137
vn 0.6733 0.5456 -0.4990
vn 0.6713 0.5892 -0.4496
vn 0.6129 0.6239 -0.4848
vn 0.6064 0.6642 -0.4372
vn 0.4702 0.7519 -0.4622
vn 0.4565 0.7845 -0.4197
vn 0.3745 0.8285 -0.4164
vn 0.2230 0.8619 -0.4554
vn 0.0556 0.8777 -0.4759
vn -0.0235 0.8688 -0.4946
vn -0.0398 0.8781 -0.4767
vn -0.0973 0.8495 -0.5186
vn -0.1642 0.8204 -0.5478
vn -0.1750 0.8242 -0.5386
vn -0.2226 0.7824 -0.5816
vn -0.2296 0.7842 -0.5764
vn -0.2713 0.7366 -0.6195
vn 0.3474 -0.5698 0.7448
vn 0.3323 -0.6134 0.7165
vn 0.4023 -0.6284 0.6657
vn 0.1181 -0.6584 0.7434
vn -0.9199 0.0348 0.3906
vn -0.9187 0.0369 0.3933
vn -0.9172 0.0388 0.3964
vn -0.9158 0.0404 0.3995
vn -0.9142 0.0418 0.4031
vn -0.9128 0.0427 0.4061
vn -0.9113 0.0433 0.4094
vn -0.9097 0.0436 0.4130
vn -0.9080 0.0436 0.4167
vn -0.9065 0.0433 0.4199
vn -0.9049 0.0426 0.4235
vn -0.9035 0.0416 0.4265
vn -0.9018 0.0402 0.4303
vn -0.9006 0.0386 0.4330
vn -0.8992 0.0367 0.4360
vn -0.8978 0.0345 0.4390
vn -0.8966 0.0320 0.4416
vn -0.8956 0.0293 0.4440
vn -0.8945 0.0264 0.4463
vn -0.8937 0.0233 0.4481
vn -0.8928 0.0198 0.4500
vn -0.8922 0.0165 0.4513
vn -0.8917 0.0130 0.4525
vn -0.8913 0.0090 0.4534
vn -0.8910 0.0055 0.4540
vn -0.8909 0.0016 0.4543
vn -0.8909 -0.0021 0.4542
vn -0.8910 -0.0058 0.4539
vn -0.8913 -0.0098 0.4532
vn -0.8917 -0.0133 0.4524
vn -0.8923 -0.0171 0.4511
vn -0.8929 -0.0203 0.4497
vn -0.8938 -0.0238 0.4479
vn -0.8947 -0.0267 0.4459
vn -0.8957 -0.0297 0.4436
vn -0.8968 -0.0323 0.4413
vn -0.8979 -0.0348 0.4387
vn -0.8994 -0.0370 0.4355
vn -0.9006 -0.0387 0.4328
vn -0.9022 -0.0405 0.4294
vn -0.9036 -0.0417 0.4264
vn -0.9052 -0.0427 0.4229
vn -0.9067 -0.0433 0.4195
vn -0.9083 -0.0436 0.4161
vn -0.9099 -0.0436 0.4126
vn -0.9114 -0.0433 0.4092
vn -0.9131 -0.0425 0.4056
vn -0.9145 -0.0415 0.4024
vn -0.9160 -0.0403 0.3992
vn -0.9175 -0.0386 0.3959
vn -0.9188 -0.0367 0.3930
vn -0.9200 -0.0346 0.3904
vn -0.9213 -0.0320 0.3875
vn -0.9224 -0.0293 0.3851
vn -0.9234 -0.0264 0.3830
vn -0.9243 -0.0232 0.3809
vn -0.9251 -0.0200 0.3793
vn -0.9257 -0.0165 0.3778
vn -0.9263 -0.0130 0.3766
vn -0.9267 -0.0091 0.3757
vn -0.9270 -0.0054 0.3751
vn -0.9271 -0.0016 0.3749
vn -0.9271 0.0021 0.3749
vn -0.9269 0.0058 0.3752
vn -0.9266 0.0098 0.3759
vn -0.9262 0.0134 0.3768
vn -0.9257 0.0168 0.3779
vn -0.9250 0.0205 0.3795
vn -0.9242 0.0236 0.3812
vn -0.9233 0.0268 0.3832
vn -0.9223 0.0297 0.3854
vn -0.9211 0.0323 0.3880
vn -0.2901 0.7961 -0.5311
vn -0.2604 0.8457 -0.4659
vn -0.2289 0.8888 -0.3970
vn -0.2290 0.8888 -0.3970
vn -0.1961 0.9252 -0.3249
vn -0.1620 0.9545 -0.2503
vn -0.1270 0.9766 -0.1735
vn -0.1271 0.9766 -0.1735
vn -0.0914 0.9912 -0.0954
vn -0.0553 0.9983 -0.0163
vn -0.0192 0.9978 0.0630
vn 0.0168 0.9897 0.1419
vn 0.0524 0.9741 0.2199
vn 0.0873 0.9511 0.2964
vn 0.1212 0.9208 0.3708
vn 0.1539 0.8835 0.4424
vn 0.1851 0.8395 0.5109
vn 0.2146 0.7891 0.5756
vn 0.2422 0.7327 0.6360
vn 0.2676 0.6707 0.6918
vn 0.2907 0.6036 0.7424
vn 0.3113 0.5319 0.7875
vn 0.3291 0.4562 0.8268
vn 0.3292 0.4562 0.8268
vn 0.3443 0.3770 0.8598
vn 0.3443 0.3770 0.8599
vn 0.3564 0.2949 0.8866
vn 0.3565 0.2949 0.8865
vn 0.3656 0.2106 0.9066
vn 0.3717 0.1247 0.9199
vn 0.3717 0.1247 0.9200
vn 0.3746 0.0378 0.9264
vn 0.3744 -0.0493 0.9259
vn 0.3744 -0.0493 0.9260
vn 0.3711 -0.1361 0.9186
vn 0.3646 -0.2218 0.9043
vn 0.3646 -0.2218 0.9044
vn 0.3550 -0.3059 0.8834
vn 0.3424 -0.3876 0.8559
vn 0.3270 -0.4664 0.8219
vn 0.3087 -0.5416 0.7819
vn 0.2878 -0.6127 0.7360
vn 0.2644 -0.6792 0.6847
vn 0.2387 -0.7405 0.6283
vn 0.2387 -0.7404 0.6283
vn 0.2108 -0.7961 0.5673
vn 0.1811 -0.8457 0.5021
vn 0.1811 -0.8457 0.5020
vn 0.1496 -0.8888 0.4331
vn 0.1497 -0.8888 0.4332
vn 0.1168 -0.9252 0.3611
vn 0.0827 -0.9545 0.2864
vn 0.0477 -0.9766 0.2097
vn 0.0478 -0.9766 0.2097
vn 0.0121 -0.9912 0.1315
vn -0.0239 -0.9983 0.0525
vn -0.0240 -0.9983 0.0525
vn -0.0601 -0.9978 -0.0268
vn -0.0961 -0.9897 -0.1058
vn -0.0961 -0.9897 -0.1057
vn -0.1317 -0.9741 -0.1838
vn -0.1666 -0.9511 -0.2602
vn -0.2005 -0.9208 -0.3346
vn -0.2332 -0.8835 -0.4063
vn -0.2644 -0.8395 -0.4747
vn -0.2939 -0.7891 -0.5394
vn -0.3215 -0.7327 -0.5999
vn -0.3469 -0.6707 -0.6556
vn -0.3700 -0.6036 -0.7062
vn -0.3906 -0.5319 -0.7513
vn -0.4085 -0.4562 -0.7906
vn -0.4236 -0.3770 -0.8237
vn -0.4358 -0.2949 -0.8504
vn -0.4449 -0.2106 -0.8705
vn -0.4510 -0.1247 -0.8838
vn -0.4539 -0.0378 -0.8902
vn -0.4537 0.0493 -0.8898
vn -0.4504 0.1361 -0.8824
vn -0.4439 0.2219 -0.8682
vn -0.4439 0.2218 -0.8682
vn -0.4343 0.3059 -0.8472
vn -0.4218 0.3876 -0.8197
vn -0.4217 0.3876 -0.8197
vn -0.4063 0.4664 -0.7858
vn -0.3880 0.5416 -0.7457
vn -0.3671 0.6127 -0.6999
vn -0.3437 0.6792 -0.6485
vn -0.3180 0.7404 -0.5921
vn -0.3179 0.7405 -0.5921
vn -0.3672 0.7900 -0.4909
vn -0.3377 0.8392 -0.4262
vn -0.3065 0.8821 -0.3578
vn -0.2739 0.9182 -0.2863
vn -0.2401 0.9473 -0.2122
vn -0.2054 0.9692 -0.1361
vn -0.1700 0.9837 -0.0585
vn -0.1342 0.9907 0.0200
vn -0.1342 0.9908 0.0200
vn -0.0983 0.9903 0.0986
vn -0.0626 0.9822 0.1770
vn -0.0273 0.9667 0.2544
vn 0.0073 0.9438 0.3303
vn 0.0410 0.9138 0.4041
vn 0.0734 0.8768 0.4752
vn 0.1044 0.8331 0.5432
vn 0.1337 0.7831 0.6074
vn 0.1610 0.7271 0.6674
vn 0.1611 0.7271 0.6674
vn 0.1863 0.6656 0.7227
vn 0.2092 0.5990 0.7729
vn 0.2296 0.5279 0.8177
vn 0.2474 0.4527 0.8566
vn 0.2473 0.4527 0.8567
vn 0.2623 0.3741 0.8895
vn 0.2624 0.3741 0.8895
vn 0.2744 0.2927 0.9160
vn 0.2835 0.2090 0.9359
vn 0.2896 0.1238 0.9491
vn 0.2925 0.0376 0.9555
vn 0.2925 0.0375 0.9555
vn 0.2923 -0.0490 0.9551
vn 0.2923 -0.0489 0.9551
vn 0.2889 -0.1351 0.9478
vn 0.2825 -0.2202 0.9337
vn 0.2730 -0.3036 0.9129
vn 0.2605 -0.3847 0.8855
vn 0.2452 -0.4629 0.8518
vn 0.2271 -0.5375 0.8121
vn 0.2270 -0.5375 0.8121
vn 0.2063 -0.6081 0.7666
vn 0.1831 -0.6740 0.7157
vn 0.1576 -0.7348 0.6597
vn 0.1575 -0.7348 0.6597
vn 0.1299 -0.7900 0.5991
vn 0.1004 -0.8392 0.5344
vn 0.0692 -0.8821 0.4660
vn 0.0366 -0.9182 0.3945
vn 0.0028 -0.9473 0.3204
vn -0.0319 -0.9692 0.2443
vn -0.0673 -0.9837 0.1667
vn -0.1031 -0.9908 0.0883
vn -0.1390 -0.9903 0.0096
vn -0.1747 -0.9822 -0.0688
vn -0.2100 -0.9667 -0.1462
vn -0.2446 -0.9438 -0.2221
vn -0.2783 -0.9138 -0.2959
vn -0.3107 -0.8768 -0.3670
vn -0.3417 -0.8331 -0.4349
vn -0.3710 -0.7831 -0.4991
vn -0.3983 -0.7271 -0.5591
vn -0.4236 -0.6656 -0.6145
vn -0.4465 -0.5990 -0.6647
vn -0.4669 -0.5279 -0.7095
vn -0.4847 -0.4527 -0.7484
vn -0.4996 -0.3741 -0.7813
vn -0.4997 -0.3741 -0.7813
vn -0.5117 -0.2927 -0.8078
vn -0.5208 -0.2090 -0.8277
vn -0.5269 -0.1237 -0.8409
vn -0.5268 -0.1237 -0.8409
vn -0.5298 -0.0375 -0.8473
vn -0.5296 0.0489 -0.8469
vn -0.5296 0.0490 -0.8469
vn -0.5262 0.1351 -0.8395
vn -0.5262 0.1351 -0.8396
vn -0.5198 0.2202 -0.8254
vn -0.5103 0.3036 -0.8046
vn -0.4978 0.3847 -0.7773
vn -0.4825 0.4629 -0.7436
vn -0.4644 0.5375 -0.7039
vn -0.4436 0.6081 -0.6584
vn -0.4204 0.6740 -0.6074
vn -0.3948 0.7348 -0.5515
vn -0.3949 0.7348 -0.5515
vn -0.4415 0.7780 -0.4470
vn -0.4124 0.8264 -0.3832
vn -0.4125 0.8264 -0.3832
vn -0.3817 0.8686 -0.3159
vn -0.3496 0.9042 -0.2455
vn -0.3163 0.9328 -0.1725
vn -0.2822 0.9544 -0.0975
vn -0.2473 0.9687 -0.0211
vn -0.2121 0.9756 0.0561
vn -0.1767 0.9751 0.1336
vn -0.1416 0.9672 0.2108
vn -0.1068 0.9520 0.2870
vn -0.0727 0.9294 0.3617
vn -0.0396 0.8998 0.4344
vn -0.0396 0.8999 0.4344
vn -0.0076 0.8634 0.5044
vn 0.0229 0.8204 0.5713
vn 0.0518 0.7712 0.6345
vn 0.0517 0.7711 0.6346
vn 0.0786 0.7160 0.6936
vn 0.0787 0.7160 0.6936
vn 0.1035 0.6555 0.7481
vn 0.1035 0.6554 0.7481
vn 0.1261 0.5899 0.7976
vn 0.1462 0.5198 0.8417
vn 0.1461 0.5198 0.8417
vn 0.1637 0.4458 0.8800
vn 0.1784 0.3684 0.9124
vn 0.1903 0.2882 0.9384
vn 0.1904 0.2882 0.9385
vn 0.1993 0.2058 0.9581
vn 0.2052 0.1219 0.9711
vn 0.2053 0.1219 0.9711
vn 0.2081 0.0370 0.9774
vn 0.2079 -0.0482 0.9770
vn 0.2046 -0.1330 0.9698
vn 0.2047 -0.1330 0.9698
vn 0.1983 -0.2168 0.9559
vn 0.1889 -0.2990 0.9354
vn 0.1890 -0.2990 0.9354
vn 0.1767 -0.3788 0.9085
vn 0.1766 -0.3788 0.9085
vn 0.1615 -0.4558 0.8753
vn 0.1437 -0.5293 0.8362
vn 0.1232 -0.5988 0.7914
vn 0.1004 -0.6637 0.7412
vn 0.0752 -0.7236 0.6861
vn 0.0480 -0.7780 0.6264
vn 0.0190 -0.8264 0.5627
vn 0.0189 -0.8264 0.5627
vn -0.0117 -0.8686 0.4954
vn -0.0439 -0.9042 0.4249
vn -0.0438 -0.9042 0.4249
vn -0.0772 -0.9328 0.3520
vn -0.0771 -0.9328 0.3520
vn -0.1113 -0.9544 0.2770
vn -0.1462 -0.9687 0.2006
vn -0.1814 -0.9756 0.1234
vn -0.2167 -0.9751 0.0459
vn -0.2167 -0.9752 0.0459
vn -0.2519 -0.9672 -0.0313
vn -0.2867 -0.9520 -0.1075
vn -0.3208 -0.9294 -0.1823
vn -0.3540 -0.8998 -0.2549
vn -0.3539 -0.8999 -0.2549
vn -0.3859 -0.8634 -0.3250
vn -0.4164 -0.8204 -0.3919
vn -0.4452 -0.7711 -0.4551
vn -0.4452 -0.7712 -0.4551
vn -0.4722 -0.7160 -0.5142
vn -0.4970 -0.6555 -0.5686
vn -0.4970 -0.6554 -0.5686
vn -0.5196 -0.5899 -0.6181
vn -0.5397 -0.5198 -0.6622
vn -0.5572 -0.4458 -0.7006
vn -0.5719 -0.3684 -0.7329
vn -0.5720 -0.3684 -0.7329
vn -0.5838 -0.2882 -0.7590
vn -0.5928 -0.2058 -0.7786
vn -0.5987 -0.1219 -0.7916
vn -0.6016 -0.0370 -0.7979
vn -0.6014 0.0482 -0.7975
vn -0.5981 0.1330 -0.7903
vn -0.5918 0.2168 -0.7764
vn -0.5824 0.2990 -0.7559
vn -0.5701 0.3788 -0.7290
vn -0.5702 0.3788 -0.7290
vn -0.5550 0.4558 -0.6958
vn -0.5372 0.5293 -0.6567
vn -0.5167 0.5988 -0.6119
vn -0.4939 0.6637 -0.5617
vn -0.4687 0.7236 -0.5066
vn -0.5125 0.7600 -0.3996
vn -0.4841 0.8074 -0.3374
vn -0.4541 0.8486 -0.2716
vn -0.4541 0.8485 -0.2716
vn -0.4227 0.8833 -0.2028
vn -0.3902 0.9113 -0.1315
vn -0.3568 0.9324 -0.0583
vn -0.3228 0.9463 0.0164
vn -0.2883 0.9531 0.0918
vn -0.2538 0.9526 0.1675
vn -0.2194 0.9449 0.2429
vn -0.1855 0.9300 0.3174
vn -0.1522 0.9080 0.3904
vn -0.1198 0.8791 0.4614
vn -0.0886 0.8435 0.5298
vn -0.0588 0.8015 0.5952
vn -0.0306 0.7533 0.6569
vn -0.0306 0.7534 0.6569
vn -0.0043 0.6995 0.7146
vn 0.0200 0.6403 0.7678
vn 0.0200 0.6403 0.7679
vn 0.0420 0.5763 0.8162
vn 0.0617 0.5078 0.8592
vn 0.0788 0.4355 0.8967
vn 0.0932 0.3599 0.9283
vn 0.1048 0.2816 0.9538
vn 0.1136 0.2011 0.9730
vn 0.1135 0.2011 0.9730
vn 0.1193 0.1191 0.9857
vn 0.1222 0.0361 0.9919
vn 0.1221 0.0361 0.9919
vn 0.1220 -0.0471 0.9914
vn 0.1219 -0.0471 0.9914
vn 0.1188 -0.1299 0.9844
vn 0.1187 -0.1299 0.9844
vn 0.1126 -0.2118 0.9708
vn 0.1125 -0.2118 0.9708
vn 0.1034 -0.2921 0.9508
vn 0.1035 -0.2920 0.9508
vn 0.0915 -0.3701 0.9245
vn 0.0914 -0.3701 0.9245
vn 0.0767 -0.4453 0.8921
vn 0.0766 -0.4453 0.8921
vn 0.0592 -0.5171 0.8539
vn 0.0393 -0.5850 0.8101
vn 0.0169 -0.6484 0.7611
vn -0.0077 -0.7069 0.7072
vn -0.0076 -0.7069 0.7073
vn -0.0342 -0.7600 0.6490
vn -0.0626 -0.8074 0.5867
vn -0.0926 -0.8486 0.5209
vn -0.0927 -0.8486 0.5209
vn -0.1240 -0.8833 0.4521
vn -0.1565 -0.9113 0.3809
vn -0.1899 -0.9324 0.3076
vn -0.2240 -0.9463 0.2330
vn -0.2584 -0.9531 0.1575
vn -0.2929 -0.9526 0.0818
vn -0.3273 -0.9449 0.0065
vn -0.3612 -0.9300 -0.0680
vn -0.3945 -0.9080 -0.1410
vn -0.4269 -0.8791 -0.2120
vn -0.4581 -0.8435 -0.2805
vn -0.4879 -0.8015 -0.3458
vn -0.5161 -0.7533 -0.4076
vn -0.5424 -0.6995 -0.4653
vn -0.5667 -0.6403 -0.5185
vn -0.5887 -0.5763 -0.5668
vn -0.6084 -0.5078 -0.6099
vn -0.6255 -0.4355 -0.6474
vn -0.6399 -0.3599 -0.6790
vn -0.6515 -0.2816 -0.7045
vn -0.6515 -0.2816 -0.7044
vn -0.6603 -0.2011 -0.7236
vn -0.6660 -0.1190 -0.7364
vn -0.6661 -0.1190 -0.7363
vn -0.6689 -0.0361 -0.7425
vn -0.6688 -0.0361 -0.7425
vn -0.6687 0.0471 -0.7421
vn -0.6654 0.1299 -0.7351
vn -0.6655 0.1299 -0.7350
vn -0.6593 0.2118 -0.7215
vn -0.6501 0.2920 -0.7014
vn -0.6501 0.2921 -0.7015
vn -0.6381 0.3701 -0.6751
vn -0.6381 0.3701 -0.6752
vn -0.6234 0.4453 -0.6427
vn -0.6234 0.4453 -0.6428
vn -0.6059 0.5171 -0.6045
vn -0.5860 0.5850 -0.5607
vn -0.5860 0.5850 -0.5608
vn -0.5636 0.6484 -0.5118
vn -0.5391 0.7069 -0.4579
vn -0.5795 0.7363 -0.3493
vn -0.5796 0.7363 -0.3493
vn -0.5521 0.7821 -0.2889
vn -0.5230 0.8220 -0.2252
vn -0.4926 0.8557 -0.1586
vn -0.4611 0.8828 -0.0895
vn -0.4287 0.9032 -0.0186
vn -0.3958 0.9168 0.0537
vn -0.3624 0.9234 0.1268
vn -0.3624 0.9233 0.1268
vn -0.3290 0.9229 0.2002
vn -0.2957 0.9154 0.2732
vn -0.2628 0.9009 0.3454
vn -0.2305 0.8796 0.4161
vn -0.1991 0.8516 0.4849
vn -0.1689 0.8171 0.5512
vn -0.1689 0.8171 0.5511
vn -0.1400 0.7764 0.6145
vn -0.1127 0.7298 0.6743
vn -0.0872 0.6776 0.7302
vn -0.0873 0.6776 0.7302
vn -0.0637 0.6203 0.7818
vn -0.0424 0.5583 0.8286
vn -0.0233 0.4920 0.8703
vn -0.0068 0.4219 0.9066
vn -0.0068 0.4220 0.9066
vn 0.0072 0.3487 0.9372
vn 0.0185 0.2728 0.9619
vn 0.0184 0.2728 0.9619
vn 0.0269 0.1948 0.9805
vn 0.0325 0.1153 0.9928
vn 0.0325 0.1154 0.9928
vn 0.0353 0.0350 0.9988
vn 0.0350 -0.0456 0.9983
vn 0.0351 -0.0456 0.9983
vn 0.0320 -0.1259 0.9915
vn 0.0260 -0.2052 0.9784
vn 0.0171 -0.2829 0.9590
vn 0.0055 -0.3585 0.9335
vn -0.0088 -0.4314 0.9021
vn -0.0257 -0.5009 0.8651
vn -0.0257 -0.5010 0.8651
vn -0.0451 -0.5667 0.8227
vn -0.0450 -0.5667 0.8227
vn -0.0667 -0.6282 0.7752
vn -0.0905 -0.6848 0.7231
vn -0.0905 -0.6848 0.7230
vn -0.1163 -0.7363 0.6666
vn -0.1162 -0.7363 0.6666
vn -0.1438 -0.7821 0.6063
vn -0.1437 -0.7821 0.6063
vn -0.1729 -0.8220 0.5426
vn -0.1728 -0.8221 0.5426
vn -0.2032 -0.8557 0.4759
vn -0.2347 -0.8828 0.4069
vn -0.2671 -0.9032 0.3359
vn -0.3000 -0.9168 0.2636
vn -0.3334 -0.9233 0.1905
vn -0.3668 -0.9229 0.1172
vn -0.4001 -0.9154 0.0441
vn -0.4331 -0.9009 -0.0280
vn -0.4330 -0.9009 -0.0280
vn -0.4653 -0.8796 -0.0987
vn -0.4967 -0.8516 -0.1675
vn -0.5269 -0.8171 -0.2338
vn -0.5558 -0.7764 -0.2971
vn -0.5831 -0.7298 -0.3569
vn -0.6086 -0.6777 -0.4129
vn -0.6086 -0.6776 -0.4129
vn -0.6321 -0.6203 -0.4644
vn -0.6534 -0.5583 -0.5112
vn -0.6725 -0.4920 -0.5530
vn -0.6724 -0.4920 -0.5530
vn -0.6890 -0.4219 -0.5893
vn -0.7030 -0.3487 -0.6199
vn -0.7142 -0.2728 -0.6446
vn -0.7227 -0.1948 -0.6631
vn -0.7283 -0.1153 -0.6755
vn -0.7311 -0.0350 -0.6814
vn -0.7308 0.0456 -0.6810
vn -0.7309 0.0456 -0.6810
vn -0.7278 0.1259 -0.6742
vn -0.7277 0.1259 -0.6742
vn -0.7218 0.2052 -0.6610
vn -0.7129 0.2829 -0.6416
vn -0.7129 0.2829 -0.6417
vn -0.7013 0.3585 -0.6162
vn -0.6870 0.4314 -0.5848
vn -0.6701 0.5010 -0.5478
vn -0.6507 0.5667 -0.5053
vn -0.6508 0.5667 -0.5053
vn -0.6291 0.6282 -0.4579
vn -0.6291 0.6281 -0.4579
vn -0.6053 0.6848 -0.4057
vn -0.6422 0.7070 -0.2962
vn -0.6158 0.7510 -0.2383
vn -0.5879 0.7893 -0.1771
vn -0.5587 0.8216 -0.1131
vn -0.5285 0.8476 -0.0468
vn -0.5285 0.8477 -0.0468
vn -0.4974 0.8672 0.0213
vn -0.4974 0.8673 0.0213
vn -0.4657 0.8803 0.0907
vn -0.4338 0.8865 0.1609
vn -0.4337 0.8866 0.1609
vn -0.4016 0.8861 0.2313
vn -0.3696 0.8789 0.3014
vn -0.3697 0.8789 0.3014
vn -0.3380 0.8650 0.3707
vn -0.3381 0.8650 0.3707
vn -0.3071 0.8446 0.4386
vn -0.2770 0.8177 0.5047
vn -0.2769 0.8177 0.5047
vn -0.2479 0.7846 0.5683
vn -0.2202 0.7455 0.6291
vn -0.1940 0.7007 0.6865
vn -0.1695 0.6507 0.7402
vn -0.1695 0.6506 0.7402
vn -0.1469 0.5956 0.7897
vn -0.1265 0.5360 0.8347
vn -0.1264 0.5360 0.8347
vn -0.1082 0.4724 0.8747
vn -0.0923 0.4051 0.9096
vn -0.0789 0.3348 0.9390
vn -0.0681 0.2619 0.9627
vn -0.0680 0.2619 0.9627
vn -0.0599 0.1870 0.9805
vn -0.0545 0.1108 0.9924
vn -0.0546 0.1107 0.9924
vn -0.0519 0.0336 0.9981
vn -0.0521 -0.0438 0.9977
vn -0.0520 -0.0438 0.9977
vn -0.0551 -0.1209 0.9911
vn -0.0608 -0.1970 0.9785
vn -0.0609 -0.1970 0.9785
vn -0.0694 -0.2717 0.9599
vn -0.0693 -0.2716 0.9599
vn -0.0805 -0.3442 0.9354
vn -0.0942 -0.4142 0.9053
vn -0.0943 -0.4142 0.9053
vn -0.1105 -0.4810 0.8697
vn -0.1104 -0.4810 0.8697
vn -0.1290 -0.5441 0.8290
vn -0.1498 -0.6031 0.7834
vn -0.1499 -0.6031 0.7834
vn -0.1727 -0.6576 0.7334
vn -0.1727 -0.6575 0.7334
vn -0.1974 -0.7069 0.6792
vn -0.2238 -0.7510 0.6212
vn -0.2517 -0.7893 0.5601
vn -0.2809 -0.8216 0.4961
vn -0.3111 -0.8476 0.4298
vn -0.3111 -0.8477 0.4298
vn -0.3422 -0.8673 0.3616
vn -0.3739 -0.8803 0.2922
vn -0.3738 -0.8803 0.2922
vn -0.4059 -0.8866 0.2220
vn -0.4380 -0.8861 0.1516
vn -0.4700 -0.8789 0.0815
vn -0.5015 -0.8650 0.0122
vn -0.5016 -0.8650 0.0122
vn -0.5325 -0.8446 -0.0557
vn -0.5626 -0.8177 -0.1217
vn -0.5917 -0.7846 -0.1854
vn -0.6194 -0.7455 -0.2462
vn -0.6456 -0.7007 -0.3036
vn -0.6701 -0.6506 -0.3573
vn -0.6927 -0.5956 -0.4068
vn -0.7132 -0.5360 -0.4518
vn -0.7314 -0.4724 -0.4918
vn -0.7473 -0.4051 -0.5267
vn -0.7607 -0.3348 -0.5561
vn -0.7716 -0.2619 -0.5797
vn -0.7715 -0.2619 -0.5798
vn -0.7797 -0.1870 -0.5976
vn -0.7851 -0.1107 -0.6094
vn -0.7877 -0.0336 -0.6152
vn -0.7875 0.0438 -0.6148
vn -0.7875 0.0438 -0.6147
vn -0.7845 0.1209 -0.6082
vn -0.7788 0.1970 -0.5956
vn -0.7703 0.2716 -0.5770
vn -0.7703 0.2717 -0.5770
vn -0.7591 0.3442 -0.5525
vn -0.7454 0.4142 -0.5224
vn -0.7292 0.4810 -0.4868
vn -0.7291 0.4810 -0.4868
vn -0.7106 0.5441 -0.4461
vn -0.6898 0.6031 -0.4005
vn -0.6670 0.6575 -0.3504
vn -0.6669 0.6576 -0.3504
vn -0.7000 0.6722 -0.2409
vn -0.6749 0.7141 -0.1859
vn -0.6484 0.7505 -0.1277
vn -0.6206 0.7813 -0.0668
vn -0.6206 0.7812 -0.0668
vn -0.5919 0.8060 -0.0038
vn -0.5623 0.8247 0.0610
vn -0.5322 0.8370 0.1270
vn -0.5018 0.8430 0.1937
vn -0.4712 0.8426 0.2607
vn -0.4408 0.8358 0.3274
vn -0.4108 0.8226 0.3932
vn -0.4108 0.8226 0.3933
vn -0.3813 0.8031 0.4578
vn -0.3527 0.7775 0.5206
vn -0.3251 0.7460 0.5812
vn -0.3251 0.7461 0.5811
vn -0.2987 0.7089 0.6389
vn -0.2738 0.6663 0.6936
vn -0.2505 0.6187 0.7446
vn -0.2291 0.5663 0.7917
vn -0.2290 0.5664 0.7917
vn -0.2096 0.5097 0.8344
vn -0.1922 0.4492 0.8725
vn -0.1771 0.3852 0.9057
vn -0.1643 0.3183 0.9336
vn -0.1643 0.3184 0.9336
vn -0.1541 0.2490 0.9562
vn -0.1540 0.2490 0.9562
vn -0.1463 0.1778 0.9731
vn -0.1412 0.1053 0.9844
vn -0.1387 0.0319 0.9898
vn -0.1386 0.0319 0.9898
vn -0.1389 -0.0416 0.9894
vn -0.1389 -0.0417 0.9894
vn -0.1417 -0.1150 0.9832
vn -0.1417 -0.1149 0.9832
vn -0.1472 -0.1873 0.9712
vn -0.1553 -0.2583 0.9535
vn -0.1552 -0.2583 0.9535
vn -0.1659 -0.3273 0.9302
vn -0.1658 -0.3273 0.9302
vn -0.1790 -0.3938 0.9016
vn -0.1789 -0.3938 0.9016
vn -0.1943 -0.4574 0.8678
vn -0.1944 -0.4574 0.8678
vn -0.2120 -0.5174 0.8291
vn -0.2318 -0.5735 0.7857
vn -0.2535 -0.6253 0.7381
vn -0.2770 -0.6722 0.6866
vn -0.3021 -0.7141 0.6315
vn -0.3022 -0.7141 0.6315
vn -0.3287 -0.7505 0.5733
vn -0.3564 -0.7812 0.5124
vn -0.3564 -0.7813 0.5125
vn -0.3852 -0.8060 0.4494
vn -0.4147 -0.8247 0.3846
vn -0.4448 -0.8370 0.3186
vn -0.4753 -0.8430 0.2519
vn -0.5058 -0.8426 0.1849
vn -0.5362 -0.8358 0.1182
vn -0.5663 -0.8226 0.0524
vn -0.5957 -0.8031 -0.0122
vn -0.6243 -0.7775 -0.0750
vn -0.6244 -0.7775 -0.0750
vn -0.6519 -0.7461 -0.1355
vn -0.6520 -0.7461 -0.1355
vn -0.6783 -0.7089 -0.1933
vn -0.7032 -0.6663 -0.2480
vn -0.7265 -0.6187 -0.2990
vn -0.7480 -0.5663 -0.3461
vn -0.7480 -0.5664 -0.3461
vn -0.7675 -0.5097 -0.3888
vn -0.7849 -0.4492 -0.4269
vn -0.8000 -0.3852 -0.4601
vn -0.8127 -0.3183 -0.4880
vn -0.8230 -0.2490 -0.5105
vn -0.8230 -0.2490 -0.5106
vn -0.8307 -0.1778 -0.5275
vn -0.8359 -0.1053 -0.5388
vn -0.8359 -0.1053 -0.5387
vn -0.8383 -0.0319 -0.5442
vn -0.8382 0.0416 -0.5438
vn -0.8353 0.1149 -0.5376
vn -0.8299 0.1873 -0.5256
vn -0.8218 0.2583 -0.5079
vn -0.8112 0.3273 -0.4846
vn -0.7981 0.3938 -0.4560
vn -0.7827 0.4574 -0.4222
vn -0.7650 0.5174 -0.3835
vn -0.7650 0.5174 -0.3834
vn -0.7453 0.5735 -0.3401
vn -0.7235 0.6252 -0.2925
vn -0.7235 0.6253 -0.2925
vn -0.7525 0.6324 -0.1838
vn -0.7289 0.6718 -0.1320
vn -0.7039 0.7061 -0.0773
vn -0.6778 0.7350 -0.0200
vn -0.6778 0.7349 -0.0200
vn -0.6508 0.7583 0.0393
vn -0.6230 0.7758 0.1002
vn -0.5947 0.7874 0.1623
vn -0.5660 0.7931 0.2251
vn -0.5373 0.7927 0.2881
vn -0.5087 0.7862 0.3508
vn -0.4804 0.7738 0.4128
vn -0.4527 0.7555 0.4736
vn -0.4258 0.7315 0.5326
vn -0.3998 0.7018 0.5896
vn -0.3750 0.6669 0.6439
vn -0.3516 0.6268 0.6953
vn -0.3296 0.5820 0.7433
vn -0.3297 0.5820 0.7433
vn -0.3095 0.5328 0.7876
vn -0.2911 0.4795 0.8279
vn -0.2911 0.4795 0.8278
vn -0.2748 0.4226 0.8637
vn -0.2606 0.3624 0.8949
vn -0.2605 0.3624 0.8949
vn -0.2486 0.2995 0.9211
vn -0.2485 0.2995 0.9212
vn -0.2389 0.2343 0.9424
vn -0.2388 0.2343 0.9424
vn -0.2316 0.1673 0.9583
vn -0.2268 0.0991 0.9689
vn -0.2268 0.0990 0.9689
vn -0.2245 0.0301 0.9740
vn -0.2245 0.0300 0.9740
vn -0.2247 -0.0392 0.9737
vn -0.2246 -0.0392 0.9737
vn -0.2273 -0.1081 0.9678
vn -0.2324 -0.1762 0.9565
vn -0.2325 -0.1762 0.9565
vn -0.2400 -0.2430 0.9399
vn -0.2500 -0.3079 0.9180
vn -0.2623 -0.3705 0.8910
vn -0.2768 -0.4303 0.8592
vn -0.2934 -0.4867 0.8228
vn -0.3120 -0.5395 0.7820
vn -0.3325 -0.5882 0.7372
vn -0.3324 -0.5882 0.7372
vn -0.3546 -0.6324 0.6887
vn -0.3545 -0.6324 0.6887
vn -0.3782 -0.6718 0.6369
vn -0.4032 -0.7061 0.5822
vn -0.4293 -0.7350 0.5249
vn -0.4563 -0.7583 0.4656
vn -0.4564 -0.7583 0.4656
vn -0.4841 -0.7758 0.4047
vn -0.5125 -0.7874 0.3426
vn -0.5124 -0.7874 0.3426
vn -0.5411 -0.7931 0.2798
vn -0.5698 -0.7927 0.2168
vn -0.5984 -0.7862 0.1541
vn -0.6267 -0.7738 0.0921
vn -0.6544 -0.7555 0.0314
vn -0.6813 -0.7315 -0.0277
vn -0.7073 -0.7018 -0.0846
vn -0.7321 -0.6669 -0.1390
vn -0.7555 -0.6268 -0.1904
vn -0.7774 -0.5820 -0.2384
vn -0.7976 -0.5328 -0.2827
vn -0.8160 -0.4795 -0.3229
vn -0.8323 -0.4226 -0.3588
vn -0.8465 -0.3624 -0.3899
vn -0.8585 -0.2995 -0.4162
vn -0.8682 -0.2343 -0.4374
vn -0.8755 -0.1673 -0.4534
vn -0.8803 -0.0991 -0.4640
vn -0.8826 -0.0300 -0.4691
vn -0.8826 -0.0301 -0.4691
vn -0.8825 0.0392 -0.4688
vn -0.8825 0.0392 -0.4687
vn -0.8798 0.1081 -0.4629
vn -0.8746 0.1762 -0.4516
vn -0.8671 0.2430 -0.4349
vn -0.8670 0.2430 -0.4349
vn -0.8571 0.3079 -0.4130
vn -0.8448 0.3705 -0.3861
vn -0.8303 0.4303 -0.3543
vn -0.8136 0.4868 -0.3179
vn -0.8137 0.4867 -0.3179
vn -0.7951 0.5395 -0.2771
vn -0.7746 0.5882 -0.2323
vn -0.7993 0.5878 -0.1253
vn -0.7993 0.5877 -0.1253
vn -0.7773 0.6244 -0.0771
vn -0.7541 0.6562 -0.0263
vn -0.7541 0.6562 -0.0262
vn -0.7299 0.6831 0.0269
vn -0.7299 0.6831 0.0270
vn -0.7047 0.7047 0.0821
vn -0.6789 0.7210 0.1387
vn -0.6526 0.7318 0.1964
vn -0.6260 0.7371 0.2548
vn -0.6259 0.7371 0.2548
vn -0.5992 0.7367 0.3133
vn -0.5727 0.7307 0.3716
vn -0.5464 0.7192 0.4292
vn -0.5206 0.7022 0.4857
vn -0.5207 0.7022 0.4857
vn -0.4956 0.6798 0.5406
vn -0.4715 0.6523 0.5935
vn -0.4484 0.6198 0.6440
vn -0.4267 0.5826 0.6918
vn -0.4266 0.5826 0.6918
vn -0.4063 0.5409 0.7364
vn -0.3875 0.4952 0.7776
vn -0.3705 0.4456 0.8150
vn -0.3705 0.4456 0.8149
vn -0.3553 0.3927 0.8483
vn -0.3421 0.3368 0.8772
vn -0.3420 0.3368 0.8773
vn -0.3309 0.2784 0.9017
vn -0.3309 0.2783 0.9017
vn -0.3220 0.2177 0.9214
vn -0.3219 0.2177 0.9214
vn -0.3152 0.1555 0.9362
vn -0.3151 0.1555 0.9362
vn -0.3107 0.0920 0.9461
vn -0.3107 0.0920 0.9460
vn -0.3085 0.0279 0.9508
vn -0.3086 -0.0364 0.9505
vn -0.3111 -0.1005 0.9450
vn -0.3159 -0.1638 0.9346
vn -0.3159 -0.1638 0.9345
vn -0.3230 -0.2259 0.9191
vn -0.3229 -0.2258 0.9191
vn -0.3323 -0.2862 0.8987
vn -0.3322 -0.2862 0.8987
vn -0.3437 -0.3444 0.8737
vn -0.3572 -0.3999 0.8441
vn -0.3571 -0.3999 0.8441
vn -0.3726 -0.4524 0.8103
vn -0.3727 -0.4524 0.8102
vn -0.3899 -0.5014 0.7724
vn -0.3900 -0.5014 0.7723
vn -0.4089 -0.5467 0.7307
vn -0.4295 -0.5877 0.6857
vn -0.4294 -0.5877 0.6857
vn -0.4514 -0.6244 0.6375
vn -0.4746 -0.6562 0.5867
vn -0.4989 -0.6830 0.5334
vn -0.4989 -0.6831 0.5335
vn -0.5240 -0.7047 0.4783
vn -0.5498 -0.7211 0.4217
vn -0.5499 -0.7210 0.4217
vn -0.5762 -0.7318 0.3640
vn -0.6028 -0.7371 0.3056
vn -0.6295 -0.7367 0.2471
vn -0.6561 -0.7307 0.1888
vn -0.6823 -0.7192 0.1312
vn -0.7081 -0.7022 0.0747
vn -0.7331 -0.6798 0.0198
vn -0.7573 -0.6523 -0.0331
vn -0.7572 -0.6523 -0.0331
vn -0.7803 -0.6198 -0.0836
vn -0.8021 -0.5826 -0.1314
vn -0.8224 -0.5409 -0.1760
vn -0.8412 -0.4952 -0.2172
vn -0.8583 -0.4456 -0.2546
vn -0.8734 -0.3927 -0.2879
vn -0.8867 -0.3368 -0.3168
vn -0.8978 -0.2783 -0.3413
vn -0.9068 -0.2177 -0.3610
vn -0.9136 -0.1555 -0.3758
vn -0.9180 -0.0921 -0.3856
vn -0.9202 -0.0279 -0.3904
vn -0.9201 0.0364 -0.3901
vn -0.9176 0.1005 -0.3846
vn -0.9128 0.1638 -0.3741
vn -0.9128 0.1638 -0.3742
vn -0.9057 0.2258 -0.3587
vn -0.9057 0.2259 -0.3587
vn -0.8965 0.2862 -0.3383
vn -0.8850 0.3443 -0.3133
vn -0.8850 0.3444 -0.3133
vn -0.8715 0.3999 -0.2837
vn -0.8561 0.4524 -0.2499
vn -0.8388 0.5014 -0.2120
vn -0.8198 0.5467 -0.1703
vn -0.8400 0.5386 -0.0658
vn -0.8199 0.5722 -0.0216
vn -0.8198 0.5722 -0.0216
vn -0.7986 0.6013 0.0250
vn -0.7763 0.6260 0.0737
vn -0.7764 0.6260 0.0737
vn -0.7533 0.6458 0.1243
vn -0.7296 0.6608 0.1762
vn -0.7296 0.6607 0.1762
vn -0.7055 0.6707 0.2290
vn -0.7055 0.6707 0.2291
vn -0.6811 0.6755 0.2825
vn -0.6811 0.6754 0.2825
vn -0.6567 0.6751 0.3362
vn -0.6323 0.6696 0.3896
vn -0.6082 0.6591 0.4424
vn -0.5846 0.6435 0.4941
vn -0.5617 0.6230 0.5444
vn -0.5396 0.5977 0.5929
vn -0.5184 0.5680 0.6392
vn -0.4985 0.5339 0.6830
vn -0.4984 0.5339 0.6830
vn -0.4798 0.4957 0.7239
vn -0.4627 0.4538 0.7616
vn -0.4626 0.4538 0.7616
vn -0.4470 0.4084 0.7959
vn -0.4331 0.3599 0.8264
vn -0.4210 0.3087 0.8529
vn -0.4210 0.3086 0.8530
vn -0.4108 0.2551 0.8753
vn -0.4025 0.1995 0.8934
vn -0.4025 0.1996 0.8934
vn -0.3963 0.1425 0.9070
vn -0.3922 0.0843 0.9160
vn -0.3922 0.0844 0.9160
vn -0.3902 0.0256 0.9204
vn -0.3904 -0.0334 0.9200
vn -0.3904 -0.0334 0.9201
vn -0.3926 -0.0921 0.9151
vn -0.3970 -0.1501 0.9055
vn -0.4035 -0.2070 0.8913
vn -0.4120 -0.2623 0.8726
vn -0.4225 -0.3156 0.8497
vn -0.4224 -0.3155 0.8497
vn -0.4348 -0.3665 0.8226
vn -0.4490 -0.4146 0.7915
vn -0.4489 -0.4146 0.7916
vn -0.4648 -0.4595 0.7568
vn -0.4822 -0.5010 0.7187
vn -0.5010 -0.5386 0.6774
vn -0.5212 -0.5722 0.6333
vn -0.5424 -0.6014 0.5866
vn -0.5647 -0.6260 0.5379
vn -0.5877 -0.6458 0.4874
vn -0.6114 -0.6608 0.4355
vn -0.6114 -0.6607 0.4355
vn -0.6355 -0.6707 0.3826
vn -0.6355 -0.6706 0.3826
vn -0.6599 -0.6755 0.3291
vn -0.6844 -0.6751 0.2754
vn -0.7087 -0.6696 0.2220
vn -0.7328 -0.6591 0.1693
vn -0.7328 -0.6591 0.1692
vn -0.7564 -0.6435 0.1175
vn -0.7794 -0.6230 0.0672
vn -0.7793 -0.6230 0.0672
vn -0.8015 -0.5978 0.0187
vn -0.8226 -0.5680 -0.0276
vn -0.8425 -0.5339 -0.0714
vn -0.8612 -0.4957 -0.1123
vn -0.8784 -0.4538 -0.1500
vn -0.8940 -0.4084 -0.1842
vn -0.9079 -0.3599 -0.2148
vn -0.9201 -0.3086 -0.2413
vn -0.9200 -0.3087 -0.2413
vn -0.9303 -0.2551 -0.2637
vn -0.9385 -0.1995 -0.2818
vn -0.9447 -0.1425 -0.2954
vn -0.9488 -0.0844 -0.3044
vn -0.9508 -0.0256 -0.3087
vn -0.9508 -0.0256 -0.3088
vn -0.9507 0.0334 -0.3084
vn -0.9484 0.0921 -0.3035
vn -0.9440 0.1501 -0.2938
vn -0.9375 0.2070 -0.2796
vn -0.9375 0.2070 -0.2797
vn -0.9290 0.2623 -0.2610
vn -0.9186 0.3155 -0.2381
vn -0.9186 0.3156 -0.2381
vn -0.9062 0.3665 -0.2110
vn -0.8921 0.4146 -0.1799
vn -0.8762 0.4595 -0.1452
vn -0.8588 0.5010 -0.1071
vn -0.8743 0.4854 -0.0058
vn -0.8743 0.4854 -0.0057
vn -0.8561 0.5156 0.0340
vn -0.8562 0.5156 0.0340
vn -0.8370 0.5419 0.0760
vn -0.8169 0.5641 0.1200
vn -0.7962 0.5820 0.1655
vn -0.7749 0.5954 0.2123
vn -0.7531 0.6044 0.2599
vn -0.7311 0.6087 0.3081
vn -0.7091 0.6084 0.3565
vn -0.6871 0.6034 0.4046
vn -0.6654 0.5939 0.4522
vn -0.6655 0.5939 0.4521
vn -0.6442 0.5799 0.4988
vn -0.6235 0.5614 0.5441
vn -0.6036 0.5387 0.5878
vn -0.5845 0.5118 0.6296
vn -0.5666 0.4811 0.6690
vn -0.5665 0.4811 0.6690
vn -0.5497 0.4467 0.7059
vn -0.5343 0.4089 0.7398
vn -0.5342 0.4089 0.7399
vn -0.5202 0.3680 0.7707
vn -0.5201 0.3680 0.7707
vn -0.5076 0.3243 0.7982
vn -0.4967 0.2781 0.8222
vn -0.4967 0.2782 0.8221
vn -0.4875 0.2299 0.8423
vn -0.4875 0.2298 0.8423
vn -0.4801 0.1799 0.8586
vn -0.4801 0.1798 0.8586
vn -0.4745 0.1284 0.8709
vn -0.4745 0.1284 0.8708
vn -0.4708 0.0760 0.8790
vn -0.4690 0.0231 0.8829
vn -0.4691 -0.0301 0.8826
vn -0.4712 -0.0830 0.8781
vn -0.4751 -0.1353 0.8695
vn -0.4809 -0.1865 0.8567
vn -0.4810 -0.1865 0.8567
vn -0.4886 -0.2364 0.8399
vn -0.4886 -0.2363 0.8399
vn -0.4981 -0.2843 0.8192
vn -0.4980 -0.2844 0.8192
vn -0.5092 -0.3302 0.7948
vn -0.5219 -0.3736 0.7668
vn -0.5362 -0.4141 0.7355
vn -0.5519 -0.4515 0.7011
vn -0.5689 -0.4854 0.6639
vn -0.5688 -0.4854 0.6640
vn -0.5870 -0.5156 0.6242
vn -0.6062 -0.5419 0.5821
vn -0.6061 -0.5419 0.5822
vn -0.6262 -0.5641 0.5382
vn -0.6469 -0.5820 0.4927
vn -0.6683 -0.5954 0.4459
vn -0.6900 -0.6044 0.3983
vn -0.6900 -0.6043 0.3983
vn -0.7120 -0.6087 0.3501
vn -0.7340 -0.6084 0.3017
vn -0.7341 -0.6084 0.3017
vn -0.7560 -0.6034 0.2536
vn -0.7777 -0.5939 0.2060
vn -0.7990 -0.5799 0.1594
vn -0.8196 -0.5614 0.1141
vn -0.8396 -0.5387 0.0704
vn -0.8586 -0.5118 0.0286
vn -0.8766 -0.4811 -0.0108
vn -0.8934 -0.4467 -0.0477
vn -0.9089 -0.4089 -0.0817
vn -0.9230 -0.3680 -0.1125
vn -0.9355 -0.3243 -0.1400
vn -0.9464 -0.2781 -0.1640
vn -0.9556 -0.2299 -0.1841
vn -0.9631 -0.1798 -0.2004
vn -0.9687 -0.1284 -0.2127
vn -0.9724 -0.0760 -0.2208
vn -0.9741 -0.0231 -0.2247
vn -0.9742 -0.0231 -0.2247
vn -0.9740 0.0301 -0.2244
vn -0.9720 0.0830 -0.2200
vn -0.9720 0.0830 -0.2199
vn -0.9680 0.1353 -0.2113
vn -0.9622 0.1865 -0.1985
vn -0.9545 0.2363 -0.1817
vn -0.9451 0.2844 -0.1610
vn -0.9340 0.3302 -0.1366
vn -0.9212 0.3736 -0.1086
vn -0.9069 0.4141 -0.0773
vn -0.8913 0.4515 -0.0430
vn -0.9019 0.4285 0.0543
vn -0.9019 0.4284 0.0543
vn -0.8859 0.4551 0.0894
vn -0.8690 0.4783 0.1265
vn -0.8513 0.4979 0.1653
vn -0.8330 0.5137 0.2055
vn -0.8142 0.5256 0.2468
vn -0.8142 0.5256 0.2467
vn -0.7950 0.5335 0.2888
vn -0.7950 0.5334 0.2888
vn -0.7756 0.5373 0.3314
vn -0.7561 0.5370 0.3740
vn -0.7368 0.5326 0.4165
vn -0.7367 0.5327 0.4165
vn -0.7176 0.5243 0.4585
vn -0.7176 0.5242 0.4585
vn -0.6988 0.5118 0.4997
vn -0.6989 0.5118 0.4996
vn -0.6806 0.4956 0.5397
vn -0.6806 0.4955 0.5397
vn -0.6630 0.4755 0.5783
vn -0.6629 0.4755 0.5783
vn -0.6462 0.4518 0.6151
vn -0.6303 0.4247 0.6499
vn -0.6154 0.3943 0.6825
vn -0.6155 0.3943 0.6824
vn -0.6018 0.3610 0.7124
vn -0.6018 0.3609 0.7125
vn -0.5894 0.3249 0.7397
vn -0.5894 0.3248 0.7397
vn -0.5783 0.2863 0.7640
vn -0.5687 0.2455 0.7851
vn -0.5686 0.2456 0.7851
vn -0.5605 0.2029 0.8029
vn -0.5605 0.2028 0.8029
vn -0.5540 0.1587 0.8173
vn -0.5491 0.1134 0.8281
vn -0.5458 0.0671 0.8353
vn -0.5458 0.0671 0.8352
vn -0.5442 0.0204 0.8387
vn -0.5442 0.0203 0.8387
vn -0.5443 -0.0266 0.8385
vn -0.5443 -0.0265 0.8385
vn -0.5461 -0.0732 0.8345
vn -0.5461 -0.0733 0.8345
vn -0.5496 -0.1194 0.8268
vn -0.5496 -0.1194 0.8269
vn -0.5548 -0.1646 0.8156
vn -0.5547 -0.1646 0.8156
vn -0.5615 -0.2086 0.8008
vn -0.5615 -0.2086 0.8007
vn -0.5698 -0.2510 0.7825
vn -0.5797 -0.2915 0.7609
vn -0.5909 -0.3298 0.7363
vn -0.5909 -0.3297 0.7363
vn -0.6035 -0.3655 0.7086
vn -0.6174 -0.3985 0.6782
vn -0.6173 -0.3985 0.6783
vn -0.6323 -0.4284 0.6454
vn -0.6323 -0.4284 0.6455
vn -0.6484 -0.4551 0.6103
vn -0.6483 -0.4551 0.6103
vn -0.6652 -0.4783 0.5733
vn -0.6653 -0.4783 0.5732
vn -0.6829 -0.4979 0.5345
vn -0.6830 -0.4979 0.5345
vn -0.7013 -0.5137 0.4943
vn -0.7201 -0.5256 0.4530
vn -0.7393 -0.5335 0.4109
vn -0.7587 -0.5373 0.3684
vn -0.7782 -0.5370 0.3257
vn -0.7781 -0.5370 0.3257
vn -0.7975 -0.5327 0.2833
vn -0.7975 -0.5326 0.2832
vn -0.8167 -0.5242 0.2412
vn -0.8355 -0.5118 0.2001
vn -0.8537 -0.4955 0.1601
vn -0.8537 -0.4956 0.1601
vn -0.8713 -0.4755 0.1215
vn -0.8881 -0.4518 0.0847
vn -0.9040 -0.4247 0.0499
vn -0.9188 -0.3943 0.0173
vn -0.9325 -0.3610 -0.0127
vn -0.9325 -0.3609 -0.0127
vn -0.9449 -0.3248 -0.0399
vn -0.9560 -0.2863 -0.0642
vn -0.9656 -0.2455 -0.0853
vn -0.9738 -0.2029 -0.1032
vn -0.9738 -0.2029 -0.1031
vn -0.9803 -0.1587 -0.1175
vn -0.9852 -0.1133 -0.1283
vn -0.9885 -0.0671 -0.1355
vn -0.9901 -0.0204 -0.1390
vn -0.9901 -0.0204 -0.1389
vn -0.9900 0.0265 -0.1387
vn -0.9882 0.0733 -0.1347
vn -0.9882 0.0733 -0.1348
vn -0.9847 0.1194 -0.1271
vn -0.9795 0.1646 -0.1158
vn -0.9728 0.2086 -0.1010
vn -0.9644 0.2510 -0.0827
vn -0.9546 0.2915 -0.0612
vn -0.9434 0.3298 -0.0365
vn -0.9308 0.3655 -0.0089
vn -0.9169 0.3985 0.0215
vn -0.9227 0.3682 0.1140
vn -0.9090 0.3912 0.1442
vn -0.8944 0.4111 0.1760
vn -0.8792 0.4279 0.2093
vn -0.8793 0.4279 0.2093
vn -0.8635 0.4415 0.2439
vn -0.8473 0.4517 0.2793
vn -0.8473 0.4517 0.2794
vn -0.8308 0.4585 0.3155
vn -0.8142 0.4617 0.3521
vn -0.8141 0.4618 0.3521
vn -0.7974 0.4615 0.3888
vn -0.7808 0.4578 0.4252
vn -0.7643 0.4506 0.4614
vn -0.7482 0.4399 0.4967
vn -0.7481 0.4399 0.4968
vn -0.7325 0.4259 0.5311
vn -0.7173 0.4087 0.5643
vn -0.7174 0.4086 0.5643
vn -0.7029 0.3883 0.5959
vn -0.7029 0.3883 0.5960
vn -0.6893 0.3650 0.6258
vn -0.6893 0.3650 0.6259
vn -0.6765 0.3389 0.6538
vn -0.6648 0.3102 0.6796
vn -0.6647 0.3103 0.6796
vn -0.6541 0.2792 0.7030
vn -0.6541 0.2791 0.7030
vn -0.6446 0.2460 0.7239
vn -0.6445 0.2461 0.7239
vn -0.6363 0.2111 0.7420
vn -0.6363 0.2110 0.7420
vn -0.6293 0.1743 0.7574
vn -0.6293 0.1744 0.7574
vn -0.6237 0.1364 0.7697
vn -0.6194 0.0974 0.7790
vn -0.6166 0.0577 0.7852
vn -0.6167 0.0576 0.7851
vn -0.6153 0.0175 0.7881
vn -0.6152 0.0175 0.7881
vn -0.6153 -0.0228 0.7879
vn -0.6154 -0.0228 0.7879
vn -0.6169 -0.0630 0.7845
vn -0.6199 -0.1026 0.7779
vn -0.6199 -0.1026 0.7780
vn -0.6243 -0.1415 0.7683
vn -0.6244 -0.1415 0.7682
vn -0.6301 -0.1793 0.7555
vn -0.6302 -0.1793 0.7555
vn -0.6373 -0.2157 0.7398
vn -0.6457 -0.2505 0.7213
vn -0.6458 -0.2505 0.7213
vn -0.6554 -0.2834 0.7001
vn -0.6663 -0.3142 0.6763
vn -0.6662 -0.3142 0.6763
vn -0.6782 -0.3425 0.6502
vn -0.6781 -0.3425 0.6503
vn -0.6910 -0.3682 0.6220
vn -0.7047 -0.3912 0.5919
vn -0.7048 -0.3911 0.5918
vn -0.7193 -0.4111 0.5600
vn -0.7346 -0.4279 0.5266
vn -0.7345 -0.4280 0.5267
vn -0.7503 -0.4415 0.4921
vn -0.7664 -0.4517 0.4566
vn -0.7664 -0.4517 0.4567
vn -0.7829 -0.4585 0.4205
vn -0.7830 -0.4585 0.4204
vn -0.7996 -0.4618 0.3839
vn -0.7996 -0.4617 0.3839
vn -0.8163 -0.4615 0.3473
vn -0.8163 -0.4615 0.3472
vn -0.8330 -0.4578 0.3107
vn -0.8495 -0.4505 0.2746
vn -0.8494 -0.4506 0.2747
vn -0.8656 -0.4399 0.2393
vn -0.8813 -0.4259 0.2049
vn -0.8964 -0.4086 0.1717
vn -0.8964 -0.4087 0.1717
vn -0.9108 -0.3883 0.1401
vn -0.9245 -0.3650 0.1101
vn -0.9372 -0.3389 0.0822
vn -0.9490 -0.3102 0.0564
vn -0.9597 -0.2792 0.0330
vn -0.9692 -0.2460 0.0121
vn -0.9775 -0.2110 -0.0060
vn -0.9844 -0.1744 -0.0214
vn -0.9844 -0.1744 -0.0213
vn -0.9901 -0.1364 -0.0337
vn -0.9943 -0.0974 -0.0430
vn -0.9971 -0.0577 -0.0491
vn -0.9971 -0.0577 -0.0492
vn -0.9985 -0.0175 -0.0521
vn -0.9984 0.0228 -0.0519
vn -0.9968 0.0630 -0.0485
vn -0.9968 0.0629 -0.0485
vn -0.9938 0.1026 -0.0419
vn -0.9894 0.1415 -0.0322
vn -0.9836 0.1793 -0.0195
vn -0.9764 0.2157 -0.0038
vn -0.9680 0.2505 0.0147
vn -0.9583 0.2834 0.0359
vn -0.9475 0.3141 0.0597
vn -0.9356 0.3425 0.0858
vn -0.9356 0.3425 0.0857
vn -0.9365 0.3052 0.1728
vn -0.9251 0.3242 0.1978
vn -0.9130 0.3407 0.2242
vn -0.9004 0.3547 0.2518
vn -0.9004 0.3547 0.2519
vn -0.8874 0.3659 0.2804
vn -0.8739 0.3744 0.3099
vn -0.8740 0.3744 0.3099
vn -0.8603 0.3800 0.3398
vn -0.8465 0.3827 0.3701
vn -0.8326 0.3825 0.4005
vn -0.8188 0.3794 0.4308
vn -0.8051 0.3734 0.4607
vn -0.8052 0.3734 0.4607
vn -0.7918 0.3646 0.4900
vn -0.7788 0.3530 0.5185
vn -0.7663 0.3387 0.5460
vn -0.7543 0.3218 0.5723
vn -0.7543 0.3219 0.5722
vn -0.7430 0.3025 0.5970
vn -0.7430 0.3025 0.5971
vn -0.7324 0.2809 0.6202
vn -0.7227 0.2571 0.6416
vn -0.7138 0.2314 0.6610
vn -0.7059 0.2040 0.6783
vn -0.7059 0.2039 0.6783
vn -0.6991 0.1748 0.6933
vn -0.6991 0.1749 0.6933
vn -0.6933 0.1446 0.7060
vn -0.6933 0.1445 0.7060
vn -0.6886 0.1130 0.7163
vn -0.6886 0.1131 0.7162
vn -0.6851 0.0808 0.7239
vn -0.6851 0.0808 0.7240
vn -0.6828 0.0478 0.7291
vn -0.6816 0.0145 0.7315
vn -0.6817 0.0145 0.7315
vn -0.6817 -0.0189 0.7313
vn -0.6817 -0.0189 0.7314
vn -0.6830 -0.0522 0.7285
vn -0.6855 -0.0851 0.7231
vn -0.6855 -0.0850 0.7231
vn -0.6892 -0.1173 0.7151
vn -0.6892 -0.1173 0.7150
vn -0.6939 -0.1486 0.7045
vn -0.6940 -0.1486 0.7045
vn -0.6999 -0.1788 0.6915
vn -0.7069 -0.2076 0.6761
vn -0.7069 -0.2077 0.6761
vn -0.7150 -0.2349 0.6585
vn -0.7149 -0.2349 0.6586
vn -0.7239 -0.2604 0.6389
vn -0.7239 -0.2603 0.6389
vn -0.7338 -0.2839 0.6172
vn -0.7445 -0.3052 0.5938
vn -0.7444 -0.3052 0.5939
vn -0.7559 -0.3242 0.5688
vn -0.7558 -0.3242 0.5689
vn -0.7679 -0.3407 0.5424
vn -0.7679 -0.3408 0.5425
vn -0.7805 -0.3547 0.5148
vn -0.7935 -0.3660 0.4862
vn -0.7936 -0.3659 0.4862
vn -0.8069 -0.3744 0.4568
vn -0.8070 -0.3744 0.4568
vn -0.8206 -0.3800 0.4268
vn -0.8345 -0.3827 0.3965
vn -0.8344 -0.3827 0.3966
vn -0.8483 -0.3825 0.3661
vn -0.8621 -0.3794 0.3358
vn -0.8621 -0.3795 0.3359
vn -0.8758 -0.3734 0.3059
vn -0.8891 -0.3646 0.2766
vn -0.9021 -0.3530 0.2481
vn -0.9147 -0.3387 0.2207
vn -0.9146 -0.3387 0.2207
vn -0.9266 -0.3218 0.1944
vn -0.9379 -0.3025 0.1696
vn -0.9485 -0.2809 0.1464
vn -0.9583 -0.2571 0.1250
vn -0.9583 -0.2571 0.1251
vn -0.9671 -0.2314 0.1056
vn -0.9750 -0.2039 0.0884
vn -0.9818 -0.1749 0.0733
vn -0.9819 -0.1749 0.0733
vn -0.9876 -0.1445 0.0606
vn -0.9923 -0.1131 0.0504
vn -0.9958 -0.0807 0.0427
vn -0.9958 -0.0808 0.0427
vn -0.9981 -0.0478 0.0376
vn -0.9993 -0.0145 0.0351
vn -0.9992 0.0189 0.0353
vn -0.9979 0.0522 0.0381
vn -0.9954 0.0850 0.0436
vn -0.9954 0.0851 0.0436
vn -0.9918 0.1173 0.0516
vn -0.9869 0.1486 0.0622
vn -0.9869 0.1486 0.0621
vn -0.9810 0.1788 0.0752
vn -0.9740 0.2076 0.0905
vn -0.9660 0.2349 0.1081
vn -0.9570 0.2604 0.1278
vn -0.9472 0.2838 0.1494
vn -0.9472 0.2839 0.1494
vn -0.9431 0.2398 0.2303
vn -0.9342 0.2547 0.2499
vn -0.9342 0.2548 0.2499
vn -0.9247 0.2677 0.2707
vn -0.9247 0.2678 0.2707
vn -0.9148 0.2787 0.2924
vn -0.9045 0.2875 0.3149
vn -0.8940 0.2942 0.3380
vn -0.8832 0.2986 0.3616
vn -0.8833 0.2986 0.3615
vn -0.8724 0.3007 0.3853
vn -0.8615 0.3006 0.4092
vn -0.8615 0.3006 0.4093
vn -0.8506 0.2982 0.4330
vn -0.8399 0.2935 0.4565
vn -0.8399 0.2935 0.4566
vn -0.8294 0.2865 0.4795
vn -0.8294 0.2865 0.4796
vn -0.8192 0.2774 0.5020
vn -0.8192 0.2774 0.5019
vn -0.8094 0.2661 0.5236
vn -0.8093 0.2661 0.5236
vn -0.7999 0.2529 0.5442
vn -0.7911 0.2377 0.5637
vn -0.7910 0.2377 0.5637
vn -0.7828 0.2207 0.5819
vn -0.7751 0.2020 0.5987
vn -0.7751 0.2021 0.5987
vn -0.7681 0.1818 0.6139
vn -0.7619 0.1602 0.6275
vn -0.7566 0.1374 0.6393
vn -0.7565 0.1375 0.6393
vn -0.7520 0.1135 0.6493
vn -0.7520 0.1136 0.6493
vn -0.7483 0.0889 0.6574
vn -0.7483 0.0889 0.6573
vn -0.7456 0.0635 0.6634
vn -0.7456 0.0634 0.6634
vn -0.7437 0.0375 0.6674
vn -0.7429 0.0114 0.6693
vn -0.7428 0.0115 0.6694
vn -0.7429 -0.0149 0.6692
vn -0.7439 -0.0410 0.6670
vn -0.7459 -0.0668 0.6627
vn -0.7488 -0.0922 0.6564
vn -0.7487 -0.0922 0.6564
vn -0.7525 -0.1167 0.6481
vn -0.7525 -0.1168 0.6481
vn -0.7572 -0.1405 0.6378
vn -0.7572 -0.1405 0.6379
vn -0.7628 -0.1632 0.6258
vn -0.7626 -0.1631 0.6259
vn -0.7690 -0.1846 0.6120
vn -0.7691 -0.1846 0.6119
vn -0.7760 -0.2046 0.5966
vn -0.7761 -0.2046 0.5965
vn -0.7839 -0.2231 0.5795
vn -0.7838 -0.2231 0.5795
vn -0.7922 -0.2398 0.5611
vn -0.7921 -0.2398 0.5613
vn -0.8012 -0.2548 0.5415
vn -0.8012 -0.2547 0.5415
vn -0.8106 -0.2678 0.5208
vn -0.8106 -0.2678 0.5207
vn -0.8205 -0.2787 0.4991
vn -0.8205 -0.2787 0.4990
vn -0.8308 -0.2876 0.4766
vn -0.8308 -0.2875 0.4765
vn -0.8413 -0.2942 0.4534
vn -0.8413 -0.2942 0.4535
vn -0.8521 -0.2986 0.4299
vn -0.8629 -0.3008 0.4061
vn -0.8629 -0.3008 0.4062
vn -0.8739 -0.3006 0.3821
vn -0.8738 -0.3006 0.3822
vn -0.8847 -0.2982 0.3584
vn -0.8954 -0.2934 0.3349
vn -0.9059 -0.2865 0.3119
vn -0.9161 -0.2774 0.2895
vn -0.9259 -0.2662 0.2679
vn -0.9260 -0.2661 0.2679
vn -0.9354 -0.2529 0.2472
vn -0.9443 -0.2377 0.2278
vn -0.9525 -0.2207 0.2096
vn -0.9526 -0.2207 0.2096
vn -0.9602 -0.2020 0.1928
vn -0.9602 -0.2021 0.1928
vn -0.9672 -0.1818 0.1775
vn -0.9734 -0.1603 0.1639
vn -0.9734 -0.1602 0.1639
vn -0.9788 -0.1374 0.1521
vn -0.9788 -0.1375 0.1521
vn -0.9833 -0.1136 0.1421
vn -0.9870 -0.0889 0.1341
vn -0.9870 -0.0888 0.1341
vn -0.9897 -0.0635 0.1280
vn -0.9916 -0.0376 0.1240
vn -0.9916 -0.0375 0.1240
vn -0.9925 -0.0114 0.1221
vn -0.9924 0.0149 0.1222
vn -0.9924 0.0148 0.1222
vn -0.9914 0.0410 0.1244
vn -0.9914 0.0410 0.1245
vn -0.9894 0.0668 0.1287
vn -0.9865 0.0922 0.1350
vn -0.9828 0.1168 0.1433
vn -0.9828 0.1167 0.1433
vn -0.9781 0.1405 0.1536
vn -0.9781 0.1405 0.1535
vn -0.9726 0.1632 0.1656
vn -0.9663 0.1846 0.1794
vn -0.9663 0.1846 0.1795
vn -0.9592 0.2046 0.1949
vn -0.9593 0.2045 0.1948
vn -0.9515 0.2231 0.2119
vn -0.9425 0.1726 0.2860
vn -0.9425 0.1727 0.2860
vn -0.9361 0.1834 0.3002
vn -0.9361 0.1834 0.3001
vn -0.9293 0.1927 0.3151
vn -0.9221 0.2006 0.3307
vn -0.9222 0.2006 0.3307
vn -0.9148 0.2070 0.3469
vn -0.9072 0.2118 0.3636
vn -0.9072 0.2117 0.3635
vn -0.8994 0.2149 0.3805
vn -0.8994 0.2150 0.3805
vn -0.8917 0.2165 0.3976
vn -0.8916 0.2165 0.3978
vn -0.8838 0.2163 0.4148
vn -0.8838 0.2164 0.4149
vn -0.8760 0.2146 0.4319
vn -0.8683 0.2112 0.4489
vn -0.8683 0.2112 0.4488
vn -0.8607 0.2062 0.4655
vn -0.8607 0.2063 0.4655
vn -0.8534 0.1997 0.4816
vn -0.8533 0.1996 0.4816
vn -0.8463 0.1916 0.4971
vn -0.8395 0.1820 0.5120
vn -0.8331 0.1711 0.5260
vn -0.8271 0.1589 0.5391
vn -0.8216 0.1455 0.5512
vn -0.8216 0.1454 0.5512
vn -0.8166 0.1308 0.5622
vn -0.8166 0.1309 0.5621
vn -0.8121 0.1153 0.5720
vn -0.8122 0.1154 0.5719
vn -0.8082 0.0990 0.5805
vn -0.8082 0.0989 0.5805
vn -0.8050 0.0818 0.5876
vn -0.8050 0.0818 0.5877
vn -0.8023 0.0640 0.5934
vn -0.8024 0.0639 0.5934
vn -0.8004 0.0456 0.5978
vn -0.8003 0.0457 0.5978
vn -0.7990 0.0270 0.6007
vn -0.7984 0.0083 0.6021
vn -0.7984 0.0082 0.6021
vn -0.7985 -0.0107 0.6020
vn -0.7984 -0.0107 0.6020
vn -0.7992 -0.0296 0.6004
vn -0.7992 -0.0295 0.6004
vn -0.8006 -0.0481 0.5973
vn -0.8006 -0.0480 0.5973
vn -0.8026 -0.0664 0.5928
vn -0.8027 -0.0664 0.5927
vn -0.8054 -0.0840 0.5868
vn -0.8054 -0.0841 0.5867
vn -0.8087 -0.1012 0.5794
vn -0.8127 -0.1174 0.5708
vn -0.8127 -0.1175 0.5707
vn -0.8172 -0.1329 0.5608
vn -0.8223 -0.1473 0.5496
vn -0.8222 -0.1473 0.5497
vn -0.8279 -0.1606 0.5374
vn -0.8279 -0.1605 0.5374
vn -0.8339 -0.1726 0.5243
vn -0.8340 -0.1726 0.5240
vn -0.8404 -0.1834 0.5101
vn -0.8403 -0.1833 0.5101
vn -0.8472 -0.1927 0.4951
vn -0.8471 -0.1928 0.4952
vn -0.8543 -0.2006 0.4795
vn -0.8543 -0.2007 0.4795
vn -0.8617 -0.2070 0.4633
vn -0.8617 -0.2070 0.4634
vn -0.8693 -0.2118 0.4467
vn -0.8693 -0.2118 0.4466
vn -0.8770 -0.2150 0.4297
vn -0.8848 -0.2165 0.4126
vn -0.8927 -0.2164 0.3953
vn -0.8927 -0.2164 0.3954
vn -0.9005 -0.2146 0.3783
vn -0.9005 -0.2146 0.3782
vn -0.9082 -0.2112 0.3613
vn -0.9082 -0.2113 0.3614
vn -0.9158 -0.2062 0.3447
vn -0.9157 -0.2063 0.3448
vn -0.9231 -0.1997 0.3286
vn -0.9231 -0.1996 0.3286
vn -0.9302 -0.1916 0.3131
vn -0.9370 -0.1820 0.2983
vn -0.9370 -0.1820 0.2982
vn -0.9434 -0.1711 0.2842
vn -0.9434 -0.1711 0.2843
vn -0.9494 -0.1589 0.2711
vn -0.9493 -0.1589 0.2711
vn -0.9549 -0.1454 0.2590
vn -0.9548 -0.1455 0.2590
vn -0.9599 -0.1308 0.2480
vn -0.9599 -0.1309 0.2480
vn -0.9643 -0.1154 0.2383
vn -0.9643 -0.1153 0.2383
vn -0.9682 -0.0990 0.2298
vn -0.9715 -0.0817 0.2226
vn -0.9741 -0.0639 0.2168
vn -0.9761 -0.0457 0.2124
vn -0.9774 -0.0270 0.2095
vn -0.9781 -0.0082 0.2081
vn -0.9781 -0.0083 0.2081
vn -0.9780 0.0107 0.2082
vn -0.9780 0.0107 0.2083
vn -0.9773 0.0296 0.2099
vn -0.9773 0.0295 0.2099
vn -0.9759 0.0481 0.2129
vn -0.9738 0.0664 0.2175
vn -0.9738 0.0663 0.2174
vn -0.9711 0.0840 0.2234
vn -0.9711 0.0841 0.2234
vn -0.9677 0.1011 0.2308
vn -0.9677 0.1012 0.2308
vn -0.9638 0.1175 0.2395
vn -0.9592 0.1329 0.2494
vn -0.9542 0.1472 0.2605
vn -0.9542 0.1473 0.2606
vn -0.9486 0.1606 0.2728
vn -0.9486 0.1605 0.2727
vn -0.9348 0.1041 0.3396
vn -0.9309 0.1106 0.3481
vn -0.9309 0.1106 0.3482
vn -0.9268 0.1162 0.3571
vn -0.9268 0.1162 0.3570
vn -0.9225 0.1210 0.3666
vn -0.9225 0.1209 0.3664
vn -0.9180 0.1248 0.3764
vn -0.9134 0.1277 0.3864
vn -0.9135 0.1277 0.3862
vn -0.9088 0.1296 0.3965
vn -0.9089 0.1296 0.3964
vn -0.9041 0.1306 0.4069
vn -0.9040 0.1306 0.4070
vn -0.8994 0.1305 0.4172
vn -0.8993 0.1305 0.4175
vn -0.8947 0.1294 0.4276
vn -0.8947 0.1294 0.4275
vn -0.8900 0.1274 0.4379
vn -0.8900 0.1274 0.4378
vn -0.8855 0.1244 0.4477
vn -0.8854 0.1245 0.4478
vn -0.8810 0.1204 0.4576
vn -0.8811 0.1203 0.4575
vn -0.8767 0.1156 0.4669
vn -0.8768 0.1155 0.4668
vn -0.8727 0.1097 0.4759
vn -0.8726 0.1098 0.4759
vn -0.8688 0.1032 0.4844
vn -0.8688 0.1032 0.4843
vn -0.8652 0.0958 0.4921
vn -0.8652 0.0958 0.4923
vn -0.8618 0.0877 0.4996
vn -0.8619 0.0877 0.4995
vn -0.8588 0.0790 0.5062
vn -0.8589 0.0790 0.5061
vn -0.8562 0.0696 0.5119
vn -0.8561 0.0697 0.5120
vn -0.8538 0.0596 0.5172
vn -0.8538 0.0595 0.5172
vn -0.8518 0.0493 0.5215
vn -0.8519 0.0493 0.5214
vn -0.8502 0.0385 0.5250
vn -0.8502 0.0387 0.5250
vn -0.8490 0.0276 0.5276
vn -0.8490 0.0274 0.5276
vn -0.8482 0.0163 0.5294
vn -0.8482 0.0164 0.5293
vn -0.8479 0.0050 0.5302
vn -0.8479 0.0049 0.5302
vn -0.8479 -0.0064 0.5301
vn -0.8479 -0.0064 0.5302
vn -0.8483 -0.0178 0.5292
vn -0.8483 -0.0177 0.5292
vn -0.8492 -0.0290 0.5273
vn -0.8492 -0.0291 0.5273
vn -0.8504 -0.0400 0.5245
vn -0.8504 -0.0399 0.5246
vn -0.8521 -0.0507 0.5209
vn -0.8521 -0.0509 0.5210
vn -0.8541 -0.0610 0.5165
vn -0.8541 -0.0609 0.5166
vn -0.8565 -0.0708 0.5112
vn -0.8564 -0.0709 0.5114
vn -0.8593 -0.0801 0.5052
vn -0.8591 -0.0801 0.5055
vn -0.8623 -0.0888 0.4985
vn -0.8622 -0.0888 0.4987
vn -0.8657 -0.0968 0.4912
vn -0.8656 -0.0968 0.4913
vn -0.8693 -0.1042 0.4832
vn -0.8694 -0.1041 0.4831
vn -0.8731 -0.1106 0.4748
vn -0.8733 -0.1106 0.4745
vn -0.8773 -0.1162 0.4657
vn -0.8772 -0.1161 0.4659
vn -0.8816 -0.1210 0.4562
vn -0.8817 -0.1211 0.4561
vn -0.8860 -0.1248 0.4466
vn -0.8860 -0.1248 0.4465
vn -0.8906 -0.1277 0.4364
vn -0.8953 -0.1296 0.4262
vn -0.8952 -0.1296 0.4263
vn -0.9000 -0.1305 0.4159
vn -0.8999 -0.1306 0.4161
vn -0.9048 -0.1305 0.4054
vn -0.9047 -0.1305 0.4056
vn -0.9094 -0.1294 0.3952
vn -0.9095 -0.1294 0.3951
vn -0.9141 -0.1274 0.3850
vn -0.9186 -0.1244 0.3750
vn -0.9186 -0.1244 0.3751
vn -0.9231 -0.1204 0.3652
vn -0.9230 -0.1205 0.3654
vn -0.9273 -0.1156 0.3560
vn -0.9274 -0.1155 0.3558
vn -0.9314 -0.1098 0.3470
vn -0.9315 -0.1097 0.3468
vn -0.9353 -0.1032 0.3385
vn -0.9353 -0.1033 0.3386
vn -0.9389 -0.0958 0.3306
vn -0.9389 -0.0958 0.3305
vn -0.9422 -0.0877 0.3233
vn -0.9452 -0.0789 0.3167
vn -0.9453 -0.0789 0.3167
vn -0.9479 -0.0696 0.3108
vn -0.9479 -0.0695 0.3108
vn -0.9503 -0.0597 0.3057
vn -0.9523 -0.0493 0.3013
vn -0.9522 -0.0493 0.3013
vn -0.9538 -0.0385 0.2978
vn -0.9538 -0.0386 0.2978
vn -0.9550 -0.0276 0.2952
vn -0.9550 -0.0275 0.2952
vn -0.9558 -0.0163 0.2935
vn -0.9558 -0.0162 0.2935
vn -0.9562 -0.0050 0.2926
vn -0.9562 -0.0049 0.2926
vn -0.9562 0.0065 0.2927
vn -0.9562 0.0064 0.2927
vn -0.9558 0.0178 0.2936
vn -0.9558 0.0177 0.2936
vn -0.9549 0.0290 0.2955
vn -0.9549 0.0291 0.2956
vn -0.9537 0.0400 0.2982
vn -0.9536 0.0400 0.2983
vn -0.9520 0.0507 0.3018
vn -0.9520 0.0506 0.3018
vn -0.9500 0.0610 0.3063
vn -0.9500 0.0611 0.3063
vn -0.9476 0.0709 0.3116
vn -0.9476 0.0708 0.3114
vn -0.9449 0.0801 0.3175
vn -0.9418 0.0888 0.3242
vn -0.9418 0.0889 0.3243
vn -0.9384 0.0968 0.3316
vn -0.4308 0.0413 -0.9015
vn -0.4340 0.0396 -0.9000
vn -0.4371 0.0375 -0.8986
vn -0.4400 0.0352 -0.8973
vn -0.4426 0.0325 -0.8961
vn -0.4455 0.0295 -0.8948
vn -0.4476 0.0264 -0.8938
vn -0.4497 0.0230 -0.8929
vn -0.4513 0.0195 -0.8922
vn -0.4528 0.0158 -0.8915
vn -0.4539 0.0120 -0.8910
vn -0.4548 0.0081 -0.8906
vn -0.4553 0.0040 -0.8903
vn -0.4555 -0.0001 -0.8903
vn -0.4553 -0.0039 -0.8903
vn -0.4548 -0.0081 -0.8906
vn -0.4540 -0.0120 -0.8909
vn -0.4529 -0.0158 -0.8914
vn -0.4515 -0.0194 -0.8921
vn -0.4495 -0.0231 -0.8930
vn -0.4477 -0.0264 -0.8938
vn -0.4452 -0.0297 -0.8949
vn -0.4429 -0.0324 -0.8960
vn -0.4399 -0.0352 -0.8974
vn -0.4371 -0.0375 -0.8986
vn -0.4339 -0.0396 -0.9001
vn -0.4308 -0.0413 -0.9015
vn -0.4272 -0.0428 -0.9031
vn -0.4238 -0.0439 -0.9047
vn -0.4199 -0.0446 -0.9065
vn -0.2240 -0.0621 -0.9726
vn -0.3962 -0.4032 -0.8249
vn -0.3840 -0.6858 -0.6182
vn -0.2047 -0.9142 -0.3498
vn -0.0595 -0.9980 -0.0225
vn -0.0043 -0.7089 0.7053
vn -0.2064 -0.6867 0.6970
vn -0.5519 -0.7261 0.4101
vn -0.4567 0.7338 0.5030
vn -0.2985 0.7295 0.6154
vn -0.2020 0.7254 0.6581
vn 0.1689 0.7080 0.6857
vn 0.2854 0.7086 0.6453
vn 0.2762 0.7129 0.6446
vn 0.2425 0.7396 0.6278
vn 0.2559 0.7272 0.6370
vn 0.2666 0.7188 0.6421
vn 0.2377 0.7134 0.6593
vn 0.2328 0.7127 0.6618
vn 0.2959 0.7053 0.6442
vn 0.3083 0.7026 0.6413
vn 0.3277 0.6998 0.6347
vn 0.3603 0.6965 0.6205
vn 0.4342 0.6882 0.5813
vn 0.7212 0.5972 0.3511
vn 0.1500 0.7231 0.6742
vn 0.1445 0.7377 0.6595
vn 0.1162 0.7389 0.6637
vn -0.0043 0.7089 0.7053
vn -0.0400 0.7446 0.6663
vn -0.0431 0.7446 0.6661
vn -0.1033 0.7163 0.6901
vn -0.3761 0.7382 0.5599
vn -0.3763 0.7389 0.5590
vn -0.3446 0.7236 0.5980
vn -0.5219 0.7328 0.4365
vn -0.5240 0.7263 0.4448
vn -0.4974 0.7188 0.4857
vn -0.6031 0.7297 0.3222
vn -0.5971 0.7300 0.3325
vn -0.5740 0.7343 0.3624
vn -0.5754 0.7303 0.3683
vn -0.5519 0.7261 0.4101
vn -0.6410 0.7198 0.2663
vn -0.6359 0.7227 0.2709
vn -0.6533 0.7034 0.2800
vn -0.6303 0.7261 0.2747
vn -0.6194 0.7326 0.2821
vn -0.6170 0.7341 0.2834
vn -0.6133 0.7319 0.2970
vn -0.6086 0.7302 0.3106
vn -0.6778 0.6786 0.2830
vn -0.6698 0.6862 0.2838
vn -0.6620 0.6941 0.2829
vn -0.7898 0.5128 0.3366
vn -0.7637 0.5580 0.3247
vn -0.7506 0.5874 0.3026
vn -0.7401 0.5947 0.3139
vn -0.6939 0.6578 0.2929
vn -0.7172 0.6443 0.2654
vn -0.6869 0.6706 0.2803
vn -0.8352 0.4336 0.3384
vn -0.8146 0.4641 0.3478
vn -0.8858 0.2660 0.3804
vn -0.8699 0.3226 0.3731
vn -0.8684 0.3511 0.3501
vn -0.8559 0.3648 0.3667
vn -0.8327 0.4240 0.3562
vn -0.9077 0.1785 0.3798
vn -0.8968 0.2173 0.3854
vn -0.8858 0.2660 0.3803
vn -0.9238 0.0896 0.3723
vn -0.9131 0.1096 0.3928
vn -0.9048 0.1734 0.3890
vn -0.9078 -0.1532 0.3904
vn -0.9149 -0.0896 0.3936
vn -0.9177 -0.0444 0.3948
vn -0.9189 -0.0000 0.3944
vn -0.9186 0.0005 0.3953
vn -0.9166 0.0649 0.3944
vn -0.9157 -0.1970 0.3503
vn -0.9039 -0.1785 0.3886
vn -0.8872 -0.2601 0.3810
vn -0.8901 -0.2659 0.3702
vn -0.8757 -0.3031 0.3758
vn -0.8605 -0.3513 0.3689
vn -0.8606 -0.3513 0.3688
vn -0.7448 -0.5876 0.3161
vn -0.7739 -0.5409 0.3293
vn -0.7969 -0.5125 0.3199
vn -0.7953 -0.5026 0.3390
vn -0.8285 -0.4338 0.3542
vn -0.8339 -0.4455 0.3258
vn -0.8405 -0.4053 0.3597
vn -0.6620 -0.6940 0.2829
vn -0.6698 -0.6862 0.2838
vn -0.6778 -0.6786 0.2830
vn -0.6869 -0.6705 0.2803
vn -0.7025 -0.6573 0.2728
vn -0.7038 -0.6452 0.2973
vn -0.6076 -0.7399 0.2887
vn -0.6085 -0.7303 0.3106
vn -0.6194 -0.7327 0.2820
vn -0.6303 -0.7261 0.2748
vn -0.6362 -0.7227 0.2701
vn -0.6425 -0.7154 0.2744
vn -0.6532 -0.7035 0.2800
vn -0.5714 -0.7347 0.3658
vn -0.5969 -0.7301 0.3326
vn -0.6032 -0.7296 0.3222
vn -0.4975 -0.7188 0.4857
vn -0.5240 -0.7263 0.4448
vn -0.3447 -0.7236 0.5980
vn -0.3763 -0.7389 0.5590
vn -0.1003 -0.7355 0.6701
vn -0.1070 -0.7143 0.6916
vn -0.0512 -0.7422 0.6682
vn 0.0354 -0.7249 0.6879
vn 0.0477 -0.7330 0.6786
vn 0.0712 -0.7253 0.6848
vn 0.1163 -0.7382 0.6645
vn 0.1173 -0.7389 0.6636
vn 0.1466 -0.7376 0.6591
vn 0.2325 -0.7128 0.6617
vn 0.2024 -0.7093 0.6752
vn 0.2020 -0.7101 0.6745
vn 0.1688 -0.7081 0.6856
vn 0.4347 -0.6880 0.5811
vn 0.7207 -0.5974 0.3517
vn 0.3598 -0.6966 0.6207
vn 0.3272 -0.7000 0.6348
vn 0.3086 -0.7025 0.6413
vn 0.2957 -0.7053 0.6443
vn 0.2855 -0.7086 0.6453
vn 0.2761 -0.7129 0.6446
vn 0.2666 -0.7188 0.6421
vn 0.2559 -0.7271 0.6370
vn 0.2539 -0.7291 0.6356
vn 0.2461 -0.7190 0.6500
vn 0.2377 -0.7133 0.6593
vn 0.1341 -0.7355 0.6641
vn 0.1819 -0.7448 0.6420
vn 0.2299 -0.7498 0.6204
vn 0.2495 -0.7381 0.6269
vn 0.2557 0.7254 0.6391
vn 0.2495 0.7381 0.6269
vn 0.2299 0.7498 0.6204
vn -0.0431 -0.7464 0.6641
vn -0.0460 -0.7445 0.6660
vn -0.0400 -0.7446 0.6663
vn 0.0175 -0.7682 0.6399
vn 0.0811 -0.7875 0.6109
vn 0.1460 -0.8005 0.5813
vn 0.2117 -0.8070 0.5514
vn 0.2342 -0.7676 0.5966
vn 0.1788 -0.8562 0.4847
vn -0.3427 -0.5618 0.7530
vn -0.2435 -0.7341 0.6339
vn -0.2019 -0.7254 0.6581
vn -0.1561 -0.7550 0.6369
vn -0.0930 -0.7884 0.6081
vn -0.0275 -0.8154 0.5782
vn 0.0400 -0.8359 0.5474
vn 0.1088 -0.8496 0.5160
vn 0.1089 -0.8496 0.5160
vn 0.1792 -0.8566 0.4839
vn 0.2112 -0.8066 0.5521
vn 0.1370 -0.9068 0.3986
vn -0.2985 -0.7295 0.6154
vn -0.2703 -0.7512 0.6022
vn -0.2704 -0.7512 0.6022
vn -0.2073 -0.7926 0.5734
vn -0.1411 -0.8277 0.5432
vn -0.0723 -0.8560 0.5118
vn -0.0014 -0.8775 0.4795
vn 0.0709 -0.8920 0.4465
vn 0.1332 -0.8985 0.4183
vn 0.1546 -0.8871 0.4349
vn 0.2342 0.7676 0.5966
vn 0.2119 0.8066 0.5518
vn 0.2110 0.8069 0.5517
vn 0.1795 0.8562 0.4844
vn 0.1786 0.8565 0.4842
vn 0.1546 0.8871 0.4349
vn 0.1332 0.8985 0.4183
vn 0.0936 -0.9468 0.3078
vn -0.4973 -0.6419 0.5836
vn -0.4002 -0.7388 0.5423
vn -0.3762 -0.7382 0.5599
vn -0.3223 -0.7808 0.5352
vn -0.3224 -0.7808 0.5352
vn -0.2568 -0.8238 0.5053
vn -0.1880 -0.8603 0.4739
vn -0.1165 -0.8898 0.4413
vn -0.0429 -0.9121 0.4077
vn -0.0428 -0.9121 0.4077
vn 0.0323 -0.9271 0.3735
vn 0.1018 -0.9342 0.3419
vn 0.1118 -0.9316 0.3459
vn 0.1370 0.9068 0.3986
vn 0.1118 0.9316 0.3459
vn 0.1018 0.9342 0.3419
vn 0.0936 0.9468 0.3078
vn 0.0718 0.9625 0.2617
vn -0.4567 -0.7338 0.5030
vn -0.4354 -0.7532 0.4930
vn -0.4354 -0.7533 0.4930
vn -0.3717 -0.8041 0.4640
vn -0.3042 -0.8484 0.4332
vn -0.2334 -0.8859 0.4009
vn -0.1597 -0.9163 0.3673
vn -0.0839 -0.9393 0.3327
vn -0.0065 -0.9547 0.2974
vn 0.0718 -0.9625 0.2617
vn 0.0305 -0.9844 0.1735
vn -0.5219 -0.7328 0.4365
vn -0.4831 -0.7690 0.4186
vn -0.4181 -0.8209 0.3890
vn -0.3492 -0.8661 0.3576
vn -0.2769 -0.9044 0.3246
vn -0.2768 -0.9044 0.3246
vn -0.2017 -0.9354 0.2903
vn -0.2017 -0.9355 0.2903
vn -0.1243 -0.9589 0.2550
vn -0.0453 -0.9747 0.2189
vn 0.0275 -0.9822 0.1858
vn 0.0492 -0.9757 0.2134
vn 0.0492 0.9757 0.2134
vn 0.0275 0.9822 0.1858
vn -0.0146 -0.9970 0.0759
vn -0.5776 -0.7306 0.3641
vn -0.5269 -0.7786 0.3409
vn -0.5269 -0.7785 0.3409
vn -0.4612 -0.8311 0.3109
vn -0.4611 -0.8311 0.3109
vn -0.3914 -0.8769 0.2791
vn -0.3181 -0.9157 0.2457
vn -0.2420 -0.9471 0.2109
vn -0.2420 -0.9471 0.2110
vn -0.1636 -0.9708 0.1752
vn -0.0836 -0.9868 0.1387
vn -0.0121 -0.9943 0.1062
vn 0.0041 -0.9932 0.1165
vn 0.0305 0.9844 0.1735
vn 0.0041 0.9932 0.1165
vn -0.0121 0.9943 0.1062
vn -0.0146 0.9970 0.0759
vn -0.0400 0.9990 0.0203
vn -0.6179 -0.7332 0.2839
vn -0.5665 -0.7818 0.2604
vn -0.5004 -0.8346 0.2303
vn -0.5005 -0.8346 0.2303
vn -0.4304 -0.8806 0.1983
vn -0.3568 -0.9195 0.1648
vn -0.2804 -0.9511 0.1299
vn -0.2017 -0.9749 0.0940
vn -0.1214 -0.9909 0.0574
vn -0.0400 -0.9990 0.0203
vn -0.4973 0.6419 0.5837
vn -0.4002 0.7388 0.5423
vn -0.4354 0.7533 0.4930
vn -0.4831 0.7690 0.4186
vn -0.5269 0.7785 0.3409
vn -0.5269 0.7786 0.3409
vn -0.5665 0.7818 0.2604
vn -0.3427 0.5618 0.7529
vn -0.2435 0.7341 0.6339
vn -0.2704 0.7512 0.6022
vn -0.3224 0.7808 0.5352
vn -0.3223 0.7808 0.5352
vn -0.3718 0.8041 0.4640
vn -0.3717 0.8041 0.4640
vn -0.4181 0.8209 0.3890
vn -0.4612 0.8311 0.3109
vn -0.5005 0.8346 0.2303
vn -0.2064 0.6868 0.6970
vn -0.1214 0.7267 0.6761
vn -0.1561 0.7550 0.6369
vn -0.2073 0.7926 0.5734
vn -0.2568 0.8238 0.5053
vn -0.3042 0.8484 0.4332
vn -0.3492 0.8661 0.3576
vn -0.3914 0.8769 0.2791
vn -0.4304 0.8806 0.1983
vn -0.0512 0.7422 0.6682
vn -0.0463 0.7448 0.6657
vn -0.0930 0.7884 0.6081
vn -0.1411 0.8277 0.5432
vn -0.1880 0.8603 0.4739
vn -0.2334 0.8859 0.4009
vn -0.2768 0.9044 0.3246
vn -0.3181 0.9157 0.2457
vn -0.3568 0.9195 0.1648
vn -0.1038 -0.9872 -0.1207
vn -0.0780 -0.9949 -0.0633
vn -0.0790 -0.9950 -0.0605
vn -0.1581 -0.9871 -0.0244
vn -0.2381 -0.9712 0.0121
vn -0.3165 -0.9474 0.0479
vn -0.3926 -0.9160 0.0826
vn -0.4659 -0.8772 0.1160
vn -0.5357 -0.8313 0.1478
vn -0.6015 -0.7788 0.1778
vn -0.6628 -0.7200 0.2058
vn -0.7190 -0.6554 0.2314
vn -0.7697 -0.5855 0.2545
vn -0.8145 -0.5109 0.2750
vn -0.8530 -0.4322 0.2925
vn -0.8850 -0.3500 0.3071
vn -0.9101 -0.2650 0.3186
vn -0.9282 -0.1779 0.3268
vn -0.9391 -0.0893 0.3318
vn -0.9428 -0.0000 0.3335
vn -0.9391 0.0893 0.3318
vn -0.9282 0.1779 0.3268
vn -0.9101 0.2650 0.3186
vn -0.8850 0.3500 0.3071
vn -0.8530 0.4322 0.2925
vn -0.8145 0.5109 0.2750
vn -0.7697 0.5855 0.2545
vn -0.7190 0.6554 0.2314
vn -0.6628 0.7200 0.2058
vn -0.6015 0.7788 0.1778
vn -0.5357 0.8313 0.1478
vn -0.5357 0.8314 0.1478
vn -0.4659 0.8772 0.1160
vn -0.3926 0.9160 0.0826
vn -0.0595 0.9980 -0.0226
vn -0.0790 0.9950 -0.0605
vn -0.1468 -0.9649 -0.2175
vn -0.1218 -0.9794 -0.1611
vn -0.1239 -0.9827 -0.1379
vn -0.1936 -0.9753 -0.1060
vn -0.2726 -0.9596 -0.0699
vn -0.3501 -0.9361 -0.0346
vn -0.4253 -0.9050 -0.0003
vn -0.4977 -0.8667 0.0327
vn -0.5667 -0.8214 0.0642
vn -0.6317 -0.7695 0.0938
vn -0.6922 -0.7114 0.1214
vn -0.7477 -0.6476 0.1467
vn -0.7477 -0.6476 0.1468
vn -0.7978 -0.5785 0.1696
vn -0.8421 -0.5048 0.1898
vn -0.8802 -0.4271 0.2072
vn -0.9118 -0.3458 0.2216
vn -0.9366 -0.2619 0.2329
vn -0.9366 -0.2618 0.2329
vn -0.9545 -0.1757 0.2410
vn -0.9653 -0.0882 0.2460
vn -0.9689 -0.0000 0.2476
vn -0.9653 0.0882 0.2460
vn -0.9545 0.1757 0.2410
vn -0.9366 0.2619 0.2329
vn -0.9366 0.2618 0.2329
vn -0.9118 0.3458 0.2216
vn -0.8802 0.4270 0.2072
vn -0.8802 0.4271 0.2072
vn -0.8421 0.5048 0.1898
vn -0.7978 0.5785 0.1696
vn -0.7477 0.6476 0.1468
vn -0.6922 0.7114 0.1214
vn -0.6317 0.7695 0.0938
vn -0.5667 0.8214 0.0642
vn -0.4977 0.8667 0.0327
vn -0.4253 0.9050 -0.0003
vn -0.0780 0.9949 -0.0633
vn -0.1038 0.9872 -0.1207
vn -0.1239 0.9827 -0.1379
vn -0.1834 -0.9359 -0.3007
vn -0.1642 -0.9524 -0.2570
vn -0.1538 -0.9632 -0.2204
vn -0.2275 -0.9557 -0.1868
vn -0.2275 -0.9557 -0.1867
vn -0.3049 -0.9403 -0.1514
vn -0.3808 -0.9172 -0.1168
vn -0.4546 -0.8868 -0.0832
vn -0.4545 -0.8868 -0.0832
vn -0.5255 -0.8493 -0.0508
vn -0.5931 -0.8049 -0.0200
vn -0.6568 -0.7540 0.0091
vn -0.7161 -0.6971 0.0361
vn -0.7705 -0.6345 0.0609
vn -0.8196 -0.5669 0.0833
vn -0.8630 -0.4947 0.1031
vn -0.9003 -0.4185 0.1201
vn -0.9312 -0.3389 0.1342
vn -0.9555 -0.2566 0.1453
vn -0.9731 -0.1722 0.1533
vn -0.9836 -0.0864 0.1581
vn -0.9836 -0.0865 0.1581
vn -0.9872 -0.0000 0.1597
vn -0.9836 0.0865 0.1581
vn -0.9836 0.0864 0.1581
vn -0.9731 0.1722 0.1533
vn -0.9555 0.2566 0.1453
vn -0.9312 0.3389 0.1342
vn -0.9003 0.4185 0.1201
vn -0.8629 0.4947 0.1031
vn -0.8630 0.4947 0.1031
vn -0.8196 0.5669 0.0833
vn -0.7705 0.6345 0.0609
vn -0.7161 0.6971 0.0361
vn -0.6568 0.7540 0.0091
vn -0.5931 0.8049 -0.0200
vn -0.5255 0.8493 -0.0508
vn -0.4545 0.8868 -0.0832
vn -0.4546 0.8868 -0.0832
vn -0.1218 0.9794 -0.1611
vn -0.1468 0.9649 -0.2175
vn -0.1538 0.9632 -0.2204
vn -0.1642 0.9524 -0.2570
vn -0.1834 0.9359 -0.3007
vn -0.2595 -0.9284 -0.2660
vn -0.3348 -0.9134 -0.2317
vn -0.4085 -0.8910 -0.1981
vn -0.4801 -0.8615 -0.1654
vn -0.5490 -0.8250 -0.1340
vn -0.6147 -0.7819 -0.1040
vn -0.6766 -0.7325 -0.0758
vn -0.7342 -0.6771 -0.0495
vn -0.7870 -0.6164 -0.0254
vn -0.8347 -0.5507 -0.0037
vn -0.8768 -0.4805 0.0155
vn -0.8769 -0.4805 0.0155
vn -0.9131 -0.4065 0.0321
vn -0.9432 -0.3292 0.0458
vn -0.9668 -0.2492 0.0566
vn -0.9838 -0.1673 0.0643
vn -0.9941 -0.0840 0.0690
vn -0.9975 -0.0000 0.0706
vn -0.9941 0.0840 0.0690
vn -0.9838 0.1673 0.0643
vn -0.9668 0.2492 0.0566
vn -0.9432 0.3292 0.0458
vn -0.9131 0.4065 0.0321
vn -0.8768 0.4805 0.0155
vn -0.8347 0.5507 -0.0037
vn -0.7870 0.6164 -0.0254
vn -0.7342 0.6772 -0.0495
vn -0.6766 0.7325 -0.0758
vn -0.6147 0.7819 -0.1040
vn -0.5490 0.8250 -0.1340
vn -0.4801 0.8615 -0.1654
vn -0.2428 -0.8653 -0.4386
vn -0.2208 -0.8952 -0.3872
vn -0.2255 -0.9002 -0.3725
vn -0.2895 -0.8936 -0.3431
vn -0.3620 -0.8791 -0.3101
vn -0.4329 -0.8576 -0.2777
vn -0.5018 -0.8292 -0.2463
vn -0.5019 -0.8291 -0.2463
vn -0.5682 -0.7940 -0.2160
vn -0.6314 -0.7526 -0.1872
vn -0.6314 -0.7525 -0.1872
vn -0.6909 -0.7050 -0.1601
vn -0.7464 -0.6518 -0.1348
vn -0.7972 -0.5933 -0.1116
vn -0.8431 -0.5300 -0.0906
vn -0.8837 -0.4625 -0.0721
vn -0.9186 -0.3912 -0.0562
vn -0.9475 -0.3168 -0.0430
vn -0.9703 -0.2399 -0.0327
vn -0.9702 -0.2399 -0.0326
vn -0.9866 -0.1610 -0.0252
vn -0.9965 -0.0808 -0.0207
vn -0.9998 -0.0000 -0.0192
vn -0.9965 0.0808 -0.0207
vn -0.9866 0.1610 -0.0252
vn -0.9703 0.2399 -0.0327
vn -0.9475 0.3168 -0.0430
vn -0.9186 0.3912 -0.0562
vn -0.8837 0.4625 -0.0721
vn -0.8431 0.5300 -0.0906
vn -0.7972 0.5933 -0.1116
vn -0.7464 0.6517 -0.1348
vn -0.7464 0.6518 -0.1348
vn -0.6909 0.7050 -0.1601
vn -0.6314 0.7525 -0.1872
vn -0.5682 0.7940 -0.2160
vn -0.5682 0.7941 -0.2160
vn -0.5019 0.8292 -0.2463
vn -0.5018 0.8292 -0.2463
vn -0.2047 0.9142 -0.3498
vn -0.2255 0.9002 -0.3725
vn -0.2577 -0.8420 -0.4740
vn -0.2575 -0.8578 -0.4449
vn -0.3172 -0.8515 -0.4175
vn -0.3862 -0.8378 -0.3860
vn -0.4538 -0.8172 -0.3552
vn -0.5195 -0.7902 -0.3252
vn -0.5827 -0.7567 -0.2964
vn -0.6429 -0.7172 -0.2689
vn -0.6997 -0.6718 -0.2430
vn -0.7525 -0.6211 -0.2189
vn -0.8010 -0.5654 -0.1968
vn -0.8447 -0.5051 -0.1769
vn -0.8448 -0.5051 -0.1769
vn -0.8834 -0.4407 -0.1592
vn -0.9166 -0.3728 -0.1441
vn -0.9442 -0.3019 -0.1315
vn -0.9659 -0.2286 -0.1216
vn -0.9815 -0.1534 -0.1145
vn -0.9909 -0.0770 -0.1102
vn -0.9941 -0.0000 -0.1088
vn -0.9909 0.0770 -0.1102
vn -0.9815 0.1534 -0.1145
vn -0.9659 0.2286 -0.1216
vn -0.9442 0.3019 -0.1315
vn -0.9166 0.3728 -0.1441
vn -0.8834 0.4407 -0.1592
vn -0.8834 0.4407 -0.1593
vn -0.8447 0.5051 -0.1769
vn -0.8010 0.5654 -0.1968
vn -0.7525 0.6211 -0.2189
vn -0.6997 0.6718 -0.2430
vn -0.6429 0.7172 -0.2689
vn -0.5827 0.7567 -0.2964
vn -0.5195 0.7902 -0.3252
vn -0.5195 0.7901 -0.3252
vn -0.2208 0.8952 -0.3872
vn -0.2428 0.8653 -0.4386
vn -0.2575 0.8577 -0.4449
vn -0.2722 -0.8064 -0.5251
vn -0.2764 -0.8091 -0.5185
vn -0.3423 -0.8026 -0.4885
vn -0.4074 -0.7896 -0.4588
vn -0.4711 -0.7703 -0.4298
vn -0.5330 -0.7448 -0.4015
vn -0.5926 -0.7132 -0.3743
vn -0.6493 -0.6760 -0.3485
vn -0.7028 -0.6333 -0.3241
vn -0.7526 -0.5854 -0.3013
vn -0.7983 -0.5329 -0.2805
vn -0.8396 -0.4761 -0.2617
vn -0.8760 -0.4154 -0.2451
vn -0.9073 -0.3514 -0.2308
vn -0.9333 -0.2846 -0.2189
vn -0.9537 -0.2155 -0.2096
vn -0.9685 -0.1446 -0.2029
vn -0.9773 -0.0726 -0.1989
vn -0.9803 -0.0000 -0.1975
vn -0.9773 0.0726 -0.1989
vn -0.9685 0.1446 -0.2029
vn -0.9537 0.2155 -0.2096
vn -0.9333 0.2846 -0.2189
vn -0.9333 0.2846 -0.2190
vn -0.9073 0.3514 -0.2308
vn -0.8760 0.4154 -0.2451
vn -0.8396 0.4761 -0.2617
vn -0.7983 0.5329 -0.2805
vn -0.7526 0.5854 -0.3013
vn -0.7028 0.6332 -0.3241
vn -0.6493 0.6760 -0.3485
vn -0.5926 0.7132 -0.3743
vn -0.5330 0.7448 -0.4015
vn -0.3222 -0.7066 -0.6300
vn -0.3048 -0.7500 -0.5871
vn -0.3086 -0.7529 -0.5813
vn -0.3647 -0.7472 -0.5556
vn -0.3646 -0.7472 -0.5556
vn -0.4252 -0.7352 -0.5280
vn -0.4846 -0.7172 -0.5009
vn -0.5422 -0.6934 -0.4746
vn -0.5977 -0.6640 -0.4493
vn -0.5976 -0.6640 -0.4493
vn -0.6505 -0.6293 -0.4252
vn -0.7003 -0.5895 -0.4025
vn -0.7003 -0.5896 -0.4025
vn -0.7467 -0.5450 -0.3813
vn -0.7467 -0.5450 -0.3814
vn -0.7892 -0.4961 -0.3619
vn -0.8276 -0.4432 -0.3444
vn -0.8615 -0.3868 -0.3290
vn -0.8907 -0.3272 -0.3157
vn -0.9149 -0.2650 -0.3046
vn -0.9339 -0.2006 -0.2960
vn -0.9339 -0.2006 -0.2959
vn -0.9476 -0.1346 -0.2897
vn -0.9559 -0.0676 -0.2859
vn -0.9586 -0.0000 -0.2847
vn -0.9559 0.0676 -0.2859
vn -0.9476 0.1346 -0.2897
vn -0.9339 0.2006 -0.2960
vn -0.9149 0.2650 -0.3046
vn -0.8907 0.3272 -0.3157
vn -0.8615 0.3868 -0.3290
vn -0.8276 0.4432 -0.3444
vn -0.7892 0.4961 -0.3619
vn -0.7467 0.5450 -0.3814
vn -0.7467 0.5450 -0.3813
vn -0.7003 0.5896 -0.4025
vn -0.6505 0.6293 -0.4252
vn -0.5976 0.6640 -0.4493
vn -0.5977 0.6640 -0.4493
vn -0.5422 0.6934 -0.4746
vn -0.3841 -0.6858 -0.6182
vn -0.4396 -0.6747 -0.5928
vn -0.4941 -0.6582 -0.5680
vn -0.5470 -0.6364 -0.5439
vn -0.5979 -0.6094 -0.5206
vn -0.6464 -0.5776 -0.4985
vn -0.6921 -0.5411 -0.4777
vn -0.7347 -0.5002 -0.4583
vn -0.7737 -0.4553 -0.4405
vn -0.8090 -0.4068 -0.4244
vn -0.8401 -0.3550 -0.4102
vn -0.8669 -0.3003 -0.3980
vn -0.8891 -0.2432 -0.3879
vn -0.9065 -0.1841 -0.3799
vn -0.9191 -0.1236 -0.3742
vn -0.9267 -0.0620 -0.3707
vn -0.9292 -0.0000 -0.3695
vn -0.9292 -0.0000 -0.3696
vn -0.9267 0.0620 -0.3707
vn -0.9191 0.1236 -0.3742
vn -0.9065 0.1841 -0.3799
vn -0.8891 0.2432 -0.3879
vn -0.8669 0.3003 -0.3980
vn -0.8401 0.3550 -0.4102
vn -0.8089 0.4068 -0.4244
vn -0.8090 0.4068 -0.4244
vn -0.7737 0.4553 -0.4404
vn -0.7737 0.4554 -0.4405
vn -0.7347 0.5002 -0.4583
vn -0.6921 0.5411 -0.4777
vn -0.6464 0.5776 -0.4985
vn -0.5979 0.6094 -0.5207
vn -0.5470 0.6364 -0.5439
vn -0.2577 0.8420 -0.4740
vn -0.2780 0.8062 -0.5223
vn -0.2698 0.8096 -0.5214
vn -0.3105 0.7498 -0.5842
vn -0.3033 0.7533 -0.5835
vn -0.3222 0.7066 -0.6300
vn -0.3427 0.6902 -0.6374
vn -0.3532 -0.6260 -0.6952
vn -0.3629 -0.6732 -0.6443
vn -0.3278 -0.6914 -0.6439
vn -0.3496 -0.6239 -0.6990
vn -0.4004 -0.6188 -0.6758
vn -0.4505 -0.6089 -0.6530
vn -0.4505 -0.6088 -0.6529
vn -0.4997 -0.5939 -0.6305
vn -0.5474 -0.5742 -0.6088
vn -0.5934 -0.5499 -0.5878
vn -0.5933 -0.5499 -0.5878
vn -0.6371 -0.5212 -0.5679
vn -0.6784 -0.4883 -0.5490
vn -0.6784 -0.4882 -0.5490
vn -0.7167 -0.4514 -0.5315
vn -0.7168 -0.4514 -0.5315
vn -0.7520 -0.4109 -0.5155
vn -0.7520 -0.4109 -0.5154
vn -0.7838 -0.3671 -0.5010
vn -0.8119 -0.3203 -0.4881
vn -0.8360 -0.2710 -0.4771
vn -0.8561 -0.2194 -0.4680
vn -0.8718 -0.1662 -0.4608
vn -0.8718 -0.1661 -0.4608
vn -0.8832 -0.1115 -0.4556
vn -0.8900 -0.0560 -0.4525
vn -0.8923 -0.0000 -0.4515
vn -0.8900 0.0560 -0.4525
vn -0.8832 0.1115 -0.4556
vn -0.8718 0.1661 -0.4608
vn -0.8561 0.2194 -0.4680
vn -0.8360 0.2710 -0.4771
vn -0.8119 0.3203 -0.4882
vn -0.8119 0.3203 -0.4881
vn -0.7838 0.3671 -0.5010
vn -0.7520 0.4109 -0.5155
vn -0.7167 0.4514 -0.5315
vn -0.6783 0.4883 -0.5490
vn -0.6784 0.4882 -0.5490
vn -0.6371 0.5212 -0.5679
vn -0.5933 0.5499 -0.5878
vn -0.5934 0.5499 -0.5878
vn -0.5474 0.5743 -0.6088
vn -0.5474 0.5742 -0.6088
vn -0.3639 -0.5517 -0.7505
vn -0.4135 -0.5469 -0.7280
vn -0.4134 -0.5469 -0.7280
vn -0.4578 -0.5380 -0.7078
vn -0.5012 -0.5249 -0.6880
vn -0.5434 -0.5075 -0.6687
vn -0.5434 -0.5074 -0.6687
vn -0.5840 -0.4860 -0.6502
vn -0.6227 -0.4606 -0.6326
vn -0.6226 -0.4606 -0.6326
vn -0.6591 -0.4315 -0.6160
vn -0.6930 -0.3989 -0.6005
vn -0.7242 -0.3631 -0.5863
vn -0.7523 -0.3244 -0.5735
vn -0.7771 -0.2830 -0.5622
vn -0.7984 -0.2394 -0.5524
vn -0.8161 -0.1939 -0.5443
vn -0.8161 -0.1939 -0.5444
vn -0.8301 -0.1468 -0.5380
vn -0.8401 -0.0985 -0.5334
vn -0.8461 -0.0495 -0.5307
vn -0.8482 -0.0000 -0.5297
vn -0.8461 0.0495 -0.5307
vn -0.8401 0.0985 -0.5334
vn -0.8301 0.1468 -0.5380
vn -0.8161 0.1939 -0.5444
vn -0.8161 0.1939 -0.5443
vn -0.7984 0.2394 -0.5524
vn -0.7771 0.2830 -0.5622
vn -0.7771 0.2831 -0.5622
vn -0.7523 0.3244 -0.5735
vn -0.7242 0.3631 -0.5863
vn -0.6930 0.3989 -0.6005
vn -0.6931 0.3989 -0.6005
vn -0.6591 0.4315 -0.6160
vn -0.6227 0.4606 -0.6326
vn -0.5840 0.4860 -0.6502
vn -0.5434 0.5075 -0.6688
vn -0.5434 0.5074 -0.6687
vn -0.4145 -0.4599 -0.7853
vn -0.3797 -0.4998 -0.7785
vn -0.3680 -0.5537 -0.7470
vn -0.3846 -0.4743 -0.7919
vn -0.4232 -0.4705 -0.7743
vn -0.4613 -0.4629 -0.7569
vn -0.4614 -0.4628 -0.7569
vn -0.4987 -0.4515 -0.7399
vn -0.5350 -0.4365 -0.7233
vn -0.5350 -0.4366 -0.7233
vn -0.5699 -0.4181 -0.7074
vn -0.6032 -0.3962 -0.6922
vn -0.6345 -0.3712 -0.6779
vn -0.6637 -0.3432 -0.6646
vn -0.6637 -0.3431 -0.6646
vn -0.6905 -0.3124 -0.6524
vn -0.7147 -0.2791 -0.6414
vn -0.7360 -0.2435 -0.6316
vn -0.7544 -0.2060 -0.6233
vn -0.7696 -0.1668 -0.6163
vn -0.7816 -0.1263 -0.6109
vn -0.7816 -0.1263 -0.6108
vn -0.7902 -0.0848 -0.6069
vn -0.7954 -0.0426 -0.6045
vn -0.7954 -0.0426 -0.6046
vn -0.7972 -0.0000 -0.6038
vn -0.7954 0.0425 -0.6046
vn -0.7902 0.0848 -0.6069
vn -0.7816 0.1263 -0.6109
vn -0.7696 0.1668 -0.6163
vn -0.7544 0.2060 -0.6233
vn -0.7360 0.2435 -0.6317
vn -0.7361 0.2435 -0.6316
vn -0.7147 0.2791 -0.6414
vn -0.6905 0.3124 -0.6524
vn -0.6637 0.3432 -0.6646
vn -0.6637 0.3431 -0.6646
vn -0.6345 0.3712 -0.6779
vn -0.6345 0.3712 -0.6780
vn -0.6032 0.3962 -0.6922
vn -0.5699 0.4181 -0.7074
vn -0.5350 0.4365 -0.7233
vn -0.5350 0.4366 -0.7233
vn -0.3337 0.6742 -0.6588
vn -0.3489 0.6261 -0.6973
vn -0.3537 0.6235 -0.6972
vn -0.3637 0.5537 -0.7491
vn -0.3686 0.5513 -0.7485
vn -0.3798 0.4998 -0.7785
vn -0.4038 0.4725 -0.7834
vn -0.4017 -0.3617 -0.8413
vn -0.4175 -0.3915 -0.8200
vn -0.4295 -0.3902 -0.8144
vn -0.4611 -0.3839 -0.8000
vn -0.4612 -0.3839 -0.7999
vn -0.4921 -0.3745 -0.7858
vn -0.5222 -0.3621 -0.7721
vn -0.5223 -0.3621 -0.7721
vn -0.5512 -0.3468 -0.7589
vn -0.5788 -0.3286 -0.7463
vn -0.5788 -0.3287 -0.7463
vn -0.6048 -0.3079 -0.7344
vn -0.6290 -0.2846 -0.7234
vn -0.6513 -0.2591 -0.7133
vn -0.6513 -0.2591 -0.7132
vn -0.6713 -0.2315 -0.7041
vn -0.6890 -0.2020 -0.6960
vn -0.7042 -0.1708 -0.6891
vn -0.7042 -0.1709 -0.6891
vn -0.7169 -0.1384 -0.6833
vn -0.7268 -0.1048 -0.6788
vn -0.7340 -0.0703 -0.6755
vn -0.7383 -0.0353 -0.6735
vn -0.7383 -0.0353 -0.6736
vn -0.7397 -0.0000 -0.6729
vn -0.7383 0.0353 -0.6735
vn -0.7383 0.0353 -0.6736
vn -0.7340 0.0703 -0.6755
vn -0.7268 0.1048 -0.6788
vn -0.7169 0.1384 -0.6833
vn -0.7042 0.1709 -0.6891
vn -0.6890 0.2020 -0.6960
vn -0.6713 0.2315 -0.7041
vn -0.6513 0.2591 -0.7133
vn -0.6513 0.2591 -0.7132
vn -0.6290 0.2846 -0.7234
vn -0.6049 0.3079 -0.7344
vn -0.6048 0.3079 -0.7344
vn -0.5788 0.3287 -0.7463
vn -0.5512 0.3468 -0.7589
vn -0.5222 0.3621 -0.7721
vn -0.5223 0.3621 -0.7721
vn -0.3810 -0.3019 -0.8739
vn -0.4073 -0.3093 -0.8593
vn -0.4324 -0.3069 -0.8479
vn -0.4323 -0.3069 -0.8479
vn -0.4573 -0.3019 -0.8365
vn -0.4817 -0.2945 -0.8254
vn -0.4816 -0.2945 -0.8254
vn -0.5053 -0.2847 -0.8146
vn -0.5280 -0.2727 -0.8042
vn -0.5281 -0.2727 -0.8042
vn -0.5498 -0.2584 -0.7943
vn -0.5702 -0.2421 -0.7850
vn -0.5892 -0.2238 -0.7763
vn -0.5893 -0.2238 -0.7763
vn -0.6067 -0.2037 -0.7684
vn -0.6067 -0.2038 -0.7684
vn -0.6225 -0.1820 -0.7612
vn -0.6225 -0.1820 -0.7611
vn -0.6364 -0.1588 -0.7548
vn -0.6365 -0.1588 -0.7548
vn -0.6484 -0.1344 -0.7494
vn -0.6484 -0.1343 -0.7494
vn -0.6583 -0.1088 -0.7448
vn -0.6661 -0.0824 -0.7413
vn -0.6662 -0.0824 -0.7413
vn -0.6718 -0.0553 -0.7387
vn -0.6752 -0.0277 -0.7371
vn -0.6752 -0.0278 -0.7371
vn -0.6763 -0.0000 -0.7366
vn -0.6752 0.0277 -0.7371
vn -0.6751 0.0277 -0.7372
vn -0.6718 0.0553 -0.7387
vn -0.6661 0.0824 -0.7413
vn -0.6662 0.0824 -0.7412
vn -0.6583 0.1088 -0.7448
vn -0.6584 0.1088 -0.7448
vn -0.6484 0.1344 -0.7494
vn -0.6364 0.1588 -0.7548
vn -0.6225 0.1820 -0.7612
vn -0.6067 0.2037 -0.7684
vn -0.6067 0.2037 -0.7683
vn -0.5892 0.2238 -0.7764
vn -0.5893 0.2238 -0.7763
vn -0.5703 0.2421 -0.7850
vn -0.5702 0.2421 -0.7850
vn -0.5497 0.2584 -0.7943
vn -0.5498 0.2584 -0.7943
vn -0.5280 0.2727 -0.8043
vn -0.5281 0.2727 -0.8042
vn -0.5053 0.2847 -0.8146
vn -0.4163 -0.1527 -0.8963
vn -0.4140 -0.2151 -0.8845
vn -0.4370 -0.2204 -0.8720
vn -0.4317 -0.2210 -0.8745
vn -0.4318 -0.2210 -0.8745
vn -0.4496 -0.2174 -0.8664
vn -0.4498 -0.2174 -0.8663
vn -0.4671 -0.2121 -0.8584
vn -0.4673 -0.2121 -0.8583
vn -0.4843 -0.2050 -0.8505
vn -0.4843 -0.2050 -0.8506
vn -0.5006 -0.1964 -0.8431
vn -0.5007 -0.1964 -0.8431
vn -0.5162 -0.1861 -0.8360
vn -0.5310 -0.1743 -0.8292
vn -0.5311 -0.1743 -0.8292
vn -0.5447 -0.1612 -0.8230
vn -0.5448 -0.1612 -0.8229
vn -0.5573 -0.1467 -0.8173
vn -0.5572 -0.1468 -0.8173
vn -0.5687 -0.1311 -0.8120
vn -0.5686 -0.1310 -0.8121
vn -0.5787 -0.1144 -0.8075
vn -0.5873 -0.0967 -0.8036
vn -0.5873 -0.0968 -0.8036
vn -0.5945 -0.0784 -0.8003
vn -0.5945 -0.0783 -0.8003
vn -0.6001 -0.0593 -0.7977
vn -0.6001 -0.0594 -0.7977
vn -0.6041 -0.0398 -0.7959
vn -0.6066 -0.0200 -0.7948
vn -0.6074 -0.0000 -0.7944
vn -0.6066 0.0200 -0.7948
vn -0.6041 0.0398 -0.7959
vn -0.6001 0.0593 -0.7977
vn -0.5945 0.0783 -0.8003
vn -0.5945 0.0784 -0.8003
vn -0.5873 0.0968 -0.8036
vn -0.5873 0.0967 -0.8035
vn -0.5786 0.1144 -0.8075
vn -0.5787 0.1144 -0.8075
vn -0.5687 0.1311 -0.8121
vn -0.5686 0.1311 -0.8121
vn -0.5573 0.1467 -0.8173
vn -0.5573 0.1467 -0.8172
vn -0.5447 0.1612 -0.8230
vn -0.5310 0.1743 -0.8292
vn -0.5162 0.1861 -0.8360
vn -0.5006 0.1964 -0.8431
vn -0.5007 0.1964 -0.8431
vn -0.4843 0.2050 -0.8505
vn -0.4843 0.2050 -0.8506
vn -0.3871 0.4604 -0.7989
vn -0.3962 0.4032 -0.8249
vn -0.4174 0.3915 -0.8201
vn -0.3786 0.3195 -0.8687
vn -0.4073 0.3093 -0.8593
vn -0.4115 0.2587 -0.8739
vn -0.4370 0.2204 -0.8720
vn -0.4932 -0.1263 -0.8607
vn -0.4278 -0.1333 -0.8940
vn -0.4275 -0.1333 -0.8941
vn -0.4384 -0.1311 -0.8892
vn -0.4384 -0.1312 -0.8891
vn -0.4490 -0.1280 -0.8843
vn -0.4489 -0.1280 -0.8844
vn -0.4593 -0.1237 -0.8796
vn -0.4594 -0.1237 -0.8796
vn -0.4691 -0.1185 -0.8752
vn -0.4787 -0.1123 -0.8708
vn -0.4785 -0.1123 -0.8709
vn -0.4875 -0.1051 -0.8667
vn -0.4875 -0.1052 -0.8668
vn -0.4958 -0.0972 -0.8630
vn -0.4960 -0.0972 -0.8629
vn -0.5033 -0.0886 -0.8596
vn -0.5032 -0.0886 -0.8596
vn -0.5103 -0.0790 -0.8564
vn -0.5102 -0.0791 -0.8564
vn -0.5162 -0.0690 -0.8537
vn -0.5164 -0.0690 -0.8536
vn -0.5215 -0.0584 -0.8513
vn -0.5215 -0.0582 -0.8513
vn -0.5258 -0.0472 -0.8493
vn -0.5258 -0.0473 -0.8493
vn -0.5291 -0.0358 -0.8478
vn -0.5292 -0.0358 -0.8477
vn -0.5316 -0.0240 -0.8466
vn -0.5316 -0.0241 -0.8467
vn -0.5331 -0.0121 -0.8460
vn -0.5331 -0.0119 -0.8460
vn -0.5336 -0.0000 -0.8457
vn -0.5336 -0.0001 -0.8458
vn -0.5331 0.0121 -0.8460
vn -0.5331 0.0121 -0.8459
vn -0.5316 0.0240 -0.8467
vn -0.5316 0.0240 -0.8466
vn -0.5292 0.0358 -0.8477
vn -0.5257 0.0473 -0.8493
vn -0.5258 0.0473 -0.8493
vn -0.5215 0.0584 -0.8513
vn -0.5216 0.0583 -0.8512
vn -0.5163 0.0690 -0.8536
vn -0.5101 0.0791 -0.8565
vn -0.5102 0.0791 -0.8564
vn -0.5034 0.0885 -0.8595
vn -0.4959 0.0972 -0.8629
vn -0.4957 0.0972 -0.8630
vn -0.4875 0.1052 -0.8668
vn -0.4787 0.1123 -0.8708
vn -0.4785 0.1123 -0.8709
vn -0.4691 0.1185 -0.8751
vn -0.4690 0.1185 -0.8752
vn -0.4594 0.1237 -0.8796
vn -0.4592 0.1237 -0.8797
vn 0.0712 0.7253 0.6848
vn 0.1176 0.7385 0.6639
vn 0.0811 0.7875 0.6109
vn 0.0400 0.8359 0.5474
vn -0.0014 0.8775 0.4795
vn -0.0428 0.9121 0.4077
vn -0.0839 0.9393 0.3327
vn -0.1243 0.9589 0.2550
vn -0.1636 0.9708 0.1752
vn -0.2017 0.9749 0.0940
vn -0.2381 0.9712 0.0121
vn -0.2726 0.9596 -0.0699
vn -0.3049 0.9403 -0.1514
vn -0.3348 0.9134 -0.2317
vn -0.3619 0.8791 -0.3101
vn -0.3620 0.8791 -0.3101
vn -0.3862 0.8378 -0.3860
vn -0.4073 0.7897 -0.4588
vn -0.4074 0.7896 -0.4588
vn -0.4252 0.7352 -0.5280
vn -0.4397 0.6747 -0.5928
vn -0.4505 0.6089 -0.6530
vn -0.4505 0.6088 -0.6529
vn -0.4578 0.5380 -0.7078
vn -0.4614 0.4628 -0.7569
vn -0.4613 0.4629 -0.7569
vn -0.4612 0.3839 -0.8000
vn -0.4572 0.3019 -0.8366
vn -0.4574 0.3019 -0.8364
vn -0.4496 0.2174 -0.8664
vn -0.4384 0.1312 -0.8892
vn -0.4385 0.1312 -0.8891
vn -0.4236 0.0439 -0.9048
vn 0.2022 0.7100 0.6746
vn 0.2024 0.7093 0.6752
vn 0.1819 0.7448 0.6420
vn 0.1460 0.8005 0.5814
vn 0.1460 0.8005 0.5813
vn 0.1088 0.8496 0.5160
vn 0.1089 0.8496 0.5160
vn 0.0709 0.8920 0.4465
vn 0.0323 0.9271 0.3735
vn -0.0065 0.9547 0.2974
vn -0.0453 0.9747 0.2189
vn -0.0836 0.9868 0.1387
vn -0.1214 0.9909 0.0574
vn -0.1581 0.9871 -0.0244
vn -0.1936 0.9753 -0.1060
vn -0.2275 0.9557 -0.1867
vn -0.2595 0.9284 -0.2660
vn -0.2895 0.8936 -0.3431
vn -0.3172 0.8515 -0.4175
vn -0.3423 0.8026 -0.4885
vn -0.3647 0.7472 -0.5556
vn -0.3646 0.7472 -0.5556
vn -0.3841 0.6858 -0.6182
vn -0.3840 0.6858 -0.6182
vn -0.4004 0.6188 -0.6758
vn -0.4135 0.5469 -0.7280
vn -0.4134 0.5469 -0.7280
vn -0.4232 0.4705 -0.7743
vn -0.4295 0.3902 -0.8144
vn -0.4296 0.3902 -0.8144
vn -0.4324 0.3069 -0.8479
vn -0.4323 0.3069 -0.8479
vn -0.4317 0.2210 -0.8745
vn -0.4318 0.2210 -0.8745
vn -0.4277 0.1333 -0.8940
vn -0.4275 0.1333 -0.8941
vn -0.4202 0.0446 -0.9064
vn -0.4141 0.2151 -0.8845
vn -0.4163 0.1527 -0.8963
vn -0.4932 0.1263 -0.8607
vn -0.2234 0.0622 -0.9728
vn 0.0354 0.7249 0.6880
vn 0.0478 0.7330 0.6786
vn 0.0175 0.7682 0.6399
vn -0.0275 0.8154 0.5782
vn -0.0723 0.8560 0.5118
vn -0.1165 0.8898 0.4413
vn -0.1597 0.9163 0.3673
vn -0.2017 0.9354 0.2903
vn -0.2017 0.9355 0.2903
vn -0.2420 0.9471 0.2109
vn -0.2420 0.9471 0.2110
vn -0.2804 0.9511 0.1299
vn -0.3165 0.9474 0.0479
vn -0.3165 0.9474 0.0478
vn -0.3501 0.9361 -0.0346
vn -0.3808 0.9172 -0.1168
vn -0.4085 0.8910 -0.1981
vn -0.4085 0.8910 -0.1980
vn -0.4329 0.8576 -0.2777
vn -0.4538 0.8173 -0.3552
vn -0.4539 0.8172 -0.3552
vn -0.4711 0.7703 -0.4298
vn -0.4711 0.7703 -0.4297
vn -0.4846 0.7172 -0.5009
vn -0.4846 0.7171 -0.5009
vn -0.4941 0.6582 -0.5680
vn -0.4997 0.5939 -0.6305
vn -0.5012 0.5249 -0.6880
vn -0.4987 0.4515 -0.7399
vn -0.4922 0.3745 -0.7858
vn -0.4921 0.3745 -0.7858
vn -0.4816 0.2945 -0.8254
vn -0.4672 0.2121 -0.8583
vn -0.4673 0.2121 -0.8583
vn -0.4490 0.1280 -0.8843
vn -0.4491 0.1280 -0.8843
vn -0.4270 0.0428 -0.9033
vn -0.3499 -0.0000 0.9368
vn -0.3500 -0.0000 0.9368
vn -0.3499 0.0001 0.9368
vn -0.3497 0.0002 0.9369
vn -0.3501 -0.0002 0.9367
vn -0.3500 -0.0001 0.9368
vn -0.3496 0.0008 0.9369
vn -0.3501 -0.0000 0.9367
vn -0.3500 -0.0000 0.9367
vn -0.3498 -0.0000 0.9368
vn 0.9289 0.0076 -0.3703
vn 0.9285 0.0125 -0.3712
vn 0.9278 0.0173 -0.3726
vn 0.9270 0.0220 -0.3745
vn 0.9260 0.0264 -0.3767
vn 0.9247 0.0304 -0.3794
vn 0.9233 0.0343 -0.3825
vn 0.9218 0.0377 -0.3858
vn 0.9201 0.0408 -0.3896
vn 0.9183 0.0433 -0.3934
vn 0.9165 0.0455 -0.3975
vn 0.9144 0.0472 -0.4021
vn 0.9123 0.0484 -0.4066
vn 0.9104 0.0490 -0.4108
vn 0.9082 0.0491 -0.4156
vn 0.9061 0.0487 -0.4202
vn 0.9041 0.0478 -0.4247
vn 0.9020 0.0464 -0.4293
vn 0.9001 0.0445 -0.4334
vn 0.8983 0.0421 -0.4374
vn 0.8964 0.0392 -0.4415
vn 0.8950 0.0362 -0.4446
vn 0.8934 0.0325 -0.4481
vn 0.8922 0.0285 -0.4508
vn 0.8910 0.0241 -0.4534
vn 0.8901 0.0197 -0.4553
vn 0.8893 0.0149 -0.4571
vn 0.8888 0.0101 -0.4582
vn 0.8884 0.0050 -0.4589
vn 0.8884 0.0001 -0.4591
vn 0.8885 -0.0050 -0.4589
vn 0.8888 -0.0100 -0.4582
vn 0.8893 -0.0151 -0.4570
vn 0.8901 -0.0196 -0.4554
vn 0.8910 -0.0242 -0.4534
vn 0.8922 -0.0284 -0.4508
vn 0.8934 -0.0324 -0.4481
vn 0.8949 -0.0361 -0.4448
vn 0.8965 -0.0394 -0.4412
vn 0.8982 -0.0421 -0.4375
vn 0.9001 -0.0445 -0.4334
vn 0.9020 -0.0464 -0.4293
vn 0.9041 -0.0478 -0.4247
vn 0.9061 -0.0487 -0.4203
vn 0.9082 -0.0491 -0.4156
vn 0.9104 -0.0490 -0.4108
vn 0.9123 -0.0484 -0.4067
vn 0.9145 -0.0471 -0.4019
vn 0.9164 -0.0455 -0.3976
vn 0.9184 -0.0434 -0.3934
vn 0.9201 -0.0408 -0.3896
vn 0.9218 -0.0377 -0.3858
vn 0.9233 -0.0343 -0.3825
vn 0.9247 -0.0305 -0.3794
vn 0.9260 -0.0263 -0.3767
vn 0.9270 -0.0220 -0.3745
vn 0.9278 -0.0173 -0.3727
vn 0.9284 -0.0126 -0.3712
vn 0.9289 -0.0075 -0.3703
vn 0.9291 -0.0026 -0.3698
vn 0.9291 0.0026 -0.3698
vn -0.3697 0.0257 -0.9288
vn -0.3677 0.1027 -0.9243
vn -0.3611 0.2043 -0.9099
vn -0.3503 0.3037 -0.8860
vn -0.3502 0.3038 -0.8860
vn -0.3352 0.4000 -0.8530
vn -0.3161 0.4919 -0.8112
vn -0.3161 0.4920 -0.8112
vn -0.2932 0.5787 -0.7610
vn -0.2667 0.6594 -0.7029
vn -0.2370 0.7330 -0.6376
vn -0.2369 0.7330 -0.6376
vn -0.2042 0.7989 -0.5658
vn -0.1688 0.8563 -0.4881
vn -0.1311 0.9046 -0.4056
vn -0.0916 0.9434 -0.3189
vn -0.0506 0.9721 -0.2291
vn -0.0086 0.9905 -0.1370
vn 0.0339 0.9985 -0.0437
vn 0.0766 0.9958 0.0498
vn 0.1189 0.9826 0.1426
vn 0.1604 0.9590 0.2336
vn 0.1604 0.9590 0.2337
vn 0.2007 0.9252 0.3220
vn 0.2394 0.8816 0.4068
vn 0.2760 0.8287 0.4870
vn 0.3101 0.7670 0.5618
vn 0.3414 0.6971 0.6305
vn 0.3696 0.6199 0.6922
vn 0.3943 0.5360 0.7464
vn 0.3943 0.5361 0.7464
vn 0.4153 0.4466 0.7925
vn 0.4324 0.3523 0.8300
vn 0.4454 0.2544 0.8584
vn 0.4541 0.1537 0.8776
vn 0.4585 0.0514 0.8872
vn 0.4585 -0.0514 0.8872
vn 0.4541 -0.1537 0.8776
vn 0.4454 -0.2544 0.8585
vn 0.4454 -0.2544 0.8584
vn 0.4324 -0.3523 0.8300
vn 0.4153 -0.4465 0.7925
vn 0.4153 -0.4466 0.7925
vn 0.3943 -0.5361 0.7464
vn 0.3696 -0.6199 0.6922
vn 0.3414 -0.6971 0.6305
vn 0.3101 -0.7670 0.5618
vn 0.2760 -0.8287 0.4870
vn 0.2394 -0.8816 0.4068
vn 0.2007 -0.9252 0.3220
vn 0.1604 -0.9590 0.2337
vn 0.1604 -0.9590 0.2336
vn 0.1189 -0.9826 0.1426
vn 0.0766 -0.9958 0.0498
vn 0.0339 -0.9985 -0.0437
vn -0.0086 -0.9905 -0.1370
vn -0.0506 -0.9721 -0.2291
vn -0.0916 -0.9434 -0.3189
vn -0.1311 -0.9046 -0.4056
vn -0.1688 -0.8563 -0.4881
vn -0.1688 -0.8563 -0.4882
vn -0.2042 -0.7989 -0.5658
vn -0.2369 -0.7330 -0.6376
vn -0.2370 -0.7330 -0.6376
vn -0.2667 -0.6594 -0.7029
vn -0.2932 -0.5787 -0.7610
vn -0.3161 -0.4920 -0.8112
vn -0.3352 -0.4000 -0.8530
vn -0.3502 -0.3037 -0.8860
vn -0.3611 -0.2043 -0.9099
vn -0.3677 -0.1027 -0.9243
vn -0.3697 -0.0257 -0.9288
vn -0.3573 -0.0000 -0.9340
vn 0.5433 0.0509 0.8380
vn 0.5389 0.1522 0.8285
vn 0.5303 0.2519 0.8095
vn 0.5174 0.3489 0.7814
vn 0.5005 0.4423 0.7442
vn 0.4797 0.5309 0.6986
vn 0.4552 0.6139 0.6449
vn 0.4273 0.6904 0.5837
vn 0.3963 0.7596 0.5157
vn 0.3625 0.8207 0.4416
vn 0.3262 0.8731 0.3622
vn 0.3262 0.8732 0.3622
vn 0.2880 0.9163 0.2783
vn 0.2481 0.9498 0.1907
vn 0.2480 0.9498 0.1907
vn 0.2069 0.9732 0.1005
vn 0.1650 0.9863 0.0087
vn 0.1650 0.9863 0.0086
vn 0.1228 0.9889 -0.0840
vn 0.0806 0.9810 -0.1764
vn 0.0390 0.9628 -0.2675
vn -0.0015 0.9343 -0.3565
vn -0.0407 0.8959 -0.4423
vn -0.0780 0.8481 -0.5241
vn -0.1131 0.7912 -0.6010
vn -0.1130 0.7912 -0.6010
vn -0.1455 0.7260 -0.6722
vn -0.1750 0.6530 -0.7368
vn -0.2012 0.5732 -0.7943
vn -0.2239 0.4872 -0.8441
vn -0.2428 0.3961 -0.8855
vn -0.2577 0.3008 -0.9182
vn -0.2685 0.2023 -0.9418
vn -0.2750 0.1017 -0.9561
vn -0.2772 -0.0000 -0.9608
vn -0.2771 -0.0000 -0.9608
vn -0.2750 -0.1017 -0.9561
vn -0.2685 -0.2023 -0.9418
vn -0.2577 -0.3008 -0.9182
vn -0.2428 -0.3961 -0.8855
vn -0.2239 -0.4872 -0.8441
vn -0.2012 -0.5732 -0.7943
vn -0.2012 -0.5732 -0.7944
vn -0.1750 -0.6530 -0.7368
vn -0.1455 -0.7260 -0.6722
vn -0.1130 -0.7912 -0.6010
vn -0.0780 -0.8481 -0.5241
vn -0.0407 -0.8959 -0.4423
vn -0.0015 -0.9343 -0.3565
vn 0.0390 -0.9628 -0.2675
vn 0.0806 -0.9810 -0.1764
vn 0.1228 -0.9889 -0.0840
vn 0.1650 -0.9863 0.0086
vn 0.2069 -0.9732 0.1005
vn 0.2481 -0.9498 0.1907
vn 0.2480 -0.9498 0.1907
vn 0.2880 -0.9163 0.2782
vn 0.2880 -0.9163 0.2783
vn 0.3262 -0.8731 0.3622
vn 0.3262 -0.8732 0.3622
vn 0.3625 -0.8207 0.4416
vn 0.3963 -0.7596 0.5157
vn 0.4273 -0.6904 0.5837
vn 0.4552 -0.6139 0.6449
vn 0.4797 -0.5309 0.6986
vn 0.5005 -0.4423 0.7442
vn 0.5174 -0.3489 0.7814
vn 0.5303 -0.2519 0.8095
vn 0.5389 -0.1522 0.8285
vn 0.5433 -0.0509 0.8380
vn 0.6228 0.0499 0.7808
vn 0.6186 0.1493 0.7714
vn 0.6101 0.2471 0.7528
vn 0.5975 0.3422 0.7252
vn 0.5809 0.4337 0.6888
vn 0.5605 0.5207 0.6441
vn 0.5605 0.5206 0.6440
vn 0.5365 0.6021 0.5914
vn 0.5091 0.6771 0.5314
vn 0.4787 0.7449 0.4647
vn 0.4455 0.8049 0.3920
vn 0.4100 0.8563 0.3141
vn 0.3724 0.8986 0.2318
vn 0.3333 0.9314 0.1460
vn 0.2930 0.9544 0.0575
vn 0.2519 0.9672 -0.0326
vn 0.2104 0.9698 -0.1234
vn 0.1691 0.9621 -0.2140
vn 0.1283 0.9442 -0.3034
vn 0.0885 0.9163 -0.3907
vn 0.0501 0.8786 -0.4749
vn 0.0136 0.8317 -0.5551
vn 0.0135 0.8317 -0.5551
vn -0.0208 0.7759 -0.6305
vn -0.0526 0.7120 -0.7003
vn -0.0527 0.7120 -0.7003
vn -0.0816 0.6404 -0.7637
vn -0.1073 0.5621 -0.8201
vn -0.1295 0.4778 -0.8689
vn -0.1296 0.4778 -0.8688
vn -0.1480 0.3885 -0.9095
vn -0.1481 0.3885 -0.9095
vn -0.1627 0.2950 -0.9415
vn -0.1733 0.1984 -0.9647
vn -0.1732 0.1984 -0.9647
vn -0.1796 0.0997 -0.9787
vn -0.1797 0.0997 -0.9787
vn -0.1818 -0.0000 -0.9833
vn -0.1796 -0.0997 -0.9787
vn -0.1796 -0.0998 -0.9787
vn -0.1733 -0.1984 -0.9647
vn -0.1627 -0.2950 -0.9415
vn -0.1481 -0.3885 -0.9095
vn -0.1295 -0.4778 -0.8689
vn -0.1296 -0.4778 -0.8689
vn -0.1073 -0.5621 -0.8201
vn -0.0816 -0.6404 -0.7637
vn -0.0527 -0.7120 -0.7003
vn -0.0526 -0.7119 -0.7003
vn -0.0208 -0.7759 -0.6305
vn 0.0136 -0.8317 -0.5551
vn 0.0502 -0.8786 -0.4749
vn 0.0501 -0.8786 -0.4749
vn 0.0885 -0.9163 -0.3907
vn 0.1283 -0.9442 -0.3034
vn 0.1691 -0.9621 -0.2140
vn 0.2104 -0.9698 -0.1234
vn 0.2519 -0.9672 -0.0326
vn 0.2930 -0.9544 0.0575
vn 0.3333 -0.9315 0.1460
vn 0.3333 -0.9314 0.1460
vn 0.3725 -0.8986 0.2318
vn 0.4100 -0.8563 0.3141
vn 0.4455 -0.8049 0.3920
vn 0.4787 -0.7449 0.4647
vn 0.5091 -0.6771 0.5314
vn 0.5365 -0.6021 0.5914
vn 0.5605 -0.5207 0.6440
vn 0.5605 -0.5206 0.6440
vn 0.5809 -0.4337 0.6888
vn 0.5975 -0.3422 0.7252
vn 0.6101 -0.2471 0.7528
vn 0.6186 -0.1493 0.7714
vn 0.6228 -0.0499 0.7808
vn 0.6964 0.0485 0.7160
vn 0.6923 0.1449 0.7069
vn 0.6840 0.2398 0.6889
vn 0.6718 0.3322 0.6621
vn 0.6557 0.4210 0.6267
vn 0.6557 0.4210 0.6268
vn 0.6359 0.5054 0.5833
vn 0.6126 0.5844 0.5322
vn 0.5860 0.6572 0.4740
vn 0.5565 0.7231 0.4092
vn 0.5243 0.7813 0.3387
vn 0.4898 0.8312 0.2630
vn 0.4534 0.8723 0.1831
vn 0.4154 0.9042 0.0998
vn 0.3762 0.9264 0.0140
vn 0.3363 0.9389 -0.0735
vn 0.2961 0.9414 -0.1617
vn 0.2560 0.9339 -0.2496
vn 0.2164 0.9165 -0.3364
vn 0.1778 0.8894 -0.4211
vn 0.1405 0.8529 -0.5028
vn 0.1050 0.8073 -0.5807
vn 0.0716 0.7532 -0.6539
vn 0.0407 0.6911 -0.7216
vn 0.0127 0.6217 -0.7832
vn 0.0126 0.6217 -0.7832
vn -0.0123 0.5456 -0.8379
vn -0.0339 0.4638 -0.8853
vn -0.0519 0.3771 -0.9247
vn -0.0661 0.2864 -0.9558
vn -0.0763 0.1926 -0.9783
vn -0.0764 0.1926 -0.9783
vn -0.0826 0.0968 -0.9919
vn -0.0825 0.0968 -0.9919
vn -0.0846 -0.0000 -0.9964
vn -0.0825 -0.0968 -0.9919
vn -0.0826 -0.0968 -0.9919
vn -0.0764 -0.1926 -0.9783
vn -0.0763 -0.1926 -0.9783
vn -0.0661 -0.2864 -0.9558
vn -0.0519 -0.3771 -0.9247
vn -0.0339 -0.4638 -0.8853
vn -0.0123 -0.5456 -0.8379
vn 0.0126 -0.6216 -0.7832
vn 0.0126 -0.6217 -0.7832
vn 0.0407 -0.6911 -0.7216
vn 0.0716 -0.7532 -0.6539
vn 0.1050 -0.8073 -0.5807
vn 0.1405 -0.8529 -0.5028
vn 0.1778 -0.8894 -0.4211
vn 0.2164 -0.9165 -0.3364
vn 0.2560 -0.9339 -0.2496
vn 0.2961 -0.9414 -0.1617
vn 0.3363 -0.9389 -0.0735
vn 0.3762 -0.9264 0.0140
vn 0.4154 -0.9042 0.0998
vn 0.4534 -0.8723 0.1831
vn 0.4898 -0.8312 0.2630
vn 0.5243 -0.7813 0.3387
vn 0.5565 -0.7231 0.4092
vn 0.5860 -0.6572 0.4740
vn 0.6126 -0.5844 0.5322
vn 0.6359 -0.5054 0.5833
vn 0.6557 -0.4210 0.6267
vn 0.6718 -0.3322 0.6621
vn 0.6840 -0.2398 0.6889
vn 0.6923 -0.1449 0.7070
vn 0.6923 -0.1449 0.7069
vn 0.6964 -0.0485 0.7160
vn 0.7633 0.0466 0.6444
vn 0.7593 0.1392 0.6357
vn 0.7593 0.1391 0.6357
vn 0.7514 0.2303 0.6183
vn 0.7397 0.3190 0.5926
vn 0.7242 0.4043 0.5586
vn 0.7242 0.4043 0.5587
vn 0.7052 0.4853 0.5169
vn 0.6828 0.5612 0.4679
vn 0.6573 0.6311 0.4119
vn 0.6289 0.6943 0.3498
vn 0.5980 0.7502 0.2820
vn 0.5649 0.7981 0.2094
vn 0.5299 0.8376 0.1327
vn 0.4934 0.8682 0.0527
vn 0.4935 0.8682 0.0527
vn 0.4559 0.8896 -0.0297
vn 0.4175 0.9015 -0.1137
vn 0.4176 0.9015 -0.1137
vn 0.3789 0.9039 -0.1984
vn 0.3404 0.8967 -0.2829
vn 0.3024 0.8800 -0.3662
vn 0.2653 0.8540 -0.4475
vn 0.2295 0.8189 -0.5260
vn 0.1954 0.7752 -0.6007
vn 0.1634 0.7232 -0.6710
vn 0.1337 0.6636 -0.7361
vn 0.1067 0.5969 -0.7952
vn 0.1068 0.5969 -0.7952
vn 0.0828 0.5239 -0.8477
vn 0.0621 0.4454 -0.8932
vn 0.0447 0.3621 -0.9311
vn 0.0448 0.3621 -0.9311
vn 0.0311 0.2750 -0.9609
vn 0.0312 0.2750 -0.9609
vn 0.0213 0.1849 -0.9825
vn 0.0213 0.1850 -0.9825
vn 0.0154 0.0930 -0.9955
vn 0.0134 -0.0000 -0.9999
vn 0.0153 -0.0930 -0.9956
vn 0.0154 -0.0930 -0.9956
vn 0.0213 -0.1850 -0.9825
vn 0.0311 -0.2750 -0.9609
vn 0.0312 -0.2750 -0.9609
vn 0.0447 -0.3621 -0.9311
vn 0.0448 -0.3621 -0.9311
vn 0.0621 -0.4454 -0.8932
vn 0.0828 -0.5239 -0.8477
vn 0.1068 -0.5969 -0.7952
vn 0.1337 -0.6636 -0.7361
vn 0.1337 -0.6636 -0.7360
vn 0.1634 -0.7232 -0.6710
vn 0.1954 -0.7752 -0.6007
vn 0.2295 -0.8189 -0.5260
vn 0.2653 -0.8540 -0.4475
vn 0.3024 -0.8800 -0.3662
vn 0.3404 -0.8967 -0.2829
vn 0.3789 -0.9039 -0.1984
vn 0.4175 -0.9015 -0.1137
vn 0.4176 -0.9015 -0.1137
vn 0.4559 -0.8896 -0.0297
vn 0.4558 -0.8896 -0.0297
vn 0.4934 -0.8682 0.0527
vn 0.4935 -0.8682 0.0527
vn 0.5299 -0.8376 0.1327
vn 0.5649 -0.7981 0.2094
vn 0.5981 -0.7502 0.2820
vn 0.5980 -0.7502 0.2820
vn 0.6289 -0.6943 0.3498
vn 0.6573 -0.6311 0.4119
vn 0.6828 -0.5612 0.4679
vn 0.7052 -0.4853 0.5169
vn 0.7242 -0.4043 0.5587
vn 0.7242 -0.4043 0.5586
vn 0.7397 -0.3190 0.5926
vn 0.7514 -0.2303 0.6183
vn 0.7593 -0.1391 0.6357
vn 0.7593 -0.1392 0.6357
vn 0.7633 -0.0466 0.6444
vn 0.7633 -0.0465 0.6444
vn 0.7633 0.0465 0.6444
vn 0.8229 0.0442 0.5665
vn 0.8191 0.1320 0.5582
vn 0.8116 0.2185 0.5418
vn 0.8005 0.3027 0.5174
vn 0.7858 0.3836 0.4852
vn 0.7677 0.4605 0.4456
vn 0.7465 0.5325 0.3990
vn 0.7223 0.5989 0.3460
vn 0.7223 0.5988 0.3459
vn 0.6954 0.6589 0.2870
vn 0.6661 0.7119 0.2227
vn 0.6346 0.7574 0.1538
vn 0.6014 0.7948 0.0810
vn 0.5668 0.8238 0.0051
vn 0.5311 0.8441 -0.0732
vn 0.4948 0.8555 -0.1529
vn 0.4581 0.8577 -0.2332
vn 0.4216 0.8509 -0.3134
vn 0.3855 0.8351 -0.3924
vn 0.3503 0.8104 -0.4696
vn 0.3164 0.7771 -0.5441
vn 0.2840 0.7356 -0.6150
vn 0.2536 0.6863 -0.6817
vn 0.2254 0.6297 -0.7434
vn 0.2255 0.6297 -0.7434
vn 0.1999 0.5664 -0.7995
vn 0.1998 0.5664 -0.7995
vn 0.1771 0.4972 -0.8494
vn 0.1574 0.4226 -0.8925
vn 0.1410 0.3436 -0.9285
vn 0.1281 0.2609 -0.9568
vn 0.1188 0.1755 -0.9773
vn 0.1187 0.1755 -0.9773
vn 0.1131 0.0882 -0.9897
vn 0.1113 -0.0000 -0.9938
vn 0.1112 -0.0000 -0.9938
vn 0.1131 -0.0882 -0.9897
vn 0.1132 -0.0882 -0.9897
vn 0.1188 -0.1755 -0.9773
vn 0.1187 -0.1755 -0.9773
vn 0.1281 -0.2610 -0.9568
vn 0.1281 -0.2609 -0.9568
vn 0.1410 -0.3436 -0.9285
vn 0.1411 -0.3436 -0.9285
vn 0.1574 -0.4226 -0.8925
vn 0.1771 -0.4972 -0.8494
vn 0.1999 -0.5664 -0.7995
vn 0.1998 -0.5664 -0.7995
vn 0.2255 -0.6297 -0.7434
vn 0.2254 -0.6297 -0.7434
vn 0.2536 -0.6863 -0.6817
vn 0.2840 -0.7356 -0.6150
vn 0.3164 -0.7771 -0.5441
vn 0.3503 -0.8104 -0.4696
vn 0.3855 -0.8351 -0.3924
vn 0.4216 -0.8509 -0.3134
vn 0.4581 -0.8578 -0.2332
vn 0.4581 -0.8577 -0.2332
vn 0.4948 -0.8555 -0.1529
vn 0.5311 -0.8441 -0.0732
vn 0.5668 -0.8238 0.0051
vn 0.6014 -0.7948 0.0810
vn 0.6346 -0.7574 0.1538
vn 0.6661 -0.7119 0.2227
vn 0.6954 -0.6589 0.2870
vn 0.7223 -0.5989 0.3460
vn 0.7223 -0.5989 0.3459
vn 0.7465 -0.5325 0.3990
vn 0.7677 -0.4605 0.4456
vn 0.7858 -0.3836 0.4852
vn 0.8005 -0.3027 0.5174
vn 0.8116 -0.2185 0.5418
vn 0.8191 -0.1320 0.5583
vn 0.8191 -0.1320 0.5582
vn 0.8229 -0.0442 0.5665
vn 0.8745 0.0414 0.4832
vn 0.8710 0.1237 0.4755
vn 0.8710 0.1237 0.4754
vn 0.8640 0.2046 0.4600
vn 0.8535 0.2835 0.4371
vn 0.8398 0.3593 0.4070
vn 0.8229 0.4313 0.3699
vn 0.8030 0.4987 0.3263
vn 0.7803 0.5609 0.2766
vn 0.7551 0.6171 0.2214
vn 0.7277 0.6667 0.1612
vn 0.6982 0.7093 0.0966
vn 0.6671 0.7444 0.0285
vn 0.6347 0.7716 -0.0426
vn 0.6013 0.7906 -0.1159
vn 0.5673 0.8012 -0.1906
vn 0.5329 0.8033 -0.2658
vn 0.4987 0.7969 -0.3409
vn 0.4987 0.7969 -0.3408
vn 0.4649 0.7821 -0.4149
vn 0.4320 0.7590 -0.4872
vn 0.4002 0.7278 -0.5569
vn 0.4001 0.7278 -0.5569
vn 0.3699 0.6889 -0.6233
vn 0.3699 0.6889 -0.6234
vn 0.3414 0.6427 -0.6858
vn 0.3150 0.5897 -0.7436
vn 0.2910 0.5305 -0.7962
vn 0.2697 0.4656 -0.8429
vn 0.2698 0.4656 -0.8429
vn 0.2513 0.3958 -0.8833
vn 0.2360 0.3218 -0.9169
vn 0.2239 0.2444 -0.9435
vn 0.2151 0.1644 -0.9627
vn 0.2098 0.0826 -0.9742
vn 0.2099 0.0826 -0.9742
vn 0.2081 -0.0000 -0.9781
vn 0.2099 -0.0826 -0.9742
vn 0.2098 -0.0826 -0.9742
vn 0.2151 -0.1644 -0.9627
vn 0.2239 -0.2444 -0.9435
vn 0.2360 -0.3218 -0.9169
vn 0.2513 -0.3958 -0.8833
vn 0.2698 -0.4656 -0.8429
vn 0.2697 -0.4656 -0.8429
vn 0.2910 -0.5305 -0.7961
vn 0.2911 -0.5305 -0.7962
vn 0.3150 -0.5897 -0.7436
vn 0.3414 -0.6427 -0.6858
vn 0.3699 -0.6889 -0.6234
vn 0.4002 -0.7278 -0.5569
vn 0.4320 -0.7590 -0.4872
vn 0.4649 -0.7821 -0.4149
vn 0.4987 -0.7969 -0.3409
vn 0.5329 -0.8033 -0.2658
vn 0.5673 -0.8012 -0.1906
vn 0.6013 -0.7906 -0.1159
vn 0.6347 -0.7716 -0.0426
vn 0.6671 -0.7444 0.0284
vn 0.6672 -0.7444 0.0285
vn 0.6982 -0.7093 0.0966
vn 0.7277 -0.6667 0.1612
vn 0.7551 -0.6171 0.2214
vn 0.7803 -0.5609 0.2766
vn 0.7803 -0.5608 0.2766
vn 0.8030 -0.4987 0.3263
vn 0.8229 -0.4313 0.3699
vn 0.8398 -0.3593 0.4070
vn 0.8536 -0.2835 0.4372
vn 0.8535 -0.2835 0.4371
vn 0.8640 -0.2046 0.4600
vn 0.8640 -0.2047 0.4600
vn 0.8710 -0.1237 0.4754
vn 0.8745 -0.0414 0.4832
vn 0.9178 0.0382 0.3952
vn 0.9146 0.1141 0.3880
vn 0.9145 0.1141 0.3880
vn 0.9081 0.1888 0.3738
vn 0.8984 0.2615 0.3527
vn 0.8858 0.3315 0.3249
vn 0.8702 0.3979 0.2907
vn 0.8701 0.3979 0.2907
vn 0.8518 0.4601 0.2505
vn 0.8309 0.5175 0.2046
vn 0.8076 0.5693 0.1536
vn 0.7823 0.6151 0.0981
vn 0.7552 0.6544 0.0386
vn 0.7265 0.6868 -0.0243
vn 0.6966 0.7118 -0.0899
vn 0.6965 0.7118 -0.0899
vn 0.6657 0.7294 -0.1575
vn 0.6343 0.7392 -0.2264
vn 0.6026 0.7412 -0.2958
vn 0.6026 0.7411 -0.2958
vn 0.5711 0.7353 -0.3651
vn 0.5399 0.7216 -0.4334
vn 0.5095 0.7002 -0.5001
vn 0.4802 0.6715 -0.5644
vn 0.4801 0.6715 -0.5644
vn 0.4522 0.6356 -0.6257
vn 0.4259 0.5930 -0.6833
vn 0.4016 0.5441 -0.7367
vn 0.3795 0.4894 -0.7851
vn 0.3795 0.4894 -0.7852
vn 0.3598 0.4296 -0.8282
vn 0.3428 0.3652 -0.8655
vn 0.3287 0.2969 -0.8966
vn 0.3286 0.2969 -0.8966
vn 0.3175 0.2255 -0.9211
vn 0.3094 0.1516 -0.9388
vn 0.3046 0.0762 -0.9494
vn 0.3045 0.0762 -0.9495
vn 0.3029 -0.0000 -0.9530
vn 0.3046 -0.0762 -0.9494
vn 0.3095 -0.1516 -0.9387
vn 0.3094 -0.1517 -0.9388
vn 0.3175 -0.2255 -0.9211
vn 0.3287 -0.2969 -0.8966
vn 0.3428 -0.3652 -0.8655
vn 0.3598 -0.4296 -0.8282
vn 0.3795 -0.4894 -0.7851
vn 0.3795 -0.4895 -0.7851
vn 0.4016 -0.5441 -0.7367
vn 0.4259 -0.5930 -0.6833
vn 0.4522 -0.6356 -0.6257
vn 0.4802 -0.6715 -0.5644
vn 0.4801 -0.6715 -0.5644
vn 0.5095 -0.7002 -0.5001
vn 0.5399 -0.7216 -0.4334
vn 0.5711 -0.7353 -0.3651
vn 0.6026 -0.7411 -0.2958
vn 0.6343 -0.7392 -0.2264
vn 0.6657 -0.7294 -0.1575
vn 0.6966 -0.7118 -0.0900
vn 0.6965 -0.7119 -0.0899
vn 0.7265 -0.6868 -0.0243
vn 0.7265 -0.6868 -0.0244
vn 0.7551 -0.6544 0.0386
vn 0.7552 -0.6544 0.0386
vn 0.7823 -0.6151 0.0981
vn 0.8076 -0.5693 0.1536
vn 0.8309 -0.5175 0.2046
vn 0.8309 -0.5174 0.2046
vn 0.8518 -0.4601 0.2505
vn 0.8702 -0.3979 0.2907
vn 0.8858 -0.3315 0.3249
vn 0.8984 -0.2615 0.3527
vn 0.9081 -0.1888 0.3738
vn 0.9145 -0.1141 0.3880
vn 0.9146 -0.1141 0.3880
vn 0.9178 -0.0382 0.3952
vn 0.9522 0.0346 0.3034
vn 0.9493 0.1034 0.2969
vn 0.9434 0.1712 0.2840
vn 0.9347 0.2371 0.2649
vn 0.9232 0.3005 0.2397
vn 0.9090 0.3607 0.2086
vn 0.8924 0.4171 0.1722
vn 0.8735 0.4691 0.1306
vn 0.8735 0.4690 0.1306
vn 0.8524 0.5161 0.0844
vn 0.8294 0.5576 0.0341
vn 0.8048 0.5932 -0.0199
vn 0.7788 0.6225 -0.0769
vn 0.7517 0.6453 -0.1364
vn 0.7237 0.6612 -0.1977
vn 0.6953 0.6700 -0.2601
vn 0.6666 0.6718 -0.3230
vn 0.6379 0.6665 -0.3858
vn 0.6097 0.6541 -0.4477
vn 0.5821 0.6347 -0.5082
vn 0.5821 0.6348 -0.5082
vn 0.5555 0.6087 -0.5665
vn 0.5302 0.5761 -0.6221
vn 0.5302 0.5762 -0.6221
vn 0.5064 0.5375 -0.6743
vn 0.5063 0.5375 -0.6743
vn 0.4843 0.4932 -0.7226
vn 0.4643 0.4437 -0.7666
vn 0.4465 0.3894 -0.8056
vn 0.4464 0.3894 -0.8056
vn 0.4311 0.3310 -0.8394
vn 0.4310 0.3310 -0.8394
vn 0.4182 0.2691 -0.8676
vn 0.4081 0.2044 -0.8898
vn 0.4008 0.1375 -0.9058
vn 0.3963 0.0691 -0.9155
vn 0.3948 -0.0000 -0.9187
vn 0.3949 -0.0000 -0.9187
vn 0.3963 -0.0691 -0.9155
vn 0.4008 -0.1374 -0.9058
vn 0.4007 -0.1375 -0.9058
vn 0.4081 -0.2044 -0.8898
vn 0.4182 -0.2691 -0.8676
vn 0.4310 -0.3310 -0.8394
vn 0.4311 -0.3310 -0.8394
vn 0.4465 -0.3894 -0.8056
vn 0.4464 -0.3894 -0.8056
vn 0.4643 -0.4436 -0.7666
vn 0.4643 -0.4437 -0.7666
vn 0.4843 -0.4932 -0.7226
vn 0.5064 -0.5375 -0.6743
vn 0.5302 -0.5762 -0.6221
vn 0.5555 -0.6087 -0.5665
vn 0.5821 -0.6347 -0.5082
vn 0.6097 -0.6541 -0.4477
vn 0.6379 -0.6665 -0.3858
vn 0.6666 -0.6718 -0.3230
vn 0.6953 -0.6700 -0.2601
vn 0.7237 -0.6612 -0.1977
vn 0.7517 -0.6453 -0.1364
vn 0.7788 -0.6225 -0.0769
vn 0.8048 -0.5932 -0.0199
vn 0.8294 -0.5576 0.0341
vn 0.8524 -0.5161 0.0844
vn 0.8735 -0.4691 0.1306
vn 0.8735 -0.4690 0.1306
vn 0.8924 -0.4171 0.1722
vn 0.9090 -0.3607 0.2087
vn 0.9090 -0.3607 0.2086
vn 0.9232 -0.3005 0.2397
vn 0.9347 -0.2371 0.2649
vn 0.9434 -0.1712 0.2840
vn 0.9434 -0.1711 0.2840
vn 0.9493 -0.1034 0.2969
vn 0.9522 -0.0346 0.3034
vn 0.9775 0.0307 0.2086
vn 0.9749 0.0917 0.2028
vn 0.9749 0.0918 0.2028
vn 0.9697 0.1518 0.1914
vn 0.9619 0.2103 0.1744
vn 0.9517 0.2666 0.1521
vn 0.9392 0.3200 0.1246
vn 0.9244 0.3700 0.0922
vn 0.9076 0.4161 0.0553
vn 0.8889 0.4578 0.0143
vn 0.8686 0.4947 -0.0303
vn 0.8467 0.5263 -0.0782
vn 0.8236 0.5523 -0.1288
vn 0.7996 0.5724 -0.1815
vn 0.7748 0.5866 -0.2359
vn 0.7748 0.5865 -0.2359
vn 0.7495 0.5944 -0.2913
vn 0.7241 0.5960 -0.3471
vn 0.6987 0.5913 -0.4028
vn 0.6736 0.5803 -0.4577
vn 0.6492 0.5631 -0.5114
vn 0.6256 0.5400 -0.5631
vn 0.6031 0.5111 -0.6124
vn 0.5819 0.4769 -0.6587
vn 0.5820 0.4769 -0.6587
vn 0.5624 0.4375 -0.7016
vn 0.5446 0.3936 -0.7406
vn 0.5288 0.3455 -0.7753
vn 0.5152 0.2937 -0.8052
vn 0.5151 0.2937 -0.8052
vn 0.5037 0.2388 -0.8302
vn 0.5038 0.2387 -0.8302
vn 0.4947 0.1813 -0.8499
vn 0.4883 0.1220 -0.8641
vn 0.4882 0.1220 -0.8641
vn 0.4844 0.0613 -0.8727
vn 0.4831 -0.0000 -0.8756
vn 0.4844 -0.0613 -0.8727
vn 0.4883 -0.1219 -0.8641
vn 0.4948 -0.1813 -0.8499
vn 0.4947 -0.1813 -0.8499
vn 0.5038 -0.2388 -0.8302
vn 0.5037 -0.2387 -0.8302
vn 0.5151 -0.2936 -0.8052
vn 0.5152 -0.2937 -0.8052
vn 0.5288 -0.3455 -0.7753
vn 0.5446 -0.3936 -0.7406
vn 0.5624 -0.4375 -0.7016
vn 0.5820 -0.4769 -0.6587
vn 0.5819 -0.4769 -0.6587
vn 0.6031 -0.5111 -0.6124
vn 0.6256 -0.5400 -0.5631
vn 0.6492 -0.5631 -0.5114
vn 0.6736 -0.5803 -0.4577
vn 0.6987 -0.5913 -0.4028
vn 0.7241 -0.5960 -0.3471
vn 0.7495 -0.5944 -0.2913
vn 0.7748 -0.5865 -0.2359
vn 0.7996 -0.5724 -0.1815
vn 0.7996 -0.5725 -0.1815
vn 0.8237 -0.5523 -0.1288
vn 0.8467 -0.5263 -0.0782
vn 0.8686 -0.4947 -0.0303
vn 0.8889 -0.4578 0.0144
vn 0.8889 -0.4578 0.0143
vn 0.9076 -0.4161 0.0553
vn 0.9244 -0.3700 0.0922
vn 0.9392 -0.3200 0.1246
vn 0.9517 -0.2666 0.1521
vn 0.9619 -0.2103 0.1744
vn 0.9697 -0.1518 0.1914
vn 0.9749 -0.0918 0.2029
vn 0.9749 -0.0917 0.2028
vn 0.9775 -0.0307 0.2086
vn 0.9934 0.0265 0.1118
vn 0.9911 0.0792 0.1068
vn 0.9866 0.1311 0.0970
vn 0.9866 0.1310 0.0970
vn 0.9799 0.1815 0.0823
vn 0.9711 0.2301 0.0630
vn 0.9603 0.2762 0.0393
vn 0.9476 0.3194 0.0113
vn 0.9331 0.3592 -0.0205
vn 0.9169 0.3952 -0.0559
vn 0.8993 0.4270 -0.0944
vn 0.8993 0.4269 -0.0944
vn 0.8805 0.4542 -0.1357
vn 0.8606 0.4767 -0.1794
vn 0.8398 0.4941 -0.2249
vn 0.8184 0.5063 -0.2719
vn 0.7966 0.5131 -0.3197
vn 0.7746 0.5144 -0.3679
vn 0.7527 0.5103 -0.4159
vn 0.7527 0.5104 -0.4159
vn 0.7311 0.5008 -0.4633
vn 0.7099 0.4861 -0.5096
vn 0.7100 0.4860 -0.5096
vn 0.6896 0.4661 -0.5543
vn 0.6702 0.4412 -0.5968
vn 0.6519 0.4116 -0.6368
vn 0.6520 0.4116 -0.6368
vn 0.6351 0.3777 -0.6738
vn 0.6351 0.3777 -0.6739
vn 0.6197 0.3397 -0.7075
vn 0.6061 0.2982 -0.7374
vn 0.5943 0.2535 -0.7633
vn 0.5844 0.2061 -0.7848
vn 0.5845 0.2061 -0.7848
vn 0.5767 0.1565 -0.8018
vn 0.5711 0.1053 -0.8141
vn 0.5677 0.0529 -0.8215
vn 0.5666 -0.0000 -0.8240
vn 0.5677 -0.0529 -0.8215
vn 0.5711 -0.1053 -0.8141
vn 0.5711 -0.1052 -0.8141
vn 0.5767 -0.1565 -0.8018
vn 0.5845 -0.2061 -0.7848
vn 0.5844 -0.2061 -0.7848
vn 0.5943 -0.2535 -0.7633
vn 0.6061 -0.2981 -0.7374
vn 0.6061 -0.2982 -0.7374
vn 0.6197 -0.3397 -0.7075
vn 0.6351 -0.3776 -0.6738
vn 0.6351 -0.3776 -0.6739
vn 0.6520 -0.4116 -0.6368
vn 0.6702 -0.4412 -0.5968
vn 0.6896 -0.4661 -0.5543
vn 0.7100 -0.4860 -0.5096
vn 0.7099 -0.4860 -0.5097
vn 0.7311 -0.5008 -0.4633
vn 0.7311 -0.5009 -0.4633
vn 0.7527 -0.5103 -0.4159
vn 0.7746 -0.5144 -0.3678
vn 0.7746 -0.5144 -0.3679
vn 0.7966 -0.5131 -0.3197
vn 0.8184 -0.5063 -0.2718
vn 0.8184 -0.5063 -0.2719
vn 0.8398 -0.4941 -0.2250
vn 0.8398 -0.4941 -0.2249
vn 0.8606 -0.4767 -0.1794
vn 0.8805 -0.4542 -0.1358
vn 0.8805 -0.4542 -0.1357
vn 0.8993 -0.4270 -0.0944
vn 0.9169 -0.3952 -0.0559
vn 0.9169 -0.3951 -0.0559
vn 0.9330 -0.3592 -0.0205
vn 0.9331 -0.3592 -0.0205
vn 0.9476 -0.3194 0.0113
vn 0.9603 -0.2762 0.0393
vn 0.9711 -0.2301 0.0630
vn 0.9799 -0.1815 0.0823
vn 0.9866 -0.1311 0.0970
vn 0.9911 -0.0792 0.1068
vn 0.9934 -0.0265 0.1118
vn 0.9997 0.0221 0.0139
vn 0.9978 0.0659 0.0098
vn 0.9978 0.0658 0.0098
vn 0.9940 0.1090 0.0016
vn 0.9885 0.1510 -0.0106
vn 0.9812 0.1914 -0.0267
vn 0.9721 0.2297 -0.0464
vn 0.9616 0.2656 -0.0697
vn 0.9615 0.2656 -0.0697
vn 0.9495 0.2987 -0.0961
vn 0.9361 0.3287 -0.1256
vn 0.9214 0.3551 -0.1576
vn 0.9058 0.3778 -0.1920
vn 0.8892 0.3965 -0.2283
vn 0.8719 0.4110 -0.2662
vn 0.8541 0.4211 -0.3052
vn 0.8360 0.4267 -0.3450
vn 0.8177 0.4279 -0.3851
vn 0.7995 0.4245 -0.4250
vn 0.7815 0.4166 -0.4645
vn 0.7815 0.4166 -0.4644
vn 0.7639 0.4043 -0.5030
vn 0.7470 0.3877 -0.5401
vn 0.7470 0.3876 -0.5401
vn 0.7308 0.3670 -0.5756
vn 0.7309 0.3669 -0.5755
vn 0.7157 0.3423 -0.6088
vn 0.7016 0.3142 -0.6396
vn 0.7017 0.3141 -0.6395
vn 0.6888 0.2826 -0.6676
vn 0.6889 0.2825 -0.6676
vn 0.6775 0.2480 -0.6924
vn 0.6677 0.2109 -0.7139
vn 0.6677 0.2108 -0.7139
vn 0.6595 0.1714 -0.7319
vn 0.6531 0.1301 -0.7460
vn 0.6531 0.1302 -0.7460
vn 0.6484 0.0876 -0.7562
vn 0.6456 0.0440 -0.7624
vn 0.6447 -0.0000 -0.7645
vn 0.6447 -0.0000 -0.7644
vn 0.6456 -0.0440 -0.7624
vn 0.6485 -0.0876 -0.7562
vn 0.6484 -0.0876 -0.7562
vn 0.6531 -0.1301 -0.7460
vn 0.6531 -0.1302 -0.7460
vn 0.6595 -0.1714 -0.7319
vn 0.6677 -0.2108 -0.7139
vn 0.6775 -0.2480 -0.6924
vn 0.6889 -0.2825 -0.6676
vn 0.6889 -0.2826 -0.6675
vn 0.7016 -0.3141 -0.6396
vn 0.7157 -0.3423 -0.6088
vn 0.7309 -0.3670 -0.5755
vn 0.7308 -0.3670 -0.5755
vn 0.7470 -0.3876 -0.5401
vn 0.7470 -0.3877 -0.5401
vn 0.7639 -0.4043 -0.5030
vn 0.7640 -0.4042 -0.5029
vn 0.7815 -0.4166 -0.4645
vn 0.7995 -0.4245 -0.4250
vn 0.7995 -0.4245 -0.4251
vn 0.8177 -0.4279 -0.3851
vn 0.8177 -0.4279 -0.3850
vn 0.8360 -0.4267 -0.3450
vn 0.8360 -0.4268 -0.3450
vn 0.8541 -0.4211 -0.3052
vn 0.8719 -0.4110 -0.2662
vn 0.8892 -0.3965 -0.2283
vn 0.9058 -0.3778 -0.1920
vn 0.9214 -0.3551 -0.1576
vn 0.9361 -0.3287 -0.1256
vn 0.9495 -0.2987 -0.0962
vn 0.9495 -0.2987 -0.0961
vn 0.9616 -0.2656 -0.0697
vn 0.9722 -0.2297 -0.0464
vn 0.9721 -0.2297 -0.0465
vn 0.9812 -0.1914 -0.0267
vn 0.9885 -0.1510 -0.0106
vn 0.9940 -0.1090 0.0016
vn 0.9978 -0.0659 0.0098
vn 0.9997 -0.0220 0.0139
vn 0.9997 -0.0221 0.0139
vn 0.9997 0.0220 0.0139
vn 0.9963 0.0174 -0.0842
vn 0.9948 0.0519 -0.0874
vn 0.9919 0.0859 -0.0939
vn 0.9875 0.1190 -0.1035
vn 0.9817 0.1508 -0.1162
vn 0.9746 0.1810 -0.1317
vn 0.9663 0.2093 -0.1500
vn 0.9568 0.2354 -0.1709
vn 0.9462 0.2590 -0.1941
vn 0.9347 0.2798 -0.2193
vn 0.9223 0.2977 -0.2464
vn 0.9093 0.3124 -0.2750
vn 0.8956 0.3238 -0.3049
vn 0.8816 0.3318 -0.3356
vn 0.8673 0.3363 -0.3670
vn 0.8530 0.3371 -0.3985
vn 0.8529 0.3372 -0.3985
vn 0.8386 0.3345 -0.4300
vn 0.8244 0.3283 -0.4611
vn 0.8244 0.3283 -0.4612
vn 0.8105 0.3186 -0.4915
vn 0.7972 0.3055 -0.5207
vn 0.7845 0.2892 -0.5486
vn 0.7844 0.2892 -0.5487
vn 0.7725 0.2698 -0.5749
vn 0.7725 0.2698 -0.5748
vn 0.7615 0.2475 -0.5991
vn 0.7614 0.2476 -0.5991
vn 0.7514 0.2226 -0.6211
vn 0.7514 0.2226 -0.6212
vn 0.7424 0.1955 -0.6407
vn 0.7424 0.1954 -0.6408
vn 0.7347 0.1661 -0.6577
vn 0.7283 0.1351 -0.6718
vn 0.7283 0.1350 -0.6718
vn 0.7232 0.1026 -0.6830
vn 0.7195 0.0690 -0.6910
vn 0.7173 0.0346 -0.6959
vn 0.7173 0.0347 -0.6959
vn 0.7166 -0.0000 -0.6975
vn 0.7173 -0.0346 -0.6959
vn 0.7173 -0.0347 -0.6959
vn 0.7195 -0.0690 -0.6910
vn 0.7232 -0.1025 -0.6830
vn 0.7232 -0.1026 -0.6830
vn 0.7283 -0.1351 -0.6718
vn 0.7347 -0.1661 -0.6577
vn 0.7425 -0.1955 -0.6407
vn 0.7514 -0.2227 -0.6212
vn 0.7514 -0.2226 -0.6212
vn 0.7614 -0.2475 -0.5991
vn 0.7615 -0.2476 -0.5991
vn 0.7725 -0.2698 -0.5748
vn 0.7845 -0.2892 -0.5486
vn 0.7972 -0.3054 -0.5208
vn 0.7972 -0.3055 -0.5207
vn 0.8105 -0.3186 -0.4915
vn 0.8244 -0.3283 -0.4611
vn 0.8385 -0.3345 -0.4301
vn 0.8386 -0.3345 -0.4300
vn 0.8530 -0.3371 -0.3985
vn 0.8529 -0.3372 -0.3985
vn 0.8673 -0.3363 -0.3670
vn 0.8816 -0.3318 -0.3356
vn 0.8957 -0.3238 -0.3048
vn 0.8956 -0.3239 -0.3049
vn 0.9093 -0.3124 -0.2750
vn 0.9092 -0.3124 -0.2750
vn 0.9223 -0.2977 -0.2464
vn 0.9347 -0.2798 -0.2193
vn 0.9462 -0.2590 -0.1941
vn 0.9568 -0.2354 -0.1709
vn 0.9663 -0.2093 -0.1500
vn 0.9746 -0.1810 -0.1317
vn 0.9817 -0.1508 -0.1161
vn 0.9817 -0.1508 -0.1162
vn 0.9875 -0.1190 -0.1035
vn 0.9919 -0.0859 -0.0939
vn 0.9948 -0.0519 -0.0874
vn 0.9963 -0.0174 -0.0842
vn 0.9833 0.0125 -0.1814
vn 0.9823 0.0374 -0.1838
vn 0.9823 0.0375 -0.1838
vn 0.9801 0.0620 -0.1884
vn 0.9801 0.0619 -0.1884
vn 0.9770 0.0859 -0.1954
vn 0.9770 0.0858 -0.1954
vn 0.9728 0.1088 -0.2045
vn 0.9677 0.1306 -0.2157
vn 0.9617 0.1510 -0.2289
vn 0.9548 0.1698 -0.2440
vn 0.9472 0.1868 -0.2607
vn 0.9389 0.2018 -0.2789
vn 0.9299 0.2147 -0.2985
vn 0.9299 0.2148 -0.2985
vn 0.9205 0.2253 -0.3191
vn 0.9205 0.2254 -0.3191
vn 0.9107 0.2336 -0.3407
vn 0.9107 0.2336 -0.3406
vn 0.9006 0.2393 -0.3628
vn 0.8903 0.2425 -0.3854
vn 0.8903 0.2426 -0.3855
vn 0.8799 0.2432 -0.4081
vn 0.8799 0.2432 -0.4082
vn 0.8695 0.2413 -0.4310
vn 0.8695 0.2413 -0.4309
vn 0.8593 0.2368 -0.4533
vn 0.8593 0.2368 -0.4534
vn 0.8494 0.2298 -0.4752
vn 0.8493 0.2298 -0.4752
vn 0.8397 0.2204 -0.4963
vn 0.8305 0.2086 -0.5165
vn 0.8306 0.2086 -0.5164
vn 0.8219 0.1946 -0.5354
vn 0.8139 0.1786 -0.5529
vn 0.8139 0.1786 -0.5528
vn 0.8067 0.1605 -0.5687
vn 0.8066 0.1606 -0.5688
vn 0.8002 0.1410 -0.5829
vn 0.8003 0.1410 -0.5828
vn 0.7947 0.1198 -0.5951
vn 0.7946 0.1198 -0.5952
vn 0.7900 0.0974 -0.6053
vn 0.7863 0.0740 -0.6134
vn 0.7863 0.0740 -0.6133
vn 0.7837 0.0498 -0.6192
vn 0.7821 0.0250 -0.6227
vn 0.7816 -0.0000 -0.6238
vn 0.7815 -0.0000 -0.6239
vn 0.7821 -0.0249 -0.6227
vn 0.7821 -0.0250 -0.6227
vn 0.7837 -0.0498 -0.6192
vn 0.7863 -0.0740 -0.6133
vn 0.7863 -0.0739 -0.6134
vn 0.7900 -0.0974 -0.6053
vn 0.7946 -0.1198 -0.5952
vn 0.8002 -0.1410 -0.5829
vn 0.8067 -0.1606 -0.5687
vn 0.8139 -0.1785 -0.5529
vn 0.8219 -0.1946 -0.5353
vn 0.8219 -0.1946 -0.5354
vn 0.8305 -0.2085 -0.5164
vn 0.8305 -0.2086 -0.5164
vn 0.8397 -0.2203 -0.4963
vn 0.8397 -0.2203 -0.4964
vn 0.8493 -0.2298 -0.4753
vn 0.8493 -0.2298 -0.4752
vn 0.8593 -0.2367 -0.4533
vn 0.8593 -0.2368 -0.4534
vn 0.8696 -0.2413 -0.4308
vn 0.8695 -0.2413 -0.4309
vn 0.8799 -0.2432 -0.4083
vn 0.8799 -0.2432 -0.4082
vn 0.8903 -0.2426 -0.3854
vn 0.9006 -0.2393 -0.3628
vn 0.9107 -0.2336 -0.3406
vn 0.9205 -0.2254 -0.3191
vn 0.9300 -0.2147 -0.2984
vn 0.9388 -0.2019 -0.2789
vn 0.9389 -0.2019 -0.2789
vn 0.9472 -0.1868 -0.2606
vn 0.9472 -0.1868 -0.2607
vn 0.9548 -0.1698 -0.2440
vn 0.9617 -0.1510 -0.2289
vn 0.9617 -0.1510 -0.2290
vn 0.9677 -0.1306 -0.2157
vn 0.9728 -0.1088 -0.2045
vn 0.9770 -0.0858 -0.1954
vn 0.9801 -0.0620 -0.1884
vn 0.9801 -0.0620 -0.1885
vn 0.9823 -0.0374 -0.1838
vn 0.9833 -0.0125 -0.1814
vn 0.9833 -0.0125 -0.1815
vn 0.9609 0.0075 -0.2770
vn 0.9602 0.0226 -0.2784
vn 0.9589 0.0374 -0.2812
vn 0.9570 0.0518 -0.2854
vn 0.9570 0.0519 -0.2854
vn 0.9545 0.0658 -0.2909
vn 0.9545 0.0657 -0.2909
vn 0.9514 0.0789 -0.2977
vn 0.9478 0.0911 -0.3056
vn 0.9478 0.0912 -0.3056
vn 0.9436 0.1026 -0.3147
vn 0.9436 0.1025 -0.3147
vn 0.9390 0.1128 -0.3248
vn 0.9340 0.1219 -0.3359
vn 0.9340 0.1219 -0.3358
vn 0.9286 0.1296 -0.3476
vn 0.9286 0.1297 -0.3476
vn 0.9229 0.1361 -0.3602
vn 0.9229 0.1361 -0.3601
vn 0.9170 0.1411 -0.3732
vn 0.9170 0.1411 -0.3731
vn 0.9108 0.1446 -0.3867
vn 0.9109 0.1445 -0.3864
vn 0.9047 0.1465 -0.4001
vn 0.8984 0.1469 -0.4139
vn 0.8921 0.1457 -0.4278
vn 0.8921 0.1457 -0.4276
vn 0.8859 0.1430 -0.4413
vn 0.8860 0.1430 -0.4412
vn 0.8800 0.1388 -0.4543
vn 0.8799 0.1388 -0.4544
vn 0.8741 0.1331 -0.4671
vn 0.8742 0.1331 -0.4671
vn 0.8686 0.1260 -0.4793
vn 0.8686 0.1259 -0.4793
vn 0.8633 0.1175 -0.4909
vn 0.8634 0.1175 -0.4907
vn 0.8586 0.1079 -0.5011
vn 0.8586 0.1079 -0.5012
vn 0.8542 0.0970 -0.5108
vn 0.8541 0.0970 -0.5109
vn 0.8502 0.0851 -0.5195
vn 0.8503 0.0852 -0.5194
vn 0.8469 0.0723 -0.5268
vn 0.8469 0.0724 -0.5268
vn 0.8441 0.0589 -0.5329
vn 0.8441 0.0588 -0.5329
vn 0.8419 0.0446 -0.5378
vn 0.8419 0.0447 -0.5378
vn 0.8403 0.0301 -0.5412
vn 0.8403 0.0301 -0.5413
vn 0.8393 0.0151 -0.5434
vn 0.8393 0.0150 -0.5434
vn 0.8390 -0.0000 -0.5441
vn 0.8393 -0.0151 -0.5434
vn 0.8393 -0.0150 -0.5434
vn 0.8403 -0.0300 -0.5413
vn 0.8403 -0.0301 -0.5413
vn 0.8419 -0.0448 -0.5378
vn 0.8419 -0.0447 -0.5378
vn 0.8441 -0.0588 -0.5329
vn 0.8469 -0.0723 -0.5269
vn 0.8469 -0.0723 -0.5268
vn 0.8503 -0.0851 -0.5194
vn 0.8503 -0.0852 -0.5194
vn 0.8541 -0.0970 -0.5109
vn 0.8542 -0.0970 -0.5109
vn 0.8585 -0.1079 -0.5013
vn 0.8585 -0.1078 -0.5013
vn 0.8634 -0.1176 -0.4906
vn 0.8634 -0.1175 -0.4906
vn 0.8686 -0.1260 -0.4793
vn 0.8686 -0.1259 -0.4793
vn 0.8741 -0.1331 -0.4672
vn 0.8741 -0.1331 -0.4671
vn 0.8799 -0.1387 -0.4545
vn 0.8799 -0.1388 -0.4544
vn 0.8860 -0.1430 -0.4410
vn 0.8859 -0.1430 -0.4413
vn 0.8921 -0.1457 -0.4276
vn 0.8922 -0.1457 -0.4275
vn 0.8984 -0.1469 -0.4138
vn 0.8983 -0.1469 -0.4140
vn 0.9047 -0.1465 -0.4000
vn 0.9047 -0.1465 -0.4001
vn 0.9109 -0.1445 -0.3866
vn 0.9109 -0.1446 -0.3865
vn 0.9170 -0.1410 -0.3730
vn 0.9170 -0.1411 -0.3731
vn 0.9230 -0.1361 -0.3600
vn 0.9229 -0.1361 -0.3601
vn 0.9286 -0.1297 -0.3477
vn 0.9286 -0.1297 -0.3476
vn 0.9340 -0.1219 -0.3359
vn 0.9390 -0.1128 -0.3248
vn 0.9436 -0.1026 -0.3147
vn 0.9436 -0.1026 -0.3148
vn 0.9478 -0.0912 -0.3056
vn 0.9514 -0.0788 -0.2977
vn 0.9514 -0.0789 -0.2977
vn 0.9545 -0.0657 -0.2909
vn 0.9570 -0.0518 -0.2854
vn 0.9589 -0.0375 -0.2812
vn 0.9589 -0.0374 -0.2812
vn 0.9602 -0.0225 -0.2783
vn 0.9602 -0.0226 -0.2784
vn 0.9609 -0.0076 -0.2770
vn 0.9609 0.0076 -0.2769
vn 0.9098 -0.0001 -0.4150
vn -0.0001 1.0000 -0.0001
vn 0.0002 1.0000 -0.0004
vn 0.0001 -1.0000 -0.0000
vn -0.0000 -1.0000 0.0001
vn -0.0000 -1.0000 -0.0001
vn -0.0001 -1.0000 -0.0000
vn 0.0001 -1.0000 -0.0001
vn 0.0004 -1.0000 -0.0000
vn -0.8939 -0.2992 -0.3339
vn -0.8009 -0.5187 -0.2992
vn -0.8042 -0.5127 -0.3006
vn -0.8751 -0.3568 -0.3269
vn -0.8841 -0.3331 -0.3278
vn -0.8664 -0.3803 -0.3236
vn -0.8348 -0.4538 -0.3118
vn -0.8534 -0.4155 -0.3148
vn -0.8333 -0.4571 -0.3108
vn -0.9041 -0.2618 -0.3377
vn -0.9152 -0.2204 -0.3374
vn -0.9057 -0.2567 -0.3374
vn -0.9354 -0.0636 -0.3479
vn -0.9312 -0.1090 -0.3478
vn -0.9234 -0.1686 -0.3449
vn -0.9283 -0.1413 -0.3438
vn -0.9202 -0.1871 -0.3438
vn -0.9379 -0.0318 -0.3454
vn -0.9340 -0.0767 -0.3489
vn -0.9368 0.0003 -0.3499
vn -0.9370 0.0145 -0.3490
vn -0.9358 0.0459 -0.3496
vn -0.9339 0.0777 -0.3489
vn -0.9319 0.1059 -0.3469
vn -0.9296 0.1236 -0.3473
vn -0.9254 0.1556 -0.3457
vn -0.9183 0.1981 -0.3427
vn -0.9197 0.1917 -0.3426
vn -0.8964 0.2918 -0.3336
vn -0.9028 0.2670 -0.3372
vn -0.9107 0.2344 -0.3402
vn -0.8460 0.4295 -0.3160
vn -0.8630 0.3894 -0.3218
vn -0.8638 0.3874 -0.3220
vn -0.8784 0.3475 -0.3281
vn -0.8893 0.3143 -0.3322
vn -0.8300 0.4636 -0.3101
vn -0.8196 0.4851 -0.3049
vn -0.8042 0.5128 -0.3004
vn -0.0001 1.0000 -0.0000
vn -0.0000 1.0000 -0.0002
vn 0.0001 1.0000 0.0003
vn 0.0001 1.0000 0.0001
vn 0.0001 1.0000 -0.0000
vn 0.0002 1.0000 0.0001
vn -0.0001 1.0000 -0.0005
vn 0.0004 1.0000 -0.0016
vn 0.9367 0.0156 0.3499
vn 0.8009 0.5187 0.2992
vn 0.8008 0.5189 0.2991
vn 0.8347 0.4538 0.3118
vn 0.8472 0.4245 0.3195
vn 0.8257 0.4724 0.3084
vn 0.9041 0.2618 0.3377
vn 0.9089 0.2385 0.3420
vn 0.8979 0.2850 0.3354
vn 0.8751 0.3568 0.3269
vn 0.8832 0.3305 0.3327
vn 0.8674 0.3777 0.3240
vn 0.9340 0.0767 0.3489
vn 0.9345 0.0587 0.3511
vn 0.9317 0.1044 0.3480
vn 0.9234 0.1686 0.3449
vn 0.9257 0.1480 0.3481
vn 0.9190 0.1940 0.3433
vn 0.9358 -0.0301 0.3513
vn 0.9367 -0.0145 0.3499
vn 0.9343 -0.0731 0.3490
vn 0.9312 -0.1059 0.3489
vn 0.9301 -0.1189 0.3474
vn 0.9243 -0.1624 0.3453
vn 0.9179 -0.1981 0.3438
vn 0.9161 -0.2087 0.3422
vn 0.9063 -0.2528 0.3386
vn 0.8958 -0.2918 0.3353
vn 0.8936 -0.2999 0.3338
vn 0.8793 -0.3449 0.3285
vn 0.8634 -0.3874 0.3230
vn 0.8614 -0.3930 0.3218
vn 0.8417 -0.4389 0.3144
vn 0.8191 -0.4851 0.3062
vn 0.8177 -0.4879 0.3055
vn 0.0001 -1.0000 0.0001
vn -0.0001 -1.0000 0.0002
vn -0.7010 -0.0000 -0.7131
vn -0.4148 -0.0000 -0.9099
vn 0.2668 -0.0000 -0.9638
vn 0.4302 -0.0000 -0.9028
vn 0.8239 -0.0000 -0.5667
vn -0.7130 -0.0000 0.7012
vn -0.0790 -0.0000 -0.9969
vn 0.0786 -0.0000 0.9969
vn -0.5806 -0.0000 0.8142
vn -0.0789 -0.0000 -0.9969
vn -0.9680 -0.0000 0.2508
vn -0.7012 -0.0000 -0.7129
vn -0.5665 -0.0000 -0.8241
vn 0.7131 -0.0000 -0.7010
vn -0.5803 -0.0000 0.8144
vn -0.4149 -0.0000 -0.9098
vn -0.9637 -0.0000 -0.2671
vn 0.4305 -0.0000 -0.9026
vn 0.5803 -0.0000 -0.8144
vn -0.5807 -0.0000 0.8142
vn 0.9680 -0.0000 -0.2508
vn -0.7131 -0.0000 0.7010
vn 0.0385 0.9992 0.0144
vn 0.0784 0.9965 0.0295
vn 0.1168 0.9922 0.0436
vn 0.1942 0.9783 0.0725
vn 0.2333 0.9685 0.0874
vn 0.2704 0.9574 0.1010
vn 0.3446 0.9299 0.1287
vn 0.3815 0.9133 0.1427
vn 0.4164 0.8958 0.1556
vn 0.4857 0.8551 0.1814
vn 0.5191 0.8324 0.1941
vn 0.5511 0.8086 0.2059
vn 0.6132 0.7560 0.2291
vn 0.6420 0.7282 0.2400
vn 0.6704 0.6985 0.2504
vn 0.7231 0.6357 0.2701
vn 0.7469 0.6034 0.2792
vn 0.7705 0.5687 0.2878
vn -0.7705 0.5688 -0.2878
vn -0.7471 0.6034 -0.2788
vn -0.7231 0.6357 -0.2701
vn -0.6703 0.6986 -0.2504
vn -0.6422 0.7281 -0.2397
vn -0.6131 0.7561 -0.2290
vn -0.5512 0.8086 -0.2059
vn -0.5192 0.8324 -0.1937
vn -0.4858 0.8550 -0.1815
vn -0.4166 0.8957 -0.1556
vn -0.3816 0.9133 -0.1423
vn -0.3447 0.9298 -0.1288
vn -0.0785 0.9965 -0.0293
vn -0.0389 0.9991 -0.0141
vn -0.1167 0.9922 -0.0436
vn -0.2333 0.9685 -0.0872
vn -0.1948 0.9782 -0.0723
vn -0.2704 0.9574 -0.1010
vn 0.7705 -0.5688 0.2878
vn 0.7469 -0.6034 0.2792
vn 0.7231 -0.6358 0.2701
vn 0.6703 -0.6986 0.2504
vn 0.6420 -0.7282 0.2400
vn 0.6131 -0.7561 0.2290
vn 0.5512 -0.8085 0.2059
vn 0.5191 -0.8324 0.1941
vn 0.4858 -0.8550 0.1815
vn 0.4166 -0.8957 0.1556
vn 0.3815 -0.9133 0.1427
vn 0.3448 -0.9298 0.1288
vn 0.0785 -0.9965 0.0293
vn 0.0386 -0.9991 0.0149
vn 0.1167 -0.9922 0.0436
vn 0.2333 -0.9685 0.0872
vn 0.1944 -0.9782 0.0731
vn 0.2704 -0.9574 0.1010
vn -0.0385 -0.9992 -0.0144
vn -0.0786 -0.9965 -0.0291
vn -0.1168 -0.9922 -0.0436
vn -0.1942 -0.9783 -0.0726
vn -0.2334 -0.9685 -0.0870
vn -0.2703 -0.9575 -0.1010
vn -0.3446 -0.9299 -0.1287
vn -0.3817 -0.9133 -0.1423
vn -0.4164 -0.8958 -0.1556
vn -0.4857 -0.8551 -0.1814
vn -0.5192 -0.8324 -0.1937
vn -0.5511 -0.8086 -0.2059
vn -0.6132 -0.7560 -0.2291
vn -0.6422 -0.7281 -0.2397
vn -0.6704 -0.6985 -0.2504
vn -0.7232 -0.6357 -0.2701
vn -0.7471 -0.6034 -0.2788
vn -0.7705 -0.5688 -0.2878
s 0
f 1//1 2//1 3//1
f 4//1 5//1 6//1
f 7//1 8//1 9//1
f 10//1 11//1 12//1
f 13//1 14//1 15//1
f 16//1 17//1 18//1
f 19//1 20//1 21//1
f 21//1 20//1 22//1
f 21//1 22//1 23//1
f 23//1 22//1 24//1
f 19//1 25//1 20//1
f 20//1 25//1 26//1
f 20//1 26//1 27//1
f 27//1 26//1 28//1
f 27//1 28//1 29//1
f 29//1 28//1 30//1
f 29//1 30//1 31//1
f 31//1 30//1 32//1
f 22//1 16//1 24//1
f 24//1 16//1 18//1
f 24//1 18//1 33//1
f 33//1 18//1 34//1
f 14//1 13//1 18//1
f 18//1 13//1 35//1
f 18//1 35//1 34//1
f 36//1 37//1 15//1
f 15//1 37//1 38//1
f 15//1 38//1 13//1
f 39//1 40//1 41//1
f 41//1 40//1 36//1
f 42//1 12//1 41//1
f 41//1 12//1 11//1
f 41//1 11//1 39//1
f 43//1 44//1 12//1
f 12//1 44//1 45//1
f 12//1 45//1 10//1
f 46//1 47//1 48//1
f 48//1 47//1 49//1
f 48//1 49//1 50//1
f 50//1 49//1 51//1
f 50//1 51//1 52//1
f 52//1 51//1 53//1
f 52//1 53//1 54//1
f 54//1 53//1 55//1
f 54//1 55//1 56//1
f 56//1 55//1 57//1
f 56//1 57//1 58//1
f 58//1 57//1 59//1
f 58//1 59//1 60//1
f 60//1 59//1 61//1
f 60//1 61//1 43//1
f 43//1 61//1 62//1
f 43//1 62//1 44//1
f 63//1 64//1 65//1
f 65//1 64//1 66//1
f 65//1 66//1 67//1
f 67//1 68//1 65//1
f 65//1 68//1 69//1
f 65//1 69//1 46//1
f 46//1 69//1 70//1
f 46//1 70//1 47//1
f 71//1 72//1 73//1
f 73//1 72//1 74//1
f 73//1 74//1 63//1
f 75//1 76//1 77//1
f 77//1 76//1 78//1
f 77//1 78//1 79//1
f 79//1 78//1 80//1
f 75//1 81//1 76//1
f 76//1 81//1 82//1
f 76//1 82//1 83//1
f 83//1 82//1 84//1
f 83//1 84//1 85//1
f 80//1 78//1 86//1
f 86//1 78//1 87//1
f 86//1 87//1 88//1
f 88//1 87//1 89//1
f 88//1 89//1 90//1
f 85//1 91//1 83//1
f 83//1 91//1 92//1
f 83//1 92//1 73//1
f 73//1 92//1 93//1
f 73//1 93//1 71//1
f 30//1 94//1 32//1
f 32//1 94//1 95//1
f 32//1 95//1 96//1
f 96//1 95//1 97//1
f 96//1 97//1 98//1
f 98//1 97//1 90//1
f 98//1 90//1 99//1
f 99//1 90//1 89//1
f 100//1 101//1 102//1
f 103//1 104//1 105//1
f 105//1 104//1 106//1
f 102//1 107//1 100//1
f 100//1 107//1 108//1
f 100//1 108//1 105//1
f 105//1 108//1 109//1
f 105//1 109//1 103//1
f 106//1 110//1 105//1
f 105//1 110//1 111//1
f 105//1 111//1 112//1
f 112//1 111//1 113//1
f 112//1 113//1 114//1
f 115//1 116//1 42//1
f 116//1 117//1 42//1
f 42//1 117//1 118//1
f 42//1 118//1 100//1
f 100//1 118//1 119//1
f 100//1 119//1 101//1
f 120//1 121//1 41//1
f 41//1 121//1 122//1
f 41//1 122//1 42//1
f 42//1 122//1 123//1
f 42//1 123//1 115//1
f 36//1 15//1 41//1
f 41//1 15//1 124//1
f 41//1 124//1 120//1
f 125//1 126//1 15//1
f 15//1 126//1 127//1
f 15//1 127//1 124//1
f 7//1 9//1 128//1
f 129//1 130//1 9//1
f 9//1 130//1 131//1
f 9//1 131//1 128//1
f 114//1 132//1 112//1
f 112//1 132//1 133//1
f 112//1 133//1 134//1
f 134//1 133//1 135//1
f 135//1 136//1 134//1
f 134//1 136//1 137//1
f 134//1 137//1 129//1
f 138//1 139//1 134//1
f 134//1 139//1 140//1
f 134//1 140//1 141//1
f 142//1 143//1 144//1
f 129//1 9//1 134//1
f 134//1 9//1 145//1
f 134//1 145//1 138//1
f 141//1 146//1 134//1
f 134//1 146//1 147//1
f 134//1 147//1 144//1
f 144//1 147//1 148//1
f 144//1 148//1 142//1
f 149//1 150//1 9//1
f 9//1 150//1 151//1
f 9//1 151//1 152//1
f 152//1 153//1 9//1
f 9//1 153//1 154//1
f 9//1 154//1 145//1
f 155//1 156//1 157//1
f 157//1 156//1 158//1
f 157//1 158//1 9//1
f 9//1 158//1 159//1
f 9//1 159//1 149//1
f 2//1 160//1 157//1
f 157//1 160//1 161//1
f 157//1 161//1 155//1
f 162//1 163//1 2//1
f 2//1 163//1 164//1
f 1//1 165//1 2//1
f 2//1 165//1 166//1
f 2//1 166//1 162//1
f 164//1 167//1 2//1
f 2//1 167//1 168//1
f 2//1 168//1 160//1
f 169//1 170//1 1//1
f 1//1 170//1 171//1
f 1//1 171//1 165//1
f 143//1 172//1 144//1
f 144//1 172//1 173//1
f 144//1 173//1 174//1
f 174//1 173//1 175//1
f 174//1 175//1 1//1
f 1//1 175//1 176//1
f 1//1 176//1 169//1
f 177//1 178//1 179//1
f 180//1 181//1 182//1
f 177//1 179//1 183//1
f 182//1 184//1 180//1
f 180//1 184//1 185//1
f 180//1 185//1 179//1
f 179//1 185//1 186//1
f 179//1 186//1 183//1
f 178//1 187//1 179//1
f 179//1 187//1 188//1
f 179//1 188//1 189//1
f 188//1 190//1 189//1
f 189//1 190//1 191//1
f 189//1 191//1 192//1
f 192//1 193//1 189//1
f 189//1 193//1 194//1
f 189//1 194//1 195//1
f 195//1 196//1 189//1
f 189//1 196//1 197//1
f 189//1 197//1 198//1
f 198//1 199//1 200//1
f 199//1 201//1 200//1
f 200//1 201//1 202//1
f 200//1 202//1 203//1
f 204//1 205//1 112//1
f 205//1 206//1 112//1
f 112//1 206//1 207//1
f 112//1 207//1 208//1
f 209//1 210//1 105//1
f 208//1 211//1 112//1
f 112//1 211//1 212//1
f 112//1 212//1 105//1
f 105//1 212//1 213//1
f 105//1 213//1 209//1
f 210//1 214//1 105//1
f 105//1 214//1 215//1
f 105//1 215//1 180//1
f 180//1 215//1 216//1
f 180//1 216//1 181//1
f 217//1 218//1 219//1
f 219//1 220//1 217//1
f 217//1 220//1 221//1
f 217//1 221//1 73//1
f 73//1 221//1 222//1
f 73//1 222//1 223//1
f 223//1 224//1 73//1
f 73//1 224//1 225//1
f 73//1 225//1 226//1
f 227//1 228//1 229//1
f 228//1 227//1 230//1
f 230//1 227//1 83//1
f 230//1 83//1 231//1
f 232//1 233//1 234//1
f 234//1 233//1 227//1
f 234//1 227//1 235//1
f 235//1 227//1 229//1
f 236//1 237//1 217//1
f 217//1 237//1 238//1
f 217//1 238//1 239//1
f 239//1 240//1 217//1
f 217//1 240//1 241//1
f 217//1 241//1 218//1
f 242//1 83//1 243//1
f 243//1 83//1 244//1
f 242//1 245//1 83//1
f 83//1 245//1 246//1
f 83//1 246//1 231//1
f 232//1 247//1 233//1
f 233//1 247//1 248//1
f 233//1 248//1 217//1
f 217//1 248//1 249//1
f 217//1 249//1 236//1
f 226//1 250//1 73//1
f 73//1 250//1 251//1
f 73//1 251//1 252//1
f 252//1 253//1 73//1
f 73//1 253//1 254//1
f 73//1 254//1 83//1
f 83//1 254//1 255//1
f 83//1 255//1 244//1
f 256//1 257//1 217//1
f 258//1 259//1 6//1
f 6//1 259//1 260//1
f 6//1 260//1 261//1
f 256//1 217//1 262//1
f 6//1 263//1 264//1
f 264//1 265//1 6//1
f 6//1 265//1 266//1
f 6//1 266//1 258//1
f 257//1 267//1 217//1
f 217//1 267//1 268//1
f 217//1 268//1 269//1
f 270//1 271//1 233//1
f 272//1 273//1 274//1
f 274//1 273//1 233//1
f 274//1 233//1 275//1
f 276//1 277//1 278//1
f 278//1 277//1 279//1
f 271//1 280//1 233//1
f 233//1 280//1 281//1
f 233//1 281//1 275//1
f 279//1 282//1 278//1
f 278//1 282//1 283//1
f 278//1 283//1 6//1
f 6//1 283//1 284//1
f 6//1 284//1 263//1
f 272//1 285//1 273//1
f 273//1 285//1 286//1
f 273//1 286//1 278//1
f 278//1 286//1 287//1
f 278//1 287//1 276//1
f 269//1 288//1 217//1
f 217//1 288//1 289//1
f 217//1 289//1 290//1
f 290//1 291//1 217//1
f 217//1 291//1 292//1
f 217//1 292//1 233//1
f 233//1 292//1 293//1
f 233//1 293//1 270//1
f 6//1 5//1 278//1
f 278//1 5//1 294//1
f 278//1 294//1 295//1
f 296//1 294//1 297//1
f 297//1 294//1 298//1
f 296//1 299//1 294//1
f 294//1 299//1 300//1
f 294//1 300//1 295//1
f 301//1 6//1 302//1
f 302//1 6//1 303//1
f 304//1 305//1 6//1
f 6//1 305//1 306//1
f 6//1 306//1 4//1
f 301//1 307//1 6//1
f 6//1 307//1 308//1
f 6//1 308//1 304//1
f 261//1 262//1 6//1
f 6//1 262//1 217//1
f 6//1 217//1 303//1
f 303//1 217//1 309//1
f 63//1 65//1 73//1
f 73//1 65//1 310//1
f 73//1 310//1 217//1
f 217//1 310//1 311//1
f 217//1 311//1 309//1
f 198//1 200//1 189//1
f 189//1 200//1 312//1
f 189//1 312//1 313//1
f 314//1 315//1 312//1
f 312//1 315//1 316//1
f 316//1 317//1 312//1
f 312//1 317//1 318//1
f 312//1 318//1 313//1
f 313//1 318//1 319//1
f 313//1 319//1 320//1
f 321//1 322//1 323//1
f 323//1 322//1 313//1
f 323//1 313//1 324//1
f 324//1 313//1 325//1
f 320//1 326//1 313//1
f 313//1 326//1 327//1
f 313//1 327//1 325//1
f 328//1 329//1 312//1
f 312//1 329//1 330//1
f 312//1 330//1 314//1
f 321//1 331//1 322//1
f 322//1 331//1 332//1
f 322//1 332//1 333//1
f 333//1 334//1 322//1
f 322//1 334//1 335//1
f 322//1 335//1 336//1
f 337//1 338//1 339//1
f 340//1 341//1 337//1
f 341//1 342//1 337//1
f 337//1 342//1 343//1
f 337//1 343//1 344//1
f 344//1 345//1 337//1
f 337//1 345//1 346//1
f 337//1 346//1 338//1
f 339//1 347//1 337//1
f 337//1 347//1 348//1
f 337//1 348//1 312//1
f 312//1 348//1 349//1
f 312//1 349//1 328//1
f 336//1 350//1 322//1
f 322//1 350//1 351//1
f 322//1 351//1 340//1
f 340//1 337//1 322//1
f 322//1 337//1 352//1
f 322//1 352//1 353//1
f 203//1 204//1 200//1
f 200//1 204//1 112//1
f 200//1 112//1 312//1
f 312//1 112//1 134//1
f 312//1 134//1 337//1
f 337//1 134//1 144//1
f 337//1 144//1 352//1
f 352//1 144//1 174//1
f 8//1 125//1 9//1
f 9//1 125//1 15//1
f 9//1 15//1 157//1
f 157//1 15//1 14//1
f 157//1 14//1 2//1
f 2//1 14//1 18//1
f 2//1 18//1 3//1
f 3//1 18//1 17//1
f 354//2 355//2 356//2
f 357//2 358//2 355//2
f 355//2 358//2 359//2
f 355//2 359//2 356//2
f 227//2 360//2 83//2
f 83//2 360//2 354//2
f 83//2 354//2 76//2
f 76//2 354//2 356//2
f 361//3 362//3 363//3
f 363//3 362//3 364//3
f 364//4 365//4 366//4
f 366//4 365//4 367//4
f 368//3 369//3 370//3
f 370//3 369//3 371//3
f 370//5 371//5 372//5
f 358//6 357//6 373//6
f 373//6 357//6 374//6
f 373//6 374//6 375//6
f 376//7 377//7 378//7
f 378//8 377//8 379//8
f 378//9 379//9 380//9
f 380//10 379//10 381//10
f 380//11 381//11 382//11
f 382//11 381//11 383//11
f 382//12 383//12 384//12
f 384//12 383//12 385//12
f 384//13 385//13 386//13
f 386//14 385//14 387//14
f 386//15 387//15 388//15
f 388//16 387//16 389//16
f 388//17 389//17 390//17
f 390//18 389//18 391//18
f 390//19 391//19 392//19
f 392//19 391//19 393//19
f 392//20 393//20 394//20
f 394//20 393//20 395//20
f 394//21 395//21 396//21
f 396//21 395//21 397//21
f 396//6 397//6 398//6
f 398//22 397//22 399//22
f 398//23 399//23 400//23
f 400//23 399//23 401//23
f 400//24 401//24 402//24
f 402//24 401//24 403//24
f 402//25 403//25 404//25
f 404//25 403//25 405//25
f 404//26 405//26 406//26
f 406//26 405//26 407//26
f 406//27 407//27 408//27
f 408//28 407//28 409//28
f 408//29 409//29 410//29
f 410//30 409//30 411//30
f 410//31 411//31 412//31
f 412//32 411//32 413//32
f 412//33 413//33 414//33
f 414//34 413//34 415//34
f 414//35 415//35 416//35
f 416//35 415//35 417//35
f 416//36 417//36 418//36
f 418//36 417//36 419//36
f 418//37 419//37 420//37
f 420//37 419//37 421//37
f 420//38 421//38 422//38
f 422//39 421//39 423//39
f 422//40 423//40 424//40
f 424//41 423//41 425//41
f 424//42 425//42 426//42
f 426//42 425//42 427//42
f 426//4 427//4 428//4
f 428//43 427//43 429//43
f 428//44 429//44 430//44
f 430//45 429//45 431//45
f 430//46 431//46 432//46
f 432//47 431//47 433//47
f 432//48 433//48 434//48
f 434//49 433//49 435//49
f 434//50 435//50 436//50
f 436//50 435//50 437//50
f 436//51 437//51 438//51
f 438//52 437//52 439//52
f 438//53 439//53 440//53
f 440//54 439//54 441//54
f 440//55 441//55 442//55
f 442//55 441//55 443//55
f 442//56 443//56 444//56
f 444//56 443//56 445//56
f 444//57 445//57 446//57
f 446//57 445//57 447//57
f 446//58 447//58 376//58
f 376//59 447//59 377//59
f 366//60 367//60 448//60
f 366//60 448//60 449//60
f 449//61 448//61 450//61
f 449//61 450//61 451//61
f 451//62 450//62 452//62
f 451//62 452//62 453//62
f 453//63 452//63 454//63
f 453//63 454//63 455//63
f 455//64 454//64 456//64
f 455//64 456//64 457//64
f 457//65 456//65 458//65
f 457//65 458//65 459//65
f 459//66 458//66 460//66
f 459//66 460//66 461//66
f 461//67 460//67 372//67
f 461//67 372//67 371//67
f 369//68 368//68 462//68
f 369//69 462//69 463//69
f 463//70 462//70 464//70
f 463//70 464//70 465//70
f 465//71 464//71 466//71
f 465//72 466//72 467//72
f 467//73 466//73 468//73
f 467//73 468//73 469//73
f 469//74 468//74 470//74
f 469//74 470//74 471//74
f 471//75 470//75 472//75
f 471//75 472//75 473//75
f 473//76 472//76 474//76
f 473//76 474//76 475//76
f 475//77 474//77 375//77
f 475//78 375//78 374//78
f 236//7 476//7 237//7
f 237//7 476//7 477//7
f 237//9 477//9 238//9
f 238//9 477//9 478//9
f 238//11 478//11 239//11
f 239//11 478//11 479//11
f 239//12 479//12 240//12
f 240//12 479//12 480//12
f 240//14 480//14 241//14
f 241//13 480//13 481//13
f 241//15 481//15 218//15
f 218//15 481//15 482//15
f 218//17 482//17 219//17
f 219//17 482//17 483//17
f 219//19 483//19 220//19
f 220//19 483//19 484//19
f 220//20 484//20 221//20
f 221//20 484//20 485//20
f 221//21 485//21 222//21
f 222//79 485//79 486//79
f 222//22 486//22 223//22
f 223//6 486//6 487//6
f 223//23 487//23 224//23
f 224//23 487//23 488//23
f 224//24 488//24 225//24
f 225//24 488//24 489//24
f 225//25 489//25 226//25
f 226//25 489//25 490//25
f 226//26 490//26 250//26
f 250//26 490//26 491//26
f 250//28 491//28 251//28
f 251//28 491//28 492//28
f 251//29 492//29 252//29
f 252//29 492//29 493//29
f 252//31 493//31 253//31
f 253//31 493//31 494//31
f 253//33 494//33 254//33
f 254//33 494//33 495//33
f 254//80 495//80 255//80
f 255//35 495//35 496//35
f 255//36 496//36 244//36
f 244//36 496//36 497//36
f 244//37 497//37 243//37
f 243//37 497//37 498//37
f 243//38 498//38 242//38
f 242//38 498//38 499//38
f 242//40 499//40 245//40
f 245//40 499//40 500//40
f 245//42 500//42 246//42
f 246//42 500//42 501//42
f 246//4 501//4 231//4
f 231//4 501//4 502//4
f 231//45 502//45 230//45
f 230//44 502//44 503//44
f 230//47 503//47 228//47
f 228//47 503//47 504//47
f 228//48 504//48 229//48
f 229//49 504//49 505//49
f 229//50 505//50 235//50
f 235//50 505//50 506//50
f 235//51 506//51 234//51
f 234//51 506//51 507//51
f 234//53 507//53 232//53
f 232//53 507//53 508//53
f 232//55 508//55 247//55
f 247//55 508//55 509//55
f 247//56 509//56 248//56
f 248//56 509//56 510//56
f 248//57 510//57 249//57
f 249//57 510//57 511//57
f 249//58 511//58 236//58
f 236//58 511//58 476//58
f 512//81 513//81 514//81
f 515//81 516//81 517//81
f 513//81 518//81 519//81
f 519//81 520//81 513//81
f 513//81 520//81 521//81
f 513//81 521//81 522//81
f 523//81 514//81 524//81
f 524//81 514//81 513//81
f 524//81 513//81 525//81
f 525//81 513//81 522//81
f 526//81 527//81 518//81
f 518//81 527//81 528//81
f 518//81 528//81 519//81
f 529//81 530//81 531//81
f 531//81 530//81 532//81
f 532//81 533//81 531//81
f 531//81 533//81 534//81
f 531//81 534//81 518//81
f 518//81 534//81 535//81
f 518//81 535//81 526//81
f 536//81 537//81 538//81
f 538//81 537//81 539//81
f 538//81 539//81 531//81
f 531//81 539//81 540//81
f 531//81 540//81 529//81
f 541//81 542//81 543//81
f 543//81 542//81 544//81
f 543//81 544//81 545//81
f 546//81 547//81 548//81
f 548//81 547//81 549//81
f 548//81 549//81 538//81
f 538//81 549//81 550//81
f 538//81 550//81 536//81
f 545//81 551//81 543//81
f 543//82 551//82 552//82
f 543//81 552//81 548//81
f 548//81 552//81 553//81
f 548//81 553//81 546//81
f 554//81 555//81 556//81
f 523//81 557//81 514//81
f 514//81 557//81 558//81
f 514//81 558//81 554//81
f 554//81 558//81 559//81
f 554//81 559//81 555//81
f 560//81 561//81 543//81
f 562//81 548//81 563//81
f 563//81 548//81 564//81
f 565//81 566//81 567//81
f 567//81 566//81 568//81
f 567//81 568//81 569//81
f 569//81 570//81 567//81
f 567//81 570//81 571//81
f 567//81 571//81 548//81
f 548//81 571//81 572//81
f 548//81 572//81 564//81
f 562//81 573//81 548//81
f 548//81 573//81 574//81
f 548//81 574//81 543//81
f 543//81 574//81 575//81
f 543//81 575//81 560//81
f 561//81 576//81 543//81
f 543//81 576//81 577//81
f 543//81 577//81 578//81
f 578//81 579//81 543//81
f 543//81 579//81 580//81
f 543//81 580//81 581//81
f 581//83 580//83 582//83
f 581//81 582//81 583//81
f 583//81 584//81 581//81
f 581//81 584//81 585//81
f 581//81 585//81 586//81
f 586//81 585//81 587//81
f 588//81 589//81 590//81
f 587//81 591//81 586//81
f 586//81 591//81 592//81
f 586//81 592//81 593//81
f 594//81 595//81 590//81
f 590//81 589//81 596//81
f 593//81 597//81 586//81
f 586//81 597//81 598//81
f 586//81 598//81 594//81
f 595//81 599//81 590//81
f 590//81 599//81 600//81
f 590//81 600//81 588//81
f 601//81 602//81 538//81
f 603//81 604//81 531//81
f 604//81 605//81 531//81
f 531//81 605//81 606//81
f 531//81 606//81 538//81
f 538//81 606//81 607//81
f 538//81 607//81 601//81
f 602//81 608//81 538//81
f 538//81 608//81 609//81
f 538//81 609//81 610//81
f 611//81 612//81 531//81
f 531//81 612//81 613//81
f 531//81 613//81 603//81
f 614//81 615//81 611//81
f 611//81 615//81 616//81
f 611//81 616//81 612//81
f 617//81 618//81 619//81
f 619//81 618//81 620//81
f 619//81 620//81 621//81
f 622//81 623//81 619//81
f 624//81 625//81 626//81
f 626//81 625//81 627//81
f 627//81 628//81 626//81
f 626//81 628//81 629//81
f 626//81 629//81 611//81
f 611//81 629//81 630//81
f 611//81 630//81 614//81
f 516//81 631//81 517//81
f 517//81 631//81 632//81
f 517//81 632//81 622//81
f 623//81 633//81 619//81
f 619//81 633//81 634//81
f 619//81 634//81 617//81
f 621//81 635//81 619//81
f 619//81 635//81 636//81
f 619//81 636//81 626//81
f 626//81 636//81 637//81
f 626//81 637//81 624//81
f 638//81 639//81 640//81
f 640//81 639//81 641//81
f 638//81 642//81 639//81
f 639//81 642//81 643//81
f 639//81 643//81 644//81
f 644//81 645//81 639//81
f 639//81 645//81 646//81
f 639//81 646//81 647//81
f 647//81 646//81 648//81
f 648//81 649//81 647//81
f 647//81 649//81 650//81
f 647//81 650//81 651//81
f 652//81 653//81 654//81
f 654//81 653//81 655//81
f 654//81 655//81 656//81
f 656//81 657//81 654//81
f 654//81 657//81 658//81
f 654//81 658//81 659//81
f 659//81 660//81 654//81
f 654//81 660//81 661//81
f 654//81 661//81 639//81
f 639//81 661//81 662//81
f 639//81 662//81 641//81
f 651//81 663//81 647//81
f 647//81 663//81 664//81
f 647//81 664//81 665//81
f 666//81 667//81 668//81
f 669//81 670//81 668//81
f 668//81 670//81 671//81
f 668//81 671//81 654//81
f 654//83 671//83 672//83
f 654//81 672//81 652//81
f 667//81 673//81 668//81
f 668//81 673//81 674//81
f 668//81 674//81 675//81
f 675//81 676//81 668//81
f 668//81 676//81 677//81
f 668//81 677//81 669//81
f 622//81 619//81 517//81
f 517//81 619//81 647//81
f 517//81 647//81 668//81
f 668//81 647//81 665//81
f 668//81 665//81 666//81
f 678//81 512//81 679//81
f 679//81 680//81 678//81
f 678//81 680//81 681//81
f 678//81 681//81 682//81
f 682//81 681//81 683//81
f 682//81 683//81 684//81
f 684//81 683//81 685//81
f 684//81 685//81 686//81
f 685//81 687//81 686//81
f 686//81 687//81 688//81
f 686//81 688//81 689//81
f 690//81 691//81 692//81
f 691//81 693//81 692//81
f 692//81 693//81 694//81
f 692//81 694//81 695//81
f 696//81 697//81 692//81
f 692//81 697//81 698//81
f 692//81 698//81 690//81
f 689//81 688//81 699//81
f 699//81 688//81 700//81
f 699//81 700//81 701//81
f 701//81 700//81 702//81
f 701//81 702//81 703//81
f 703//81 702//81 704//81
f 703//81 704//81 696//81
f 696//81 704//81 705//81
f 696//81 705//81 697//81
f 706//81 365//81 707//81
f 707//81 365//81 708//81
f 707//81 708//81 695//81
f 695//81 708//81 709//81
f 695//81 709//81 692//81
f 452//81 450//81 706//81
f 450//81 448//81 706//81
f 706//81 448//81 367//81
f 706//81 367//81 365//81
f 370//81 372//81 706//81
f 706//81 372//81 460//81
f 706//81 460//81 458//81
f 458//81 456//81 706//81
f 706//81 456//81 454//81
f 706//81 454//81 452//81
f 370//81 706//81 368//81
f 368//81 706//81 474//81
f 368//81 474//81 462//81
f 468//81 474//81 470//81
f 470//81 474//81 472//81
f 468//81 466//81 474//81
f 474//81 466//81 464//81
f 474//81 464//81 462//81
f 427//81 425//81 373//81
f 373//81 425//81 423//81
f 373//81 423//81 421//81
f 421//81 419//81 373//81
f 373//81 419//81 417//81
f 373//81 417//81 707//81
f 707//81 417//81 415//81
f 707//81 415//81 413//81
f 413//81 411//81 707//81
f 707//81 411//81 409//81
f 707//81 409//81 407//81
f 407//81 405//81 707//81
f 707//81 405//81 403//81
f 707//81 403//81 401//81
f 393//81 391//81 706//81
f 706//81 391//81 389//81
f 706//81 389//81 387//81
f 387//81 385//81 706//81
f 706//81 385//81 383//81
f 706//81 383//81 381//81
f 443//81 441//81 474//81
f 443//81 474//81 445//81
f 441//81 439//81 474//81
f 474//81 439//81 437//81
f 474//81 437//81 375//81
f 375//81 437//81 435//81
f 435//81 433//81 375//81
f 375//81 433//81 431//81
f 375//81 431//81 373//81
f 373//81 431//81 429//81
f 373//81 429//81 427//81
f 401//81 399//81 707//81
f 707//81 399//81 397//81
f 707//81 397//81 706//81
f 706//81 397//81 395//81
f 706//81 395//81 393//81
f 381//81 379//81 706//81
f 706//81 379//81 377//81
f 706//81 377//81 474//81
f 474//81 377//81 447//81
f 474//81 447//81 445//81
f 502//81 501//81 359//81
f 373//81 509//81 508//81
f 695//81 491//81 490//81
f 373//81 508//81 358//81
f 358//81 508//81 507//81
f 358//81 507//81 506//81
f 506//81 505//81 358//81
f 358//81 505//81 504//81
f 358//81 504//81 359//81
f 359//81 504//81 503//81
f 359//81 503//81 502//81
f 490//81 489//81 695//81
f 695//81 489//81 488//81
f 695//81 488//81 487//81
f 501//81 500//81 359//81
f 359//81 500//81 499//81
f 359//81 499//81 498//81
f 707//81 478//81 477//81
f 494//81 493//81 695//81
f 695//81 493//81 492//81
f 695//81 492//81 491//81
f 483//81 482//81 707//81
f 707//81 482//81 481//81
f 477//81 476//81 707//81
f 707//81 476//81 511//81
f 707//81 511//81 373//81
f 373//81 511//81 510//81
f 373//81 510//81 509//81
f 498//81 497//81 359//81
f 359//81 497//81 496//81
f 359//81 496//81 695//81
f 695//81 496//81 495//81
f 695//81 495//81 494//81
f 487//81 486//81 695//81
f 695//81 486//81 485//81
f 695//81 485//81 707//81
f 707//81 485//81 484//81
f 707//81 484//81 483//81
f 481//81 480//81 707//81
f 707//81 480//81 479//81
f 707//81 479//81 478//81
f 694//81 710//81 695//81
f 695//81 710//81 711//81
f 695//81 711//81 712//81
f 713//81 714//81 359//81
f 359//81 714//81 715//81
f 359//81 715//81 356//81
f 356//81 715//81 716//81
f 712//81 717//81 695//81
f 695//81 717//81 718//81
f 695//81 718//81 359//81
f 359//81 718//81 719//81
f 359//81 719//81 713//81
f 720//81 721//81 722//81
f 722//81 721//81 356//81
f 722//81 356//81 723//81
f 723//81 356//81 716//81
f 720//81 724//81 721//81
f 721//81 724//81 725//81
f 721//81 725//81 726//81
f 726//81 725//81 727//81
f 726//81 727//81 728//81
f 728//81 727//81 729//81
f 728//81 729//81 730//81
f 731//81 732//81 733//81
f 733//81 732//81 734//81
f 733//81 734//81 735//81
f 735//81 734//81 736//81
f 735//81 736//81 737//81
f 737//81 736//81 730//81
f 737//81 730//81 738//81
f 738//81 730//81 729//81
f 739//81 740//81 741//81
f 740//81 742//81 741//81
f 741//81 742//81 743//81
f 741//81 743//81 744//81
f 741//81 745//81 739//81
f 739//81 745//81 746//81
f 739//81 746//81 731//81
f 731//81 746//81 747//81
f 731//81 747//81 732//81
f 594//81 590//81 586//81
f 586//81 590//81 748//81
f 586//81 748//81 749//81
f 639//81 750//81 654//81
f 654//81 750//81 751//81
f 654//81 751//81 596//81
f 752//81 753//81 514//81
f 514//81 753//81 754//81
f 514//81 754//81 512//81
f 512//81 754//81 755//81
f 512//81 755//81 679//81
f 756//81 757//81 554//81
f 554//81 757//81 758//81
f 554//81 758//81 514//81
f 514//81 758//81 759//81
f 514//81 759//81 752//81
f 760//81 761//81 762//81
f 762//81 763//81 760//81
f 760//81 763//81 764//81
f 760//81 764//81 756//81
f 756//81 764//81 765//81
f 756//81 765//81 757//81
f 743//81 766//81 744//81
f 744//81 766//81 767//81
f 744//81 767//81 768//81
f 768//81 767//81 761//81
f 768//81 761//81 749//81
f 749//81 761//81 760//81
f 749//81 760//81 586//81
f 586//81 760//81 756//81
f 586//81 756//81 581//81
f 581//81 756//81 554//81
f 581//81 554//81 543//81
f 543//81 554//81 556//81
f 543//81 556//81 541//81
f 589//81 565//81 596//81
f 596//81 565//81 567//81
f 596//81 567//81 654//81
f 654//81 567//81 548//81
f 654//81 548//81 668//81
f 668//81 548//81 538//81
f 668//81 538//81 517//81
f 517//81 538//81 610//81
f 517//81 610//81 515//81
f 303//4 309//4 769//4
f 769//4 309//4 362//4
f 4//3 770//3 5//3
f 5//3 770//3 771//3
f 5//3 771//3 294//3
f 273//6 772//6 233//6
f 233//6 772//6 360//6
f 233//22 360//22 227//22
f 284//7 773//7 263//7
f 263//7 773//7 774//7
f 263//9 774//9 264//9
f 264//9 774//9 775//9
f 264//11 775//11 265//11
f 265//84 775//84 776//84
f 265//12 776//12 266//12
f 266//12 776//12 777//12
f 266//85 777//85 258//85
f 258//14 777//14 778//14
f 258//15 778//15 259//15
f 259//15 778//15 779//15
f 259//17 779//17 260//17
f 260//17 779//17 780//17
f 260//86 780//86 261//86
f 261//86 780//86 781//86
f 261//87 781//87 262//87
f 262//87 781//87 782//87
f 262//21 782//21 256//21
f 256//79 782//79 783//79
f 256//22 783//22 257//22
f 257//6 783//6 784//6
f 257//23 784//23 267//23
f 267//23 784//23 785//23
f 267//24 785//24 268//24
f 268//24 785//24 786//24
f 268//25 786//25 269//25
f 269//25 786//25 787//25
f 269//26 787//26 288//26
f 288//26 787//26 788//26
f 288//28 788//28 289//28
f 289//27 788//27 789//27
f 289//29 789//29 290//29
f 290//29 789//29 790//29
f 290//31 790//31 291//31
f 291//32 790//32 791//32
f 291//34 791//34 292//34
f 292//34 791//34 792//34
f 292//35 792//35 293//35
f 293//35 792//35 793//35
f 293//88 793//88 270//88
f 270//36 793//36 794//36
f 270//37 794//37 271//37
f 271//37 794//37 795//37
f 271//89 795//89 280//89
f 280//38 795//38 796//38
f 280//40 796//40 281//40
f 281//41 796//41 797//41
f 281//42 797//42 275//42
f 275//42 797//42 798//42
f 275//43 798//43 274//43
f 274//4 798//4 799//4
f 274//44 799//44 272//44
f 272//45 799//45 800//45
f 272//46 800//46 285//46
f 285//47 800//47 801//47
f 285//49 801//49 286//49
f 286//48 801//48 802//48
f 286//50 802//50 287//50
f 287//50 802//50 803//50
f 287//51 803//51 276//51
f 276//51 803//51 804//51
f 276//53 804//53 277//53
f 277//54 804//54 805//54
f 277//55 805//55 279//55
f 279//55 805//55 806//55
f 279//90 806//90 282//90
f 282//56 806//56 807//56
f 282//57 807//57 283//57
f 283//57 807//57 808//57
f 283//59 808//59 284//59
f 284//58 808//58 773//58
f 303//60 769//60 809//60
f 303//60 809//60 302//60
f 302//61 809//61 810//61
f 302//61 810//61 301//61
f 301//62 810//62 811//62
f 301//62 811//62 307//62
f 307//63 811//63 812//63
f 307//91 812//91 308//91
f 308//64 812//64 813//64
f 308//64 813//64 304//64
f 304//92 813//92 814//92
f 304//92 814//92 305//92
f 305//66 814//66 815//66
f 305//66 815//66 306//66
f 306//67 815//67 770//67
f 306//67 770//67 4//67
f 294//69 771//69 816//69
f 294//68 816//68 298//68
f 298//70 816//70 817//70
f 298//70 817//70 297//70
f 297//71 817//71 818//71
f 297//71 818//71 296//71
f 296//73 818//73 819//73
f 296//73 819//73 299//73
f 299//74 819//74 820//74
f 299//74 820//74 300//74
f 300//75 820//75 821//75
f 300//75 821//75 295//75
f 295//76 821//76 822//76
f 295//76 822//76 278//76
f 278//78 822//78 772//78
f 278//78 772//78 273//78
f 361//81 354//81 360//81
f 798//81 797//81 360//81
f 788//81 787//81 362//81
f 362//81 787//81 786//81
f 362//81 786//81 785//81
f 772//81 822//81 802//81
f 802//81 822//81 803//81
f 360//81 797//81 361//81
f 361//81 797//81 796//81
f 361//81 796//81 795//81
f 795//81 794//81 361//81
f 361//81 794//81 793//81
f 361//81 793//81 792//81
f 792//81 791//81 361//81
f 361//81 791//81 790//81
f 361//81 790//81 362//81
f 362//81 790//81 789//81
f 362//81 789//81 788//81
f 819//81 804//81 820//81
f 820//81 804//81 803//81
f 820//81 803//81 821//81
f 821//81 803//81 822//81
f 802//81 801//81 772//81
f 772//81 801//81 800//81
f 772//81 800//81 360//81
f 360//81 800//81 799//81
f 360//81 799//81 798//81
f 777//81 776//81 770//81
f 770//81 776//81 775//81
f 782//81 769//81 783//81
f 783//81 769//81 362//81
f 783//81 362//81 784//81
f 784//81 362//81 785//81
f 812//81 811//81 778//81
f 778//81 811//81 779//81
f 808//81 771//81 773//81
f 773//81 771//81 770//81
f 773//81 770//81 774//81
f 774//81 770//81 775//81
f 782//81 781//81 769//81
f 769//81 781//81 780//81
f 769//81 780//81 809//81
f 809//81 780//81 779//81
f 809//81 779//81 810//81
f 810//81 779//81 811//81
f 808//81 807//81 771//81
f 771//81 807//81 806//81
f 771//81 806//81 816//81
f 816//81 806//81 805//81
f 816//81 805//81 817//81
f 817//81 805//81 804//81
f 817//81 804//81 818//81
f 818//81 804//81 819//81
f 770//81 815//81 777//81
f 777//81 815//81 814//81
f 777//81 814//81 778//81
f 778//81 814//81 813//81
f 778//81 813//81 812//81
f 355//1 363//1 357//1
f 357//1 363//1 374//1
f 392//1 394//1 366//1
f 428//1 430//1 374//1
f 366//1 394//1 364//1
f 364//1 394//1 396//1
f 364//1 396//1 398//1
f 412//1 414//1 363//1
f 392//1 366//1 390//1
f 390//1 366//1 449//1
f 390//1 449//1 388//1
f 398//1 400//1 364//1
f 364//1 400//1 402//1
f 364//1 402//1 404//1
f 455//1 386//1 453//1
f 453//1 386//1 388//1
f 453//1 388//1 451//1
f 451//1 388//1 449//1
f 404//1 406//1 364//1
f 364//1 406//1 408//1
f 364//1 408//1 363//1
f 363//1 408//1 410//1
f 363//1 410//1 412//1
f 414//1 416//1 363//1
f 363//1 416//1 418//1
f 363//1 418//1 420//1
f 467//1 469//1 438//1
f 438//1 469//1 471//1
f 438//1 471//1 436//1
f 444//1 446//1 369//1
f 369//1 446//1 376//1
f 369//1 376//1 371//1
f 371//1 376//1 378//1
f 378//1 380//1 371//1
f 371//1 380//1 382//1
f 371//1 382//1 461//1
f 461//1 382//1 384//1
f 461//1 384//1 459//1
f 459//1 384//1 386//1
f 459//1 386//1 457//1
f 457//1 386//1 455//1
f 420//1 422//1 363//1
f 363//1 422//1 424//1
f 363//1 424//1 374//1
f 374//1 424//1 426//1
f 374//1 426//1 428//1
f 430//1 432//1 374//1
f 374//1 432//1 434//1
f 374//1 434//1 475//1
f 475//1 434//1 436//1
f 475//1 436//1 473//1
f 473//1 436//1 471//1
f 467//1 438//1 465//1
f 465//1 438//1 440//1
f 465//1 440//1 463//1
f 463//1 440//1 369//1
f 369//1 440//1 442//1
f 369//1 442//1 444//1
f 746//93 29//93 747//93
f 747//93 29//93 31//93
f 747//93 31//93 732//93
f 732//93 31//93 32//93
f 732//93 32//93 734//93
f 734//93 32//93 96//93
f 734//93 96//93 736//93
f 736//93 96//93 98//93
f 736//93 98//93 730//93
f 730//93 98//93 99//93
f 730//93 99//93 728//93
f 728//93 99//93 89//93
f 353//94 750//94 322//94
f 322//95 750//95 639//95
f 322//95 639//95 313//95
f 313//95 639//95 647//95
f 313//95 647//95 189//95
f 189//95 647//95 619//95
f 189//95 619//95 179//95
f 179//95 619//95 626//95
f 682//96 60//96 678//96
f 678//96 60//96 43//96
f 29//97 746//97 745//97
f 29//97 745//97 27//97
f 27//98 745//98 741//98
f 27//98 741//98 20//98
f 20//99 741//99 744//99
f 20//99 744//99 22//99
f 76//100 356//100 78//100
f 78//100 356//100 721//100
f 78//101 721//101 87//101
f 87//101 721//101 726//101
f 87//102 726//102 89//102
f 89//102 726//102 728//102
f 361//103 363//103 354//103
f 354//103 363//103 355//103
f 60//104 682//104 684//104
f 365//105 364//105 708//105
f 708//105 364//105 362//105
f 60//104 684//104 58//104
f 58//106 684//106 686//106
f 58//106 686//106 56//106
f 56//107 686//107 689//107
f 56//107 689//107 54//107
f 54//108 689//108 699//108
f 54//108 699//108 52//108
f 52//109 699//109 701//109
f 52//109 701//109 50//109
f 50//110 701//110 703//110
f 50//110 703//110 48//110
f 48//111 703//111 696//111
f 48//111 696//111 46//111
f 46//112 696//112 692//112
f 46//112 692//112 65//112
f 65//113 692//113 709//113
f 65//113 709//113 310//113
f 310//114 709//114 708//114
f 310//114 708//114 311//114
f 311//105 708//105 362//105
f 311//105 362//105 309//105
f 212//8 607//8 213//8
f 213//115 607//115 606//115
f 213//9 606//9 209//9
f 209//9 606//9 605//9
f 209//84 605//84 210//84
f 210//11 605//11 604//11
f 210//116 604//116 214//116
f 214//116 604//116 603//116
f 214//85 603//85 215//85
f 215//14 603//14 613//14
f 215//16 613//16 216//16
f 216//16 613//16 612//16
f 216//17 612//17 181//17
f 181//18 612//18 616//18
f 181//86 616//86 182//86
f 182//86 616//86 615//86
f 182//87 615//87 184//87
f 184//20 615//20 614//20
f 184//79 614//79 185//79
f 185//21 614//21 630//21
f 185//22 630//22 186//22
f 186//22 630//22 629//22
f 186//117 629//117 183//117
f 183//23 629//23 628//23
f 183//118 628//118 177//118
f 177//24 628//24 627//24
f 177//25 627//25 178//25
f 178//119 627//119 625//119
f 178//120 625//120 187//120
f 187//26 625//26 624//26
f 187//28 624//28 188//28
f 188//27 624//27 637//27
f 188//30 637//30 190//30
f 190//29 637//29 636//29
f 190//121 636//121 191//121
f 191//32 636//32 635//32
f 191//122 635//122 192//122
f 192//122 635//122 621//122
f 192//35 621//35 193//35
f 193//123 621//123 620//123
f 193//88 620//88 194//88
f 194//36 620//36 618//36
f 194//124 618//124 195//124
f 195//125 618//125 617//125
f 195//38 617//38 196//38
f 196//38 617//38 634//38
f 196//41 634//41 197//41
f 197//126 634//126 633//126
f 197//127 633//127 198//127
f 198//128 633//128 623//128
f 198//129 623//129 199//129
f 199//43 623//43 622//43
f 199//45 622//45 201//45
f 201//45 622//45 632//45
f 201//47 632//47 202//47
f 202//47 632//47 631//47
f 202//48 631//48 203//48
f 203//49 631//49 516//49
f 203//50 516//50 204//50
f 204//50 516//50 515//50
f 204//51 515//51 205//51
f 205//130 515//130 610//130
f 205//53 610//53 206//53
f 206//53 610//53 609//53
f 206//131 609//131 207//131
f 207//132 609//132 608//132
f 207//90 608//90 208//90
f 208//133 608//133 602//133
f 208//134 602//134 211//134
f 211//134 602//134 601//134
f 211//135 601//135 212//135
f 212//59 601//59 607//59
f 348//136 671//136 349//136
f 349//7 671//7 670//7
f 349//137 670//137 328//137
f 328//9 670//9 669//9
f 328//138 669//138 329//138
f 329//139 669//139 677//139
f 329//140 677//140 330//140
f 330//12 677//12 676//12
f 330//85 676//85 314//85
f 314//85 676//85 675//85
f 314//141 675//141 315//141
f 315//142 675//142 674//142
f 315//17 674//17 316//17
f 316//143 674//143 673//143
f 316//19 673//19 317//19
f 317//19 673//19 667//19
f 317//20 667//20 318//20
f 318//20 667//20 666//20
f 318//21 666//21 319//21
f 319//79 666//79 665//79
f 319//6 665//6 320//6
f 320//22 665//22 664//22
f 320//117 664//117 326//117
f 326//23 664//23 663//23
f 326//144 663//144 327//144
f 327//145 663//145 651//145
f 327//25 651//25 325//25
f 325//146 651//146 650//146
f 325//147 650//147 324//147
f 324//148 650//148 649//148
f 324//28 649//28 323//28
f 323//27 649//27 648//27
f 323//30 648//30 321//30
f 321//149 648//149 646//149
f 321//31 646//31 331//31
f 331//32 646//32 645//32
f 331//33 645//33 332//33
f 332//33 645//33 644//33
f 332//35 644//35 333//35
f 333//35 644//35 643//35
f 333//150 643//150 334//150
f 334//88 643//88 642//88
f 334//37 642//37 335//37
f 335//37 642//37 638//37
f 335//38 638//38 336//38
f 336//151 638//151 640//151
f 336//152 640//152 350//152
f 350//41 640//41 641//41
f 350//127 641//127 351//127
f 351//153 641//153 662//153
f 351//43 662//43 340//43
f 340//4 662//4 661//4
f 340//45 661//45 341//45
f 341//44 661//44 660//44
f 341//47 660//47 342//47
f 342//46 660//46 659//46
f 342//49 659//49 343//49
f 343//48 659//48 658//48
f 343//50 658//50 344//50
f 344//50 658//50 657//50
f 344//154 657//154 345//154
f 345//51 657//51 656//51
f 345//53 656//53 346//53
f 346//53 656//53 655//53
f 346//55 655//55 338//55
f 338//132 655//132 653//132
f 338//155 653//155 339//155
f 339//90 653//90 652//90
f 339//156 652//156 347//156
f 347//157 652//157 672//157
f 347//135 672//135 348//135
f 348//59 672//59 671//59
f 156//8 583//8 158//8
f 158//8 583//8 582//8
f 158//9 582//9 159//9
f 159//158 582//158 580//158
f 159//84 580//84 149//84
f 149//11 580//11 579//11
f 149//140 579//140 150//140
f 150//116 579//116 578//116
f 150//14 578//14 151//14
f 151//85 578//85 577//85
f 151//16 577//16 152//16
f 152//16 577//16 576//16
f 152//143 576//143 153//143
f 153//18 576//18 561//18
f 153//159 561//159 154//159
f 154//86 561//86 560//86
f 154//87 560//87 145//87
f 145//20 560//20 575//20
f 145//79 575//79 138//79
f 138//21 575//21 574//21
f 138//22 574//22 139//22
f 139//22 574//22 573//22
f 139//23 573//23 140//23
f 140//23 573//23 562//23
f 140//160 562//160 141//160
f 141//24 562//24 563//24
f 141//25 563//25 146//25
f 146//25 563//25 564//25
f 146//120 564//120 147//120
f 147//120 564//120 572//120
f 147//28 572//28 148//28
f 148//161 572//161 571//161
f 148//30 571//30 142//30
f 142//29 571//29 570//29
f 142//31 570//31 143//31
f 143//162 570//162 569//162
f 143//163 569//163 172//163
f 172//122 569//122 568//122
f 172//35 568//35 173//35
f 173//80 568//80 566//80
f 173//164 566//164 175//164
f 175//36 566//36 565//36
f 175//124 565//124 176//124
f 176//125 565//125 589//125
f 176//38 589//38 169//38
f 169//165 589//165 588//165
f 169//126 588//126 170//126
f 170//126 588//126 600//126
f 170//42 600//42 171//42
f 171//42 600//42 599//42
f 171//4 599//4 165//4
f 165//43 599//43 595//43
f 165//44 595//44 166//44
f 166//45 595//45 594//45
f 166//46 594//46 162//46
f 162//47 594//47 598//47
f 162//48 598//48 163//48
f 163//49 598//49 597//49
f 163//166 597//166 164//166
f 164//50 597//50 593//50
f 164//167 593//167 167//167
f 167//51 593//51 592//51
f 167//53 592//53 168//53
f 168//54 592//54 591//54
f 168//131 591//131 160//131
f 160//132 591//132 587//132
f 160//56 587//56 161//56
f 161//56 587//56 585//56
f 161//134 585//134 155//134
f 155//57 585//57 584//57
f 155//59 584//59 156//59
f 156//59 584//59 583//59
f 122//8 523//8 123//8
f 123//7 523//7 524//7
f 123//9 524//9 115//9
f 115//9 524//9 525//9
f 115//139 525//139 116//139
f 116//84 525//84 522//84
f 116//168 522//168 117//168
f 117//169 522//169 521//169
f 117//170 521//170 118//170
f 118//171 521//171 520//171
f 118//141 520//141 119//141
f 119//15 520//15 519//15
f 119//18 519//18 101//18
f 101//17 519//17 528//17
f 101//19 528//19 102//19
f 102//19 528//19 527//19
f 102//20 527//20 107//20
f 107//20 527//20 526//20
f 107//21 526//21 108//21
f 108//79 526//79 535//79
f 108//22 535//22 109//22
f 109//22 535//22 534//22
f 109//23 534//23 103//23
f 103//23 534//23 533//23
f 103//145 533//145 104//145
f 104//24 533//24 532//24
f 104//25 532//25 106//25
f 106//172 532//172 530//172
f 106//120 530//120 110//120
f 110//26 530//26 529//26
f 110//27 529//27 111//27
f 111//173 529//173 540//173
f 111//174 540//174 113//174
f 113//29 540//29 539//29
f 113//31 539//31 114//31
f 114//31 539//31 537//31
f 114//122 537//122 132//122
f 132//175 537//175 536//175
f 132//35 536//35 133//35
f 133//35 536//35 550//35
f 133//88 550//88 135//88
f 135//36 550//36 549//36
f 135//176 549//176 136//176
f 136//176 549//176 547//176
f 136//177 547//177 137//177
f 137//38 547//38 546//38
f 137//41 546//41 129//41
f 129//126 546//126 553//126
f 129//127 553//127 130//127
f 130//42 553//42 552//42
f 130//43 552//43 131//43
f 131//178 552//178 551//178
f 131//44 551//44 128//44
f 128//44 551//44 545//44
f 128//47 545//47 7//47
f 7//46 545//46 544//46
f 7//49 544//49 8//49
f 8//48 544//48 542//48
f 8//166 542//166 125//166
f 125//166 542//166 541//166
f 125//130 541//130 126//130
f 126//167 541//167 556//167
f 126//53 556//53 127//53
f 127//53 556//53 555//53
f 127//179 555//179 124//179
f 124//180 555//180 559//180
f 124//181 559//181 120//181
f 120//90 559//90 558//90
f 120//156 558//156 121//156
f 121//57 558//57 557//57
f 121//59 557//59 122//59
f 122//182 557//182 523//182
f 179//183 626//183 180//183
f 180//183 626//183 611//183
f 180//183 611//183 105//183
f 105//183 611//183 531//183
f 105//183 531//183 100//183
f 100//183 531//183 518//183
f 100//183 518//183 42//183
f 42//183 518//183 513//183
f 42//183 513//183 12//183
f 12//183 513//183 512//183
f 16//184 768//184 17//184
f 17//184 768//184 749//184
f 17//184 749//184 3//184
f 3//184 749//184 748//184
f 3//184 748//184 1//184
f 1//184 748//184 590//184
f 1//184 590//184 174//184
f 174//184 590//184 596//184
f 174//184 596//184 352//184
f 352//184 596//184 751//184
f 352//184 751//184 353//184
f 353//184 751//184 750//184
f 16//185 22//185 768//185
f 768//186 22//186 744//186
f 512//187 678//187 12//187
f 12//187 678//187 43//187
f 823//188 729//188 727//188
f 823//188 727//188 824//188
f 824//189 727//189 725//189
f 824//189 725//189 825//189
f 826//190 731//190 733//190
f 733//190 735//190 826//190
f 826//190 735//190 737//190
f 826//190 737//190 823//190
f 823//190 737//190 738//190
f 823//190 738//190 729//190
f 827//191 740//191 828//191
f 828//191 740//191 739//191
f 828//192 739//192 826//192
f 826//192 739//192 731//192
f 757//193 765//193 829//193
f 829//194 765//194 830//194
f 831//195 832//195 680//195
f 680//195 832//195 681//195
f 683//196 681//196 833//196
f 833//196 681//196 832//196
f 834//197 705//197 704//197
f 834//197 704//197 835//197
f 835//198 704//198 702//198
f 835//198 702//198 836//198
f 836//199 702//199 700//199
f 836//199 700//199 837//199
f 837//200 700//200 688//200
f 837//200 688//200 838//200
f 838//201 688//201 687//201
f 838//201 687//201 839//201
f 839//202 687//202 685//202
f 839//202 685//202 840//202
f 840//203 685//203 683//203
f 840//203 683//203 833//203
f 841//204 842//204 718//204
f 718//204 842//204 719//204
f 843//81 834//81 841//81
f 827//81 828//81 830//81
f 844//81 845//81 842//81
f 841//81 834//81 842//81
f 839//81 826//81 838//81
f 838//81 826//81 823//81
f 838//81 823//81 837//81
f 845//81 846//81 842//81
f 842//81 846//81 847//81
f 842//81 847//81 848//81
f 844//81 842//81 825//81
f 825//81 842//81 834//81
f 825//81 834//81 824//81
f 824//81 834//81 835//81
f 824//81 835//81 823//81
f 823//81 835//81 836//81
f 823//81 836//81 837//81
f 848//81 847//81 849//81
f 849//81 847//81 850//81
f 849//205 850//205 851//205
f 830//81 828//81 829//81
f 852//81 853//81 854//81
f 852//81 855//81 853//81
f 853//81 855//81 856//81
f 853//81 856//81 857//81
f 854//81 858//81 852//81
f 852//81 858//81 859//81
f 852//81 859//81 841//81
f 841//81 859//81 860//81
f 841//81 860//81 843//81
f 861//81 862//81 863//81
f 863//81 862//81 831//81
f 862//81 864//81 831//81
f 831//81 864//81 865//81
f 831//81 865//81 866//81
f 839//81 840//81 826//81
f 826//81 840//81 833//81
f 826//81 833//81 828//81
f 828//81 833//81 832//81
f 828//81 832//81 829//81
f 829//81 832//81 831//81
f 829//81 831//81 867//81
f 867//81 831//81 866//81
f 830//81 868//81 827//81
f 827//81 868//81 869//81
f 827//81 869//81 870//81
f 870//81 869//81 871//81
f 869//81 872//81 871//81
f 871//81 872//81 873//81
f 871//81 873//81 874//81
f 874//81 873//81 875//81
f 757//206 829//206 758//206
f 758//206 829//206 867//206
f 758//207 867//207 759//207
f 759//208 867//208 866//208
f 759//209 866//209 752//209
f 752//209 866//209 865//209
f 752//210 865//210 753//210
f 753//211 865//211 864//211
f 753//212 864//212 754//212
f 754//212 864//212 862//212
f 754//213 862//213 755//213
f 755//213 862//213 861//213
f 755//214 861//214 679//214
f 679//214 861//214 863//214
f 679//215 863//215 680//215
f 680//215 863//215 831//215
f 830//216 765//216 868//216
f 868//217 765//217 764//217
f 868//218 764//218 869//218
f 869//218 764//218 763//218
f 869//219 763//219 872//219
f 872//219 763//219 762//219
f 872//220 762//220 873//220
f 873//221 762//221 761//221
f 873//222 761//222 875//222
f 875//222 761//222 767//222
f 875//223 767//223 874//223
f 874//223 767//223 766//223
f 874//224 766//224 871//224
f 871//224 766//224 743//224
f 871//225 743//225 870//225
f 870//225 743//225 742//225
f 870//226 742//226 827//226
f 827//226 742//226 740//226
f 841//227 718//227 852//227
f 852//227 718//227 717//227
f 852//228 717//228 855//228
f 855//228 717//228 712//228
f 855//229 712//229 856//229
f 856//229 712//229 711//229
f 856//230 711//230 857//230
f 857//230 711//230 710//230
f 857//231 710//231 853//231
f 853//232 710//232 694//232
f 853//233 694//233 854//233
f 854//233 694//233 693//233
f 854//234 693//234 858//234
f 858//234 693//234 691//234
f 858//235 691//235 859//235
f 859//235 691//235 690//235
f 859//236 690//236 860//236
f 860//237 690//237 698//237
f 860//238 698//238 843//238
f 843//238 698//238 697//238
f 843//239 697//239 834//239
f 834//239 697//239 705//239
f 825//240 725//240 844//240
f 844//240 725//240 724//240
f 844//241 724//241 845//241
f 845//241 724//241 720//241
f 845//242 720//242 846//242
f 846//242 720//242 722//242
f 846//243 722//243 847//243
f 847//243 722//243 723//243
f 847//244 723//244 850//244
f 850//245 723//245 716//245
f 850//246 716//246 851//246
f 851//247 716//247 715//247
f 851//248 715//248 849//248
f 849//248 715//248 714//248
f 849//249 714//249 848//249
f 848//249 714//249 713//249
f 848//250 713//250 842//250
f 842//250 713//250 719//250
f 876//189 80//189 86//189
f 876//189 86//189 877//189
f 877//188 86//188 88//188
f 877//188 88//188 878//188
f 93//204 92//204 879//204
f 879//204 92//204 880//204
f 881//203 61//203 59//203
f 881//203 59//203 882//203
f 882//202 59//202 57//202
f 882//202 57//202 883//202
f 883//201 57//201 55//201
f 883//201 55//201 884//201
f 884//200 55//200 53//200
f 884//200 53//200 885//200
f 885//199 53//199 51//199
f 885//199 51//199 886//199
f 886//198 51//198 49//198
f 886//198 49//198 887//198
f 887//197 49//197 47//197
f 887//197 47//197 888//197
f 62//196 61//196 889//196
f 889//196 61//196 881//196
f 44//195 62//195 890//195
f 890//195 62//195 889//195
f 891//194 892//194 38//194
f 38//194 892//194 13//194
f 893//192 30//192 894//192
f 894//192 30//192 28//192
f 894//191 28//191 895//191
f 895//191 28//191 26//191
f 94//190 30//190 893//190
f 88//190 90//190 878//190
f 878//190 90//190 97//190
f 878//190 97//190 893//190
f 893//190 97//190 95//190
f 893//190 95//190 94//190
f 879//1 880//1 876//1
f 876//1 880//1 896//1
f 876//1 896//1 897//1
f 897//1 898//1 876//1
f 876//1 898//1 899//1
f 876//1 899//1 900//1
f 881//1 893//1 889//1
f 889//1 893//1 894//1
f 889//1 894//1 890//1
f 890//1 894//1 901//1
f 881//1 882//1 893//1
f 893//1 882//1 883//1
f 893//1 883//1 878//1
f 878//1 883//1 884//1
f 878//1 884//1 885//1
f 902//1 903//1 904//1
f 904//1 903//1 879//1
f 904//1 879//1 888//1
f 888//1 879//1 876//1
f 888//1 876//1 887//1
f 905//1 906//1 900//1
f 900//1 906//1 907//1
f 900//1 907//1 876//1
f 876//1 877//1 887//1
f 887//1 877//1 878//1
f 887//1 878//1 886//1
f 886//1 878//1 885//1
f 908//1 909//1 910//1
f 910//1 911//1 908//1
f 908//1 911//1 912//1
f 908//1 912//1 913//1
f 909//1 908//1 904//1
f 904//1 908//1 914//1
f 904//1 914//1 902//1
f 915//1 916//1 917//1
f 917//1 916//1 895//1
f 916//1 918//1 895//1
f 895//1 918//1 892//1
f 895//1 892//1 894//1
f 894//1 892//1 891//1
f 894//1 891//1 919//1
f 919//1 920//1 894//1
f 894//1 920//1 921//1
f 894//1 921//1 922//1
f 922//1 923//1 894//1
f 894//1 923//1 924//1
f 894//1 924//1 901//1
f 917//1 925//1 926//1
f 926//1 927//1 917//1
f 917//1 927//1 928//1
f 917//1 928//1 915//1
f 44//215 890//215 45//215
f 45//215 890//215 901//215
f 45//214 901//214 10//214
f 10//214 901//214 924//214
f 10//213 924//213 11//213
f 11//213 924//213 923//213
f 11//251 923//251 39//251
f 39//212 923//212 922//212
f 39//211 922//211 40//211
f 40//210 922//210 921//210
f 40//209 921//209 36//209
f 36//252 921//252 920//252
f 36//208 920//208 37//208
f 37//207 920//207 919//207
f 37//206 919//206 38//206
f 38//206 919//206 891//206
f 895//226 26//226 917//226
f 917//226 26//226 25//226
f 917//225 25//225 925//225
f 925//225 25//225 19//225
f 925//224 19//224 926//224
f 926//224 19//224 21//224
f 926//223 21//223 927//223
f 927//253 21//253 23//253
f 927//222 23//222 928//222
f 928//222 23//222 24//222
f 928//221 24//221 915//221
f 915//221 24//221 33//221
f 915//219 33//219 916//219
f 916//219 33//219 34//219
f 916//254 34//254 918//254
f 918//254 34//254 35//254
f 918//216 35//216 892//216
f 892//216 35//216 13//216
f 888//239 47//239 904//239
f 904//239 47//239 70//239
f 904//238 70//238 909//238
f 909//238 70//238 69//238
f 909//237 69//237 910//237
f 910//237 69//237 68//237
f 910//235 68//235 911//235
f 911//235 68//235 67//235
f 911//234 67//234 912//234
f 912//234 67//234 66//234
f 912//233 66//233 913//233
f 913//233 66//233 64//233
f 913//231 64//231 908//231
f 908//232 64//232 63//232
f 908//230 63//230 914//230
f 914//230 63//230 74//230
f 914//229 74//229 902//229
f 902//229 74//229 72//229
f 902//228 72//228 903//228
f 903//228 72//228 71//228
f 903//227 71//227 879//227
f 879//227 71//227 93//227
f 880//250 92//250 896//250
f 896//250 92//250 91//250
f 896//249 91//249 897//249
f 897//249 91//249 85//249
f 897//248 85//248 898//248
f 898//248 85//248 84//248
f 898//246 84//246 899//246
f 899//247 84//247 82//247
f 899//245 82//245 900//245
f 900//245 82//245 81//245
f 900//243 81//243 905//243
f 905//243 81//243 75//243
f 905//242 75//242 906//242
f 906//242 75//242 77//242
f 906//241 77//241 907//241
f 907//241 77//241 79//241
f 907//240 79//240 876//240
f 876//240 79//240 80//240
f 929//255 930//255 931//255
f 932//256 933//256 934//256
f 935//257 936//257 937//257
f 938//258 939//258 940//258
f 941//259 942//259 943//259
f 944//260 945//260 946//260
f 947//261 948//261 949//261
f 950//262 951//262 952//262
f 953//263 954//263 955//263
f 956//264 957//264 958//264
f 959//265 960//265 961//265
f 962//266 963//266 964//266
f 965//267 966//267 967//267
f 968//268 969//268 970//268
f 971//269 972//269 973//269
f 974//270 975//270 976//270
f 977//271 978//271 979//271
f 980//272 981//272 982//272
f 982//273 981//273 983//273
f 984//274 983//274 981//274
f 985//275 986//275 987//275
f 987//276 986//276 988//276
f 984//277 981//277 989//277
f 989//278 981//278 980//278
f 989//279 980//279 990//279
f 991//280 983//280 984//280
f 991//281 984//281 992//281
f 992//282 984//282 989//282
f 992//283 989//283 993//283
f 993//284 989//284 990//284
f 993//285 990//285 994//285
f 995//286 983//286 991//286
f 995//287 991//287 996//287
f 996//288 991//288 992//288
f 996//289 992//289 997//289
f 997//289 992//289 993//289
f 997//290 993//290 998//290
f 998//290 993//290 994//290
f 998//291 994//291 999//291
f 1000//292 983//292 995//292
f 988//293 986//293 1001//293
f 1001//294 986//294 1002//294
f 1001//295 1002//295 1003//295
f 1003//296 1002//296 1004//296
f 1003//297 1004//297 1005//297
f 1005//298 1004//298 1006//298
f 1005//299 1006//299 1007//299
f 1000//300 995//300 1008//300
f 1008//301 995//301 996//301
f 1008//302 996//302 1009//302
f 1009//303 996//303 997//303
f 1009//304 997//304 1010//304
f 1010//305 997//305 998//305
f 1010//306 998//306 1011//306
f 1011//307 998//307 999//307
f 1011//308 999//308 1012//308
f 1013//309 983//309 1000//309
f 1013//310 1000//310 1014//310
f 1014//310 1000//310 1008//310
f 1014//311 1008//311 1015//311
f 1015//312 1008//312 1009//312
f 1015//313 1009//313 1016//313
f 1016//314 1009//314 1010//314
f 1016//315 1010//315 1017//315
f 1017//316 1010//316 1011//316
f 1017//317 1011//317 1018//317
f 1018//318 1011//318 1012//318
f 1018//319 1012//319 1019//319
f 1020//320 983//320 1013//320
f 1020//321 1013//321 1021//321
f 1021//322 1013//322 1014//322
f 1021//323 1014//323 1022//323
f 1022//323 1014//323 1015//323
f 1022//324 1015//324 1023//324
f 1023//325 1015//325 1016//325
f 1023//326 1016//326 1024//326
f 1024//326 1016//326 1017//326
f 1024//327 1017//327 1025//327
f 1025//327 1017//327 1018//327
f 1025//328 1018//328 1026//328
f 1026//328 1018//328 1019//328
f 1026//329 1019//329 1027//329
f 1028//330 983//330 1020//330
f 1007//331 1006//331 1029//331
f 1029//332 1006//332 1030//332
f 1029//333 1030//333 1031//333
f 1031//334 1030//334 1032//334
f 1031//335 1032//335 1033//335
f 1033//336 1032//336 1034//336
f 1033//337 1034//337 1035//337
f 1028//338 1020//338 1036//338
f 1036//339 1020//339 1021//339
f 1036//340 1021//340 1037//340
f 1037//340 1021//340 1022//340
f 1037//341 1022//341 1038//341
f 1038//342 1022//342 1023//342
f 1038//343 1023//343 1039//343
f 1039//343 1023//343 1024//343
f 1039//344 1024//344 1040//344
f 1040//344 1024//344 1025//344
f 1040//345 1025//345 1041//345
f 1041//346 1025//346 1026//346
f 1041//347 1026//347 1042//347
f 1042//348 1026//348 1027//348
f 1042//349 1027//349 1043//349
f 1044//350 983//350 1028//350
f 1044//351 1028//351 1045//351
f 1045//352 1028//352 1036//352
f 1045//353 1036//353 1046//353
f 1046//354 1036//354 1037//354
f 1046//355 1037//355 1047//355
f 1047//356 1037//356 1038//356
f 1047//357 1038//357 1048//357
f 1048//357 1038//357 1039//357
f 1048//358 1039//358 1049//358
f 1049//358 1039//358 1040//358
f 1049//359 1040//359 1050//359
f 1050//359 1040//359 1041//359
f 1050//360 1041//360 1051//360
f 1051//360 1041//360 1042//360
f 1051//361 1042//361 1052//361
f 1052//361 1042//361 1043//361
f 1052//362 1043//362 1053//362
f 1054//363 983//363 1044//363
f 971//364 973//364 1055//364
f 1054//365 1044//365 1056//365
f 1056//366 1044//366 1045//366
f 1056//367 1045//367 1057//367
f 1057//367 1045//367 1046//367
f 1057//368 1046//368 1058//368
f 1058//369 1046//369 1047//369
f 1058//370 1047//370 1059//370
f 1059//371 1047//371 1048//371
f 1059//372 1048//372 1060//372
f 1060//373 1048//373 1049//373
f 1060//374 1049//374 1061//374
f 1061//375 1049//375 1050//375
f 1061//376 1050//376 1062//376
f 1062//376 1050//376 1051//376
f 1062//377 1051//377 1063//377
f 1063//377 1051//377 1052//377
f 1063//378 1052//378 1064//378
f 1064//378 1052//378 1053//378
f 1064//379 1053//379 1065//379
f 1066//380 983//380 1054//380
f 1035//381 1034//381 1067//381
f 1067//382 1034//382 1068//382
f 1067//383 1068//383 1069//383
f 1069//384 1068//384 1070//384
f 1069//385 1070//385 1071//385
f 1071//386 1070//386 1072//386
f 1071//387 1072//387 1073//387
f 1066//388 1054//388 1074//388
f 1074//389 1054//389 1056//389
f 1074//390 1056//390 1075//390
f 1075//390 1056//390 1057//390
f 1075//391 1057//391 1076//391
f 1076//392 1057//392 1058//392
f 1076//393 1058//393 1077//393
f 1077//394 1058//394 1059//394
f 1077//395 1059//395 1078//395
f 1078//395 1059//395 1060//395
f 1078//396 1060//396 1079//396
f 1079//396 1060//396 1061//396
f 1079//397 1061//397 1080//397
f 1080//397 1061//397 1062//397
f 1080//398 1062//398 1081//398
f 1081//399 1062//399 1063//399
f 1081//400 1063//400 1082//400
f 1082//401 1063//401 1064//401
f 1082//402 1064//402 1083//402
f 1083//403 1064//403 1065//403
f 1083//404 1065//404 1084//404
f 1085//405 983//405 1066//405
f 1073//406 1072//406 1086//406
f 1086//407 1072//407 1087//407
f 1086//408 1087//408 1088//408
f 1085//409 1066//409 1089//409
f 1089//410 1066//410 1074//410
f 1089//411 1074//411 1090//411
f 1090//412 1074//412 1075//412
f 1090//413 1075//413 1091//413
f 1091//414 1075//414 1076//414
f 1091//415 1076//415 1092//415
f 1092//416 1076//416 1077//416
f 1092//417 1077//417 1093//417
f 1093//417 1077//417 1078//417
f 1093//418 1078//418 1094//418
f 1094//419 1078//419 1079//419
f 1094//420 1079//420 1095//420
f 1095//421 1079//421 1080//421
f 1095//422 1080//422 1096//422
f 1096//423 1080//423 1081//423
f 1096//424 1081//424 1097//424
f 1097//424 1081//424 1082//424
f 1097//425 1082//425 1098//425
f 1098//425 1082//425 1083//425
f 1098//426 1083//426 1099//426
f 1099//427 1083//427 1084//427
f 1099//428 1084//428 1100//428
f 1101//429 983//429 1085//429
f 1101//430 1085//430 1102//430
f 1102//430 1085//430 1089//430
f 1102//431 1089//431 1103//431
f 1103//431 1089//431 1090//431
f 1103//432 1090//432 1104//432
f 1104//433 1090//433 1091//433
f 1104//434 1091//434 1105//434
f 1105//435 1091//435 1092//435
f 1105//436 1092//436 1106//436
f 1106//437 1092//437 1093//437
f 1106//438 1093//438 1107//438
f 1107//439 1093//439 1094//439
f 1107//440 1094//440 1108//440
f 1108//440 1094//440 1095//440
f 1108//441 1095//441 1109//441
f 1109//441 1095//441 1096//441
f 1109//442 1096//442 1110//442
f 1110//443 1096//443 1097//443
f 1110//444 1097//444 1111//444
f 1111//445 1097//445 1098//445
f 1111//446 1098//446 1112//446
f 1112//446 1098//446 1099//446
f 1112//447 1099//447 1113//447
f 1113//447 1099//447 1100//447
f 1113//448 1100//448 1114//448
f 1115//449 983//449 1101//449
f 1115//450 1101//450 1116//450
f 1116//450 1101//450 1102//450
f 1116//451 1102//451 1117//451
f 1117//452 1102//452 1103//452
f 1117//453 1103//453 1118//453
f 1118//454 1103//454 1104//454
f 1118//455 1104//455 1119//455
f 1119//456 1104//456 1105//456
f 1119//457 1105//457 1120//457
f 1120//457 1105//457 1106//457
f 1120//458 1106//458 1121//458
f 1121//459 1106//459 1107//459
f 1121//460 1107//460 1122//460
f 1122//461 1107//461 1108//461
f 1122//462 1108//462 1123//462
f 1123//463 1108//463 1109//463
f 1123//464 1109//464 1124//464
f 1124//464 1109//464 1110//464
f 1124//465 1110//465 1125//465
f 1125//465 1110//465 1111//465
f 1125//466 1111//466 1126//466
f 1126//466 1111//466 1112//466
f 1126//467 1112//467 1127//467
f 1127//468 1112//468 1113//468
f 1127//469 1113//469 1128//469
f 1128//469 1113//469 1114//469
f 1128//470 1114//470 1129//470
f 1130//471 983//471 1115//471
f 1088//472 1087//472 1131//472
f 1131//473 1087//473 1132//473
f 1131//474 1132//474 1133//474
f 1133//475 1132//475 1134//475
f 1133//476 1134//476 1135//476
f 1135//477 1134//477 1136//477
f 1135//478 1136//478 1137//478
f 1130//479 1115//479 1138//479
f 1138//480 1115//480 1116//480
f 1138//481 1116//481 1139//481
f 1139//482 1116//482 1117//482
f 1139//483 1117//483 1140//483
f 1140//484 1117//484 1118//484
f 1140//485 1118//485 1141//485
f 1141//486 1118//486 1119//486
f 1141//487 1119//487 1142//487
f 1142//488 1119//488 1120//488
f 1142//489 1120//489 1143//489
f 1143//489 1120//489 1121//489
f 1143//490 1121//490 1144//490
f 1144//491 1121//491 1122//491
f 1144//492 1122//492 1145//492
f 1145//492 1122//492 1123//492
f 1145//493 1123//493 1146//493
f 1146//494 1123//494 1124//494
f 1146//495 1124//495 1147//495
f 1147//495 1124//495 1125//495
f 1147//496 1125//496 1148//496
f 1148//496 1125//496 1126//496
f 1148//497 1126//497 1149//497
f 1149//497 1126//497 1127//497
f 1149//498 1127//498 1150//498
f 1150//498 1127//498 1128//498
f 1150//499 1128//499 1151//499
f 1151//500 1128//500 1129//500
f 1151//501 1129//501 1152//501
f 1153//502 983//502 1130//502
f 1153//503 1130//503 1154//503
f 1154//504 1130//504 1138//504
f 1154//505 1138//505 1155//505
f 1155//506 1138//506 1139//506
f 1155//507 1139//507 1156//507
f 1156//508 1139//508 1140//508
f 1156//509 1140//509 1157//509
f 1157//509 1140//509 1141//509
f 1157//510 1141//510 1158//510
f 1158//511 1141//511 1142//511
f 1158//512 1142//512 1159//512
f 1159//513 1142//513 1143//513
f 1159//514 1143//514 1160//514
f 1160//514 1143//514 1144//514
f 1160//515 1144//515 1161//515
f 1161//516 1144//516 1145//516
f 1161//517 1145//517 1162//517
f 1162//517 1145//517 1146//517
f 1162//518 1146//518 1163//518
f 1163//519 1146//519 1147//519
f 1163//520 1147//520 1164//520
f 1164//521 1147//521 1148//521
f 1164//522 1148//522 1165//522
f 1165//522 1148//522 1149//522
f 1165//523 1149//523 1166//523
f 1166//523 1149//523 1150//523
f 1166//524 1150//524 1167//524
f 1167//524 1150//524 1151//524
f 1167//525 1151//525 1168//525
f 1168//525 1151//525 1152//525
f 1168//526 1152//526 1169//526
f 1170//527 983//527 1153//527
f 1170//528 1153//528 1171//528
f 1171//529 1153//529 1154//529
f 1171//530 1154//530 1172//530
f 1172//531 1154//531 1155//531
f 1172//532 1155//532 1173//532
f 1173//532 1155//532 1156//532
f 1173//533 1156//533 1174//533
f 1174//533 1156//533 1157//533
f 1174//534 1157//534 1175//534
f 1175//535 1157//535 1158//535
f 1175//536 1158//536 1176//536
f 1176//537 1158//537 1159//537
f 1176//538 1159//538 1177//538
f 1177//538 1159//538 1160//538
f 1177//539 1160//539 1178//539
f 1178//540 1160//540 1161//540
f 1178//541 1161//541 1179//541
f 1179//541 1161//541 1162//541
f 1179//542 1162//542 1180//542
f 1180//543 1162//543 1163//543
f 1180//544 1163//544 1181//544
f 1181//544 1163//544 1164//544
f 1181//545 1164//545 1182//545
f 1182//545 1164//545 1165//545
f 1182//546 1165//546 1183//546
f 1183//546 1165//546 1166//546
f 1183//547 1166//547 1184//547
f 1184//547 1166//547 1167//547
f 1184//548 1167//548 1185//548
f 1185//549 1167//549 1168//549
f 1185//550 1168//550 1186//550
f 1186//550 1168//550 1169//550
f 1186//551 1169//551 1187//551
f 1188//552 983//552 1170//552
f 1137//553 1136//553 1189//553
f 1189//554 1136//554 1190//554
f 1189//555 1190//555 1191//555
f 1191//556 1190//556 1192//556
f 1191//557 1192//557 1193//557
f 1193//558 1192//558 1194//558
f 1193//559 1194//559 1195//559
f 1188//560 1170//560 1196//560
f 1196//561 1170//561 1171//561
f 1196//562 1171//562 1197//562
f 1197//563 1171//563 1172//563
f 1197//564 1172//564 1198//564
f 1198//565 1172//565 1173//565
f 1198//566 1173//566 1199//566
f 1199//566 1173//566 1174//566
f 1199//567 1174//567 1200//567
f 1200//567 1174//567 1175//567
f 1200//568 1175//568 1201//568
f 1201//568 1175//568 1176//568
f 1201//569 1176//569 1202//569
f 1202//569 1176//569 1177//569
f 1202//570 1177//570 1203//570
f 1203//570 1177//570 1178//570
f 1203//571 1178//571 1204//571
f 1204//571 1178//571 1179//571
f 1204//572 1179//572 1205//572
f 1205//572 1179//572 1180//572
f 1205//573 1180//573 1206//573
f 1206//574 1180//574 1181//574
f 1206//575 1181//575 1207//575
f 1207//575 1181//575 1182//575
f 1207//576 1182//576 1208//576
f 1208//576 1182//576 1183//576
f 1208//577 1183//577 1209//577
f 1209//577 1183//577 1184//577
f 1209//578 1184//578 1210//578
f 1210//578 1184//578 1185//578
f 1210//579 1185//579 1211//579
f 1211//579 1185//579 1186//579
f 1211//580 1186//580 1212//580
f 1212//580 1186//580 1187//580
f 1212//581 1187//581 1213//581
f 1214//582 983//582 1188//582
f 1195//583 1194//583 1215//583
f 1215//584 1194//584 1216//584
f 1215//585 1216//585 1217//585
f 1214//586 1188//586 1218//586
f 1218//587 1188//587 1196//587
f 1218//588 1196//588 1219//588
f 1219//589 1196//589 1197//589
f 1219//590 1197//590 1220//590
f 1220//591 1197//591 1198//591
f 1220//592 1198//592 1221//592
f 1221//593 1198//593 1199//593
f 1221//594 1199//594 1222//594
f 1222//595 1199//595 1200//595
f 1222//596 1200//596 1223//596
f 1223//597 1200//597 1201//597
f 1223//598 1201//598 1224//598
f 1224//599 1201//599 1202//599
f 1224//600 1202//600 1225//600
f 1225//601 1202//601 1203//601
f 1225//602 1203//602 1226//602
f 1226//603 1203//603 1204//603
f 1226//604 1204//604 1227//604
f 1227//604 1204//604 1205//604
f 1227//605 1205//605 1228//605
f 1228//606 1205//606 1206//606
f 1228//607 1206//607 1229//607
f 1229//608 1206//608 1207//608
f 1229//609 1207//609 1230//609
f 1230//609 1207//609 1208//609
f 1230//610 1208//610 1231//610
f 1231//611 1208//611 1209//611
f 1231//612 1209//612 1232//612
f 1232//612 1209//612 1210//612
f 1232//613 1210//613 1233//613
f 1233//613 1210//613 1211//613
f 1233//614 1211//614 1234//614
f 1234//614 1211//614 1212//614
f 1234//615 1212//615 1235//615
f 1235//616 1212//616 1213//616
f 1235//617 1213//617 1236//617
f 1237//618 983//618 1214//618
f 1217//619 1216//619 1238//619
f 1238//620 1216//620 1239//620
f 1238//621 1239//621 1240//621
f 1237//622 1214//622 1241//622
f 1241//623 1214//623 1218//623
f 1241//624 1218//624 1242//624
f 1242//625 1218//625 1219//625
f 1242//626 1219//626 1243//626
f 1243//626 1219//626 1220//626
f 1243//627 1220//627 1244//627
f 1244//628 1220//628 1221//628
f 1244//629 1221//629 1245//629
f 1245//629 1221//629 1222//629
f 1245//630 1222//630 1246//630
f 1246//630 1222//630 1223//630
f 1246//631 1223//631 1247//631
f 1247//631 1223//631 1224//631
f 1247//632 1224//632 1248//632
f 1248//633 1224//633 1225//633
f 1248//634 1225//634 1249//634
f 1249//635 1225//635 1226//635
f 1249//636 1226//636 1250//636
f 1250//636 1226//636 1227//636
f 1250//637 1227//637 1251//637
f 1251//638 1227//638 1228//638
f 1251//639 1228//639 1252//639
f 1252//639 1228//639 1229//639
f 1252//640 1229//640 1253//640
f 1253//641 1229//641 1230//641
f 1253//642 1230//642 1254//642
f 1254//643 1230//643 1231//643
f 1254//644 1231//644 1255//644
f 1255//645 1231//645 1232//645
f 1255//646 1232//646 1256//646
f 1256//646 1232//646 1233//646
f 1256//647 1233//647 1257//647
f 1257//648 1233//648 1234//648
f 1257//649 1234//649 1258//649
f 1258//650 1234//650 1235//650
f 1258//651 1235//651 1259//651
f 1259//651 1235//651 1236//651
f 1259//652 1236//652 1260//652
f 1261//653 983//653 1237//653
f 1261//654 1237//654 1262//654
f 1262//655 1237//655 1241//655
f 1262//656 1241//656 1263//656
f 1263//657 1241//657 1242//657
f 1263//658 1242//658 1264//658
f 1264//658 1242//658 1243//658
f 1264//659 1243//659 1265//659
f 1265//659 1243//659 1244//659
f 1265//660 1244//660 1266//660
f 1266//661 1244//661 1245//661
f 1266//662 1245//662 1267//662
f 1267//662 1245//662 1246//662
f 1267//663 1246//663 1268//663
f 1268//664 1246//664 1247//664
f 1268//665 1247//665 1269//665
f 1269//666 1247//666 1248//666
f 1269//667 1248//667 1270//667
f 1270//667 1248//667 1249//667
f 1270//668 1249//668 1271//668
f 1271//668 1249//668 1250//668
f 1271//669 1250//669 1272//669
f 1272//670 1250//670 1251//670
f 1272//671 1251//671 1273//671
f 1273//672 1251//672 1252//672
f 1273//673 1252//673 1274//673
f 1274//674 1252//674 1253//674
f 1274//675 1253//675 1275//675
f 1275//676 1253//676 1254//676
f 1275//677 1254//677 1276//677
f 1276//678 1254//678 1255//678
f 1276//679 1255//679 1277//679
f 1277//679 1255//679 1256//679
f 1277//680 1256//680 1278//680
f 1278//680 1256//680 1257//680
f 1278//681 1257//681 1279//681
f 1279//681 1257//681 1258//681
f 1279//682 1258//682 1280//682
f 1280//682 1258//682 1259//682
f 1280//683 1259//683 1281//683
f 1281//683 1259//683 1260//683
f 1281//684 1260//684 1282//684
f 1283//685 983//685 1261//685
f 1284//686 1285//686 1286//686
f 1240//687 1239//687 1287//687
f 1287//687 1239//687 1288//687
f 1287//688 1288//688 1289//688
f 1289//689 1288//689 1290//689
f 1289//690 1290//690 1291//690
f 1283//691 1261//691 1292//691
f 1292//692 1261//692 1262//692
f 1292//693 1262//693 1293//693
f 1293//693 1262//693 1263//693
f 1293//694 1263//694 1294//694
f 1294//694 1263//694 1264//694
f 1294//695 1264//695 1295//695
f 1295//696 1264//696 1265//696
f 1295//697 1265//697 1296//697
f 1296//698 1265//698 1266//698
f 1296//699 1266//699 1297//699
f 1297//700 1266//700 1267//700
f 1297//701 1267//701 1298//701
f 1298//702 1267//702 1268//702
f 1298//703 1268//703 1299//703
f 1299//703 1268//703 1269//703
f 1299//704 1269//704 1300//704
f 1300//704 1269//704 1270//704
f 1300//705 1270//705 1301//705
f 1301//706 1270//706 1271//706
f 1301//707 1271//707 1302//707
f 1302//708 1271//708 1272//708
f 1302//709 1272//709 1303//709
f 1303//710 1272//710 1273//710
f 1303//711 1273//711 1304//711
f 1304//712 1273//712 1274//712
f 1304//713 1274//713 1305//713
f 1305//714 1274//714 1275//714
f 1305//715 1275//715 1306//715
f 1306//716 1275//716 1276//716
f 1306//717 1276//717 1307//717
f 1307//717 1276//717 1277//717
f 1307//718 1277//718 1308//718
f 1308//719 1277//719 1278//719
f 1308//720 1278//720 1309//720
f 1309//721 1278//721 1279//721
f 1309//722 1279//722 1310//722
f 1310//723 1279//723 1280//723
f 1310//724 1280//724 1311//724
f 1311//724 1280//724 1281//724
f 1311//725 1281//725 1312//725
f 1312//726 1281//726 1282//726
f 1312//727 1282//727 1313//727
f 1314//728 983//728 1283//728
f 1314//729 1283//729 1315//729
f 1315//730 1283//730 1292//730
f 1315//731 1292//731 1316//731
f 1316//732 1292//732 1293//732
f 1316//733 1293//733 1317//733
f 1317//734 1293//734 1294//734
f 1317//735 1294//735 1318//735
f 1318//736 1294//736 1295//736
f 1318//737 1295//737 1319//737
f 1319//738 1295//738 1296//738
f 1319//739 1296//739 1320//739
f 1320//739 1296//739 1297//739
f 1320//740 1297//740 1321//740
f 1321//740 1297//740 1298//740
f 1321//741 1298//741 1322//741
f 1322//742 1298//742 1299//742
f 1322//743 1299//743 1323//743
f 1323//743 1299//743 1300//743
f 1323//744 1300//744 1324//744
f 1324//744 1300//744 1301//744
f 1324//745 1301//745 1325//745
f 1325//746 1301//746 1302//746
f 1325//747 1302//747 1326//747
f 1326//747 1302//747 1303//747
f 1326//748 1303//748 1327//748
f 1327//748 1303//748 1304//748
f 1327//749 1304//749 1328//749
f 1328//749 1304//749 1305//749
f 1328//750 1305//750 1329//750
f 1329//750 1305//750 1306//750
f 1329//751 1306//751 1330//751
f 1330//751 1306//751 1307//751
f 1330//752 1307//752 1331//752
f 1331//753 1307//753 1308//753
f 1331//754 1308//754 1332//754
f 1332//755 1308//755 1309//755
f 1332//756 1309//756 1333//756
f 1333//757 1309//757 1310//757
f 1333//758 1310//758 1334//758
f 1334//758 1310//758 1311//758
f 1334//759 1311//759 1335//759
f 1335//760 1311//760 1312//760
f 1335//761 1312//761 1336//761
f 1336//762 1312//762 1313//762
f 1336//763 1313//763 1337//763
f 1338//764 983//764 1314//764
f 1338//765 1314//765 1339//765
f 1339//766 1314//766 1315//766
f 1339//767 1315//767 1340//767
f 1340//768 1315//768 1316//768
f 1340//769 1316//769 1341//769
f 1341//770 1316//770 1317//770
f 1341//771 1317//771 1342//771
f 1342//772 1317//772 1318//772
f 1342//773 1318//773 1343//773
f 1343//773 1318//773 1319//773
f 1343//774 1319//774 1344//774
f 1344//774 1319//774 1320//774
f 1344//775 1320//775 1345//775
f 1345//775 1320//775 1321//775
f 1345//776 1321//776 1346//776
f 1346//776 1321//776 1322//776
f 1346//777 1322//777 1347//777
f 1347//778 1322//778 1323//778
f 1347//779 1323//779 1348//779
f 1348//779 1323//779 1324//779
f 1348//780 1324//780 1349//780
f 1349//780 1324//780 1325//780
f 1349//781 1325//781 1350//781
f 1350//781 1325//781 1326//781
f 1350//782 1326//782 1351//782
f 1351//782 1326//782 1327//782
f 1351//783 1327//783 1352//783
f 1352//784 1327//784 1328//784
f 1352//785 1328//785 1353//785
f 1353//786 1328//786 1329//786
f 1353//787 1329//787 1354//787
f 1354//787 1329//787 1330//787
f 1354//788 1330//788 1355//788
f 1355//789 1330//789 1331//789
f 1355//790 1331//790 1356//790
f 1356//790 1331//790 1332//790
f 1356//791 1332//791 1357//791
f 1357//791 1332//791 1333//791
f 1357//792 1333//792 1358//792
f 1358//793 1333//793 1334//793
f 1358//794 1334//794 1359//794
f 1359//794 1334//794 1335//794
f 1359//795 1335//795 1360//795
f 1360//795 1335//795 1336//795
f 1360//796 1336//796 1361//796
f 1361//797 1336//797 1337//797
f 1361//798 1337//798 1362//798
f 1363//799 983//799 1338//799
f 1291//800 1290//800 1364//800
f 1364//801 1290//801 1365//801
f 1364//802 1365//802 1366//802
f 1366//803 1365//803 1367//803
f 1366//804 1367//804 1368//804
f 1368//805 1367//805 1369//805
f 1368//806 1369//806 1370//806
f 1363//807 1338//807 1371//807
f 1371//808 1338//808 1339//808
f 1371//809 1339//809 1372//809
f 1372//810 1339//810 1340//810
f 1372//811 1340//811 1373//811
f 1373//812 1340//812 1341//812
f 1373//813 1341//813 1374//813
f 1374//813 1341//813 1342//813
f 1374//814 1342//814 1375//814
f 1375//815 1342//815 1343//815
f 1375//816 1343//816 1376//816
f 1376//817 1343//817 1344//817
f 1376//818 1344//818 1377//818
f 1377//819 1344//819 1345//819
f 1377//820 1345//820 1378//820
f 1378//821 1345//821 1346//821
f 1378//822 1346//822 1379//822
f 1379//822 1346//822 1347//822
f 1379//823 1347//823 1380//823
f 1380//823 1347//823 1348//823
f 1380//824 1348//824 1381//824
f 1381//825 1348//825 1349//825
f 1381//826 1349//826 1382//826
f 1382//826 1349//826 1350//826
f 1382//827 1350//827 1383//827
f 1383//828 1350//828 1351//828
f 1383//829 1351//829 1384//829
f 1384//830 1351//830 1352//830
f 1384//831 1352//831 1385//831
f 1385//832 1352//832 1353//832
f 1385//833 1353//833 1386//833
f 1386//833 1353//833 1354//833
f 1386//834 1354//834 1387//834
f 1387//834 1354//834 1355//834
f 1387//835 1355//835 1388//835
f 1388//835 1355//835 1356//835
f 1388//836 1356//836 1389//836
f 1389//836 1356//836 1357//836
f 1389//837 1357//837 1390//837
f 1390//837 1357//837 1358//837
f 1390//838 1358//838 1391//838
f 1391//839 1358//839 1359//839
f 1391//840 1359//840 1392//840
f 1392//840 1359//840 1360//840
f 1392//841 1360//841 1393//841
f 1393//841 1360//841 1361//841
f 1393//842 1361//842 1394//842
f 1394//842 1361//842 1362//842
f 1394//843 1362//843 1395//843
f 1396//844 983//844 1363//844
f 1396//845 1363//845 1397//845
f 1397//845 1363//845 1371//845
f 1397//846 1371//846 1398//846
f 1398//847 1371//847 1372//847
f 1398//848 1372//848 1399//848
f 1399//849 1372//849 1373//849
f 1399//850 1373//850 1400//850
f 1400//851 1373//851 1374//851
f 1400//852 1374//852 1401//852
f 1401//853 1374//853 1375//853
f 1401//854 1375//854 1402//854
f 1402//855 1375//855 1376//855
f 1402//856 1376//856 1403//856
f 1403//857 1376//857 1377//857
f 1403//858 1377//858 1404//858
f 1404//859 1377//859 1378//859
f 1404//860 1378//860 1405//860
f 1405//861 1378//861 1379//861
f 1405//862 1379//862 1406//862
f 1406//862 1379//862 1380//862
f 1406//863 1380//863 1407//863
f 1407//863 1380//863 1381//863
f 1407//864 1381//864 1408//864
f 1408//864 1381//864 1382//864
f 1408//865 1382//865 1409//865
f 1409//865 1382//865 1383//865
f 1409//866 1383//866 1410//866
f 1410//867 1383//867 1384//867
f 1410//868 1384//868 1411//868
f 1411//868 1384//868 1385//868
f 1411//869 1385//869 1412//869
f 1412//870 1385//870 1386//870
f 1412//871 1386//871 1413//871
f 1413//872 1386//872 1387//872
f 1413//873 1387//873 1414//873
f 1414//874 1387//874 1388//874
f 1414//875 1388//875 1415//875
f 1415//875 1388//875 1389//875
f 1415//876 1389//876 1416//876
f 1416//877 1389//877 1390//877
f 1416//878 1390//878 1417//878
f 1417//878 1390//878 1391//878
f 1417//879 1391//879 1418//879
f 1418//880 1391//880 1392//880
f 1418//881 1392//881 1419//881
f 1419//881 1392//881 1393//881
f 1419//882 1393//882 1420//882
f 1420//882 1393//882 1394//882
f 1420//883 1394//883 1421//883
f 1421//883 1394//883 1395//883
f 1421//884 1395//884 1422//884
f 1423//885 983//885 1396//885
f 1423//886 1396//886 1424//886
f 1424//887 1396//887 1397//887
f 1424//888 1397//888 1425//888
f 1425//889 1397//889 1398//889
f 1425//890 1398//890 1426//890
f 1426//891 1398//891 1399//891
f 1426//892 1399//892 1427//892
f 1427//893 1399//893 1400//893
f 1427//894 1400//894 1428//894
f 1428//895 1400//895 1401//895
f 1428//896 1401//896 1429//896
f 1429//897 1401//897 1402//897
f 1429//898 1402//898 1430//898
f 1430//899 1402//899 1403//899
f 1430//900 1403//900 1431//900
f 1431//901 1403//901 1404//901
f 1431//902 1404//902 1432//902
f 1432//903 1404//903 1405//903
f 1432//904 1405//904 1433//904
f 1433//904 1405//904 1406//904
f 1433//905 1406//905 1434//905
f 1434//905 1406//905 1407//905
f 1434//906 1407//906 1435//906
f 1435//907 1407//907 1408//907
f 1435//908 1408//908 1436//908
f 1436//909 1408//909 1409//909
f 1436//910 1409//910 1437//910
f 1437//910 1409//910 1410//910
f 1437//911 1410//911 1438//911
f 1438//912 1410//912 1411//912
f 1438//913 1411//913 1439//913
f 1439//913 1411//913 1412//913
f 1439//914 1412//914 1440//914
f 1440//914 1412//914 1413//914
f 1440//915 1413//915 1441//915
f 1441//915 1413//915 1414//915
f 1441//916 1414//916 1442//916
f 1442//917 1414//917 1415//917
f 1442//918 1415//918 1443//918
f 1443//918 1415//918 1416//918
f 1443//919 1416//919 1444//919
f 1444//919 1416//919 1417//919
f 1444//920 1417//920 1445//920
f 1445//921 1417//921 1418//921
f 1445//922 1418//922 1446//922
f 1446//922 1418//922 1419//922
f 1446//923 1419//923 1447//923
f 1447//923 1419//923 1420//923
f 1447//924 1420//924 1448//924
f 1448//924 1420//924 1421//924
f 1448//925 1421//925 1449//925
f 1449//925 1421//925 1422//925
f 1449//926 1422//926 1450//926
f 1451//927 983//927 1423//927
f 1370//928 1369//928 1452//928
f 1452//929 1369//929 1453//929
f 1452//930 1453//930 1454//930
f 1454//931 1453//931 1455//931
f 1454//932 1455//932 1456//932
f 1456//933 1455//933 1457//933
f 1456//934 1457//934 1458//934
f 1451//935 1423//935 1459//935
f 1459//936 1423//936 1424//936
f 1459//937 1424//937 1460//937
f 1460//938 1424//938 1425//938
f 1460//939 1425//939 1461//939
f 1461//939 1425//939 1426//939
f 1461//940 1426//940 1462//940
f 1462//941 1426//941 1427//941
f 1462//942 1427//942 1463//942
f 1463//943 1427//943 1428//943
f 1463//944 1428//944 1464//944
f 1464//944 1428//944 1429//944
f 1464//945 1429//945 1465//945
f 1465//945 1429//945 1430//945
f 1465//946 1430//946 1466//946
f 1466//947 1430//947 1431//947
f 1466//948 1431//948 1467//948
f 1467//948 1431//948 1432//948
f 1467//949 1432//949 1468//949
f 1468//949 1432//949 1433//949
f 1468//950 1433//950 1469//950
f 1469//950 1433//950 1434//950
f 1469//951 1434//951 1470//951
f 1470//951 1434//951 1435//951
f 1470//952 1435//952 1471//952
f 1471//952 1435//952 1436//952
f 1471//953 1436//953 1472//953
f 1472//954 1436//954 1437//954
f 1472//955 1437//955 1473//955
f 1473//956 1437//956 1438//956
f 1473//957 1438//957 1474//957
f 1474//958 1438//958 1439//958
f 1474//959 1439//959 1475//959
f 1475//960 1439//960 1440//960
f 1475//961 1440//961 1476//961
f 1476//962 1440//962 1441//962
f 1476//963 1441//963 1477//963
f 1477//963 1441//963 1442//963
f 1477//964 1442//964 1478//964
f 1478//964 1442//964 1443//964
f 1478//965 1443//965 1479//965
f 1479//965 1443//965 1444//965
f 1479//966 1444//966 1480//966
f 1480//966 1444//966 1445//966
f 1480//967 1445//967 1481//967
f 1481//967 1445//967 1446//967
f 1481//968 1446//968 1482//968
f 1482//968 1446//968 1447//968
f 1482//969 1447//969 1483//969
f 1483//969 1447//969 1448//969
f 1483//970 1448//970 1484//970
f 1484//970 1448//970 1449//970
f 1484//971 1449//971 1485//971
f 1485//972 1449//972 1450//972
f 1485//973 1450//973 1486//973
f 1487//974 983//974 1451//974
f 1458//975 1457//975 1488//975
f 1488//976 1457//976 1489//976
f 1488//977 1489//977 1490//977
f 1487//978 1451//978 1491//978
f 1491//978 1451//978 1459//978
f 1491//979 1459//979 1492//979
f 1492//979 1459//979 1460//979
f 1492//980 1460//980 1493//980
f 1493//980 1460//980 1461//980
f 1493//981 1461//981 1494//981
f 1494//981 1461//981 1462//981
f 1494//982 1462//982 1495//982
f 1495//982 1462//982 1463//982
f 1495//983 1463//983 1496//983
f 1496//984 1463//984 1464//984
f 1496//985 1464//985 1497//985
f 1497//985 1464//985 1465//985
f 1497//986 1465//986 1498//986
f 1498//987 1465//987 1466//987
f 1498//988 1466//988 1499//988
f 1499//989 1466//989 1467//989
f 1499//990 1467//990 1500//990
f 1500//991 1467//991 1468//991
f 1500//992 1468//992 1501//992
f 1501//992 1468//992 1469//992
f 1501//993 1469//993 1502//993
f 1502//994 1469//994 1470//994
f 1502//995 1470//995 1503//995
f 1503//995 1470//995 1471//995
f 1503//996 1471//996 1504//996
f 1504//997 1471//997 1472//997
f 1504//998 1472//998 1505//998
f 1505//998 1472//998 1473//998
f 1505//999 1473//999 1506//999
f 1506//1000 1473//1000 1474//1000
f 1506//1001 1474//1001 1507//1001
f 1507//1001 1474//1001 1475//1001
f 1507//1002 1475//1002 1508//1002
f 1508//1002 1475//1002 1476//1002
f 1508//1003 1476//1003 1509//1003
f 1509//1003 1476//1003 1477//1003
f 1509//1004 1477//1004 1510//1004
f 1510//1004 1477//1004 1478//1004
f 1510//1005 1478//1005 1511//1005
f 1511//1005 1478//1005 1479//1005
f 1511//1006 1479//1006 1512//1006
f 1512//1006 1479//1006 1480//1006
f 1512//1007 1480//1007 1513//1007
f 1513//1008 1480//1008 1481//1008
f 1513//1009 1481//1009 1514//1009
f 1514//1009 1481//1009 1482//1009
f 1514//1010 1482//1010 1515//1010
f 1515//1010 1482//1010 1483//1010
f 1515//1011 1483//1011 1516//1011
f 1516//1011 1483//1011 1484//1011
f 1516//1012 1484//1012 1517//1012
f 1517//1012 1484//1012 1485//1012
f 1517//1013 1485//1013 1518//1013
f 1518//1013 1485//1013 1486//1013
f 1518//1014 1486//1014 1519//1014
f 1520//1015 983//1015 1487//1015
f 1520//1016 1487//1016 1521//1016
f 1521//1017 1487//1017 1491//1017
f 1521//1018 1491//1018 1522//1018
f 1522//1019 1491//1019 1492//1019
f 1522//1020 1492//1020 1523//1020
f 1523//1021 1492//1021 1493//1021
f 1523//1022 1493//1022 1524//1022
f 1524//1022 1493//1022 1494//1022
f 1524//1023 1494//1023 1525//1023
f 1525//1024 1494//1024 1495//1024
f 1525//1025 1495//1025 1526//1025
f 1526//1026 1495//1026 1496//1026
f 1526//1027 1496//1027 1527//1027
f 1527//1028 1496//1028 1497//1028
f 1527//1029 1497//1029 1528//1029
f 1528//1030 1497//1030 1498//1030
f 1528//1031 1498//1031 1529//1031
f 1529//1031 1498//1031 1499//1031
f 1529//1032 1499//1032 1530//1032
f 1530//1032 1499//1032 1500//1032
f 1530//1033 1500//1033 1531//1033
f 1531//1034 1500//1034 1501//1034
f 1531//1035 1501//1035 1532//1035
f 1532//1036 1501//1036 1502//1036
f 1532//1037 1502//1037 1533//1037
f 1533//1038 1502//1038 1503//1038
f 1533//1039 1503//1039 1534//1039
f 1534//1039 1503//1039 1504//1039
f 1534//1040 1504//1040 1535//1040
f 1535//1040 1504//1040 1505//1040
f 1535//1041 1505//1041 1536//1041
f 1536//1042 1505//1042 1506//1042
f 1536//1043 1506//1043 1537//1043
f 1537//1044 1506//1044 1507//1044
f 1537//1045 1507//1045 1538//1045
f 1538//1045 1507//1045 1508//1045
f 1538//1046 1508//1046 1539//1046
f 1539//1047 1508//1047 1509//1047
f 1539//1048 1509//1048 1540//1048
f 1540//1048 1509//1048 1510//1048
f 1540//1049 1510//1049 1541//1049
f 1541//1049 1510//1049 1511//1049
f 1541//1050 1511//1050 1542//1050
f 1542//1050 1511//1050 1512//1050
f 1542//1051 1512//1051 1543//1051
f 1543//1051 1512//1051 1513//1051
f 1543//1052 1513//1052 1544//1052
f 1544//1052 1513//1052 1514//1052
f 1544//1053 1514//1053 1545//1053
f 1545//1053 1514//1053 1515//1053
f 1545//1054 1515//1054 1546//1054
f 1546//1054 1515//1054 1516//1054
f 1546//1055 1516//1055 1547//1055
f 1547//1055 1516//1055 1517//1055
f 1547//1056 1517//1056 1548//1056
f 1548//1057 1517//1057 1518//1057
f 1548//1058 1518//1058 1549//1058
f 1549//1058 1518//1058 1519//1058
f 1549//1059 1519//1059 1550//1059
f 1551//1060 983//1060 1520//1060
f 1551//1061 1520//1061 1552//1061
f 1552//1062 1520//1062 1521//1062
f 1552//1063 1521//1063 1553//1063
f 1553//1064 1521//1064 1522//1064
f 1553//1065 1522//1065 1554//1065
f 1554//1065 1522//1065 1523//1065
f 1554//1066 1523//1066 1555//1066
f 1555//1066 1523//1066 1524//1066
f 1555//1067 1524//1067 1556//1067
f 1556//1068 1524//1068 1525//1068
f 1556//1069 1525//1069 1557//1069
f 1557//1069 1525//1069 1526//1069
f 1557//1070 1526//1070 1558//1070
f 1558//1071 1526//1071 1527//1071
f 1558//1072 1527//1072 1559//1072
f 1559//1072 1527//1072 1528//1072
f 1559//1073 1528//1073 1560//1073
f 1560//1073 1528//1073 1529//1073
f 1560//1074 1529//1074 1561//1074
f 1561//1075 1529//1075 1530//1075
f 1561//1076 1530//1076 1562//1076
f 1562//1076 1530//1076 1531//1076
f 1562//1077 1531//1077 1563//1077
f 1563//1078 1531//1078 1532//1078
f 1563//1079 1532//1079 1564//1079
f 1564//1080 1532//1080 1533//1080
f 1564//1081 1533//1081 1565//1081
f 1565//1082 1533//1082 1534//1082
f 1565//1083 1534//1083 1566//1083
f 1566//1084 1534//1084 1535//1084
f 1566//1085 1535//1085 1567//1085
f 1567//1086 1535//1086 1536//1086
f 1567//1087 1536//1087 1568//1087
f 1568//1088 1536//1088 1537//1088
f 1568//1089 1537//1089 1569//1089
f 1569//1090 1537//1090 1538//1090
f 1569//1091 1538//1091 1570//1091
f 1570//1092 1538//1092 1539//1092
f 1570//1093 1539//1093 1571//1093
f 1571//1093 1539//1093 1540//1093
f 1571//1094 1540//1094 1572//1094
f 1572//1094 1540//1094 1541//1094
f 1572//1095 1541//1095 1573//1095
f 1573//1095 1541//1095 1542//1095
f 1573//1096 1542//1096 1574//1096
f 1574//1096 1542//1096 1543//1096
f 1574//1097 1543//1097 1575//1097
f 1575//1097 1543//1097 1544//1097
f 1575//1098 1544//1098 1576//1098
f 1576//1098 1544//1098 1545//1098
f 1576//1099 1545//1099 1577//1099
f 1577//1099 1545//1099 1546//1099
f 1577//1100 1546//1100 1578//1100
f 1578//1101 1546//1101 1547//1101
f 1578//1102 1547//1102 1579//1102
f 1579//1102 1547//1102 1548//1102
f 1579//1103 1548//1103 1580//1103
f 1580//1103 1548//1103 1549//1103
f 1580//1104 1549//1104 1581//1104
f 1581//1104 1549//1104 1550//1104
f 1581//1105 1550//1105 1582//1105
f 985//1106 983//1106 1551//1106
f 1490//1107 1489//1107 1583//1107
f 1583//1108 1489//1108 1584//1108
f 1583//1109 1584//1109 1585//1109
f 1585//1110 1584//1110 1586//1110
f 1585//1111 1586//1111 1587//1111
f 1587//1112 1586//1112 1588//1112
f 1587//1113 1588//1113 1589//1113
f 985//1114 1551//1114 986//1114
f 986//1115 1551//1115 1552//1115
f 986//1116 1552//1116 1002//1116
f 1002//1117 1552//1117 1553//1117
f 1002//1118 1553//1118 1004//1118
f 1004//1119 1553//1119 1554//1119
f 1004//1120 1554//1120 1006//1120
f 1006//1121 1554//1121 1555//1121
f 1006//1122 1555//1122 1030//1122
f 1030//1123 1555//1123 1556//1123
f 1030//1124 1556//1124 1032//1124
f 1032//1124 1556//1124 1557//1124
f 1032//1125 1557//1125 1034//1125
f 1034//1125 1557//1125 1558//1125
f 1034//1126 1558//1126 1068//1126
f 1068//1126 1558//1126 1559//1126
f 1068//1127 1559//1127 1070//1127
f 1070//1128 1559//1128 1560//1128
f 1070//1129 1560//1129 1072//1129
f 1072//1130 1560//1130 1561//1130
f 1072//1131 1561//1131 1087//1131
f 1087//1132 1561//1132 1562//1132
f 1087//1133 1562//1133 1132//1133
f 1132//1133 1562//1133 1563//1133
f 1132//1134 1563//1134 1134//1134
f 1134//1135 1563//1135 1564//1135
f 1134//1136 1564//1136 1136//1136
f 1136//1136 1564//1136 1565//1136
f 1136//1137 1565//1137 1190//1137
f 1190//1138 1565//1138 1566//1138
f 1190//1139 1566//1139 1192//1139
f 1192//1139 1566//1139 1567//1139
f 1192//1140 1567//1140 1194//1140
f 1194//1140 1567//1140 1568//1140
f 1194//1141 1568//1141 1216//1141
f 1216//1141 1568//1141 1569//1141
f 1216//1142 1569//1142 1239//1142
f 1239//1142 1569//1142 1570//1142
f 1239//1143 1570//1143 1288//1143
f 1288//1143 1570//1143 1571//1143
f 1288//1144 1571//1144 1290//1144
f 1290//1145 1571//1145 1572//1145
f 1290//1146 1572//1146 1365//1146
f 1365//1146 1572//1146 1573//1146
f 1365//1147 1573//1147 1367//1147
f 1367//1147 1573//1147 1574//1147
f 1367//1148 1574//1148 1369//1148
f 1369//1148 1574//1148 1575//1148
f 1369//1149 1575//1149 1453//1149
f 1453//1149 1575//1149 1576//1149
f 1453//1150 1576//1150 1455//1150
f 1455//1150 1576//1150 1577//1150
f 1455//1151 1577//1151 1457//1151
f 1457//1151 1577//1151 1578//1151
f 1457//1152 1578//1152 1489//1152
f 1489//1152 1578//1152 1579//1152
f 1489//1153 1579//1153 1584//1153
f 1584//1153 1579//1153 1580//1153
f 1584//1154 1580//1154 1586//1154
f 1586//1154 1580//1154 1581//1154
f 1586//1155 1581//1155 1588//1155
f 1588//1155 1581//1155 1582//1155
f 1588//1156 1582//1156 940//1156
f 987//1157 983//1157 985//1157
f 940//1158 939//1158 1588//1158
f 1588//1159 939//1159 1590//1159
f 1588//1160 1590//1160 1589//1160
f 1591//1161 938//1161 1592//1161
f 1592//1162 938//1162 940//1162
f 1592//1163 940//1163 1593//1163
f 1593//1156 940//1156 1582//1156
f 1593//1164 1582//1164 1594//1164
f 1594//1105 1582//1105 1550//1105
f 1594//1165 1550//1165 1595//1165
f 1595//1059 1550//1059 1519//1059
f 1595//1166 1519//1166 1596//1166
f 1596//1014 1519//1014 1486//1014
f 1596//1167 1486//1167 1597//1167
f 1597//1168 1486//1168 1450//1168
f 1597//1169 1450//1169 1598//1169
f 1598//1170 1450//1170 1422//1170
f 1598//1171 1422//1171 1599//1171
f 1599//884 1422//884 1395//884
f 1599//1172 1395//1172 1600//1172
f 1600//843 1395//843 1362//843
f 1600//1173 1362//1173 1601//1173
f 1601//798 1362//798 1337//798
f 1601//1174 1337//1174 1602//1174
f 1602//763 1337//763 1313//763
f 1602//1175 1313//1175 1603//1175
f 1603//1176 1313//1176 1282//1176
f 1603//1177 1282//1177 1604//1177
f 1604//684 1282//684 1260//684
f 1604//1178 1260//1178 1605//1178
f 1605//652 1260//652 1236//652
f 1605//1179 1236//1179 1606//1179
f 1606//1180 1236//1180 1213//1180
f 1606//1181 1213//1181 1607//1181
f 1607//1182 1213//1182 1187//1182
f 1607//1183 1187//1183 1608//1183
f 1608//551 1187//551 1169//551
f 1608//1184 1169//1184 1609//1184
f 1609//526 1169//526 1152//526
f 1609//1185 1152//1185 1610//1185
f 1610//501 1152//501 1129//501
f 1610//1186 1129//1186 1611//1186
f 1611//1187 1129//1187 1114//1187
f 1611//1188 1114//1188 1612//1188
f 1612//448 1114//448 1100//448
f 1612//1189 1100//1189 1613//1189
f 1613//428 1100//428 1084//428
f 1613//1190 1084//1190 1614//1190
f 1614//1191 1084//1191 1065//1191
f 1614//1192 1065//1192 1615//1192
f 1615//379 1065//379 1053//379
f 1615//1193 1053//1193 1616//1193
f 1616//1194 1053//1194 1043//1194
f 1616//1195 1043//1195 1617//1195
f 1617//349 1043//349 1027//349
f 1617//1196 1027//1196 1618//1196
f 1618//329 1027//329 1019//329
f 1618//1197 1019//1197 1619//1197
f 1619//1198 1019//1198 1012//1198
f 1619//1199 1012//1199 1620//1199
f 1620//308 1012//308 999//308
f 1620//1200 999//1200 1621//1200
f 1621//1201 999//1201 994//1201
f 1621//1202 994//1202 1622//1202
f 1622//285 994//285 990//285
f 1622//1203 990//1203 1623//1203
f 1623//279 990//279 980//279
f 1623//1204 980//1204 1624//1204
f 1624//1205 980//1205 982//1205
f 1624//1206 982//1206 1625//1206
f 1625//1207 982//1207 983//1207
f 983//1208 1626//1208 1625//1208
f 1625//1209 1626//1209 1627//1209
f 1625//1210 1627//1210 1624//1210
f 1624//1211 1627//1211 1628//1211
f 1624//1212 1628//1212 1623//1212
f 1623//1213 1628//1213 1629//1213
f 1623//1203 1629//1203 1622//1203
f 1622//1214 1629//1214 1630//1214
f 1622//1202 1630//1202 1621//1202
f 1621//1215 1630//1215 1631//1215
f 1621//1216 1631//1216 1620//1216
f 1620//1217 1631//1217 1632//1217
f 1620//1199 1632//1199 1619//1199
f 1619//1218 1632//1218 1633//1218
f 1619//1219 1633//1219 1618//1219
f 1618//1220 1633//1220 1634//1220
f 1618//1196 1634//1196 1617//1196
f 1617//1221 1634//1221 1635//1221
f 1617//1195 1635//1195 1616//1195
f 1616//1222 1635//1222 1636//1222
f 1616//1223 1636//1223 1615//1223
f 1615//1224 1636//1224 1637//1224
f 1615//1192 1637//1192 1614//1192
f 1614//1225 1637//1225 1638//1225
f 1614//1190 1638//1190 1613//1190
f 1613//1226 1638//1226 1639//1226
f 1613//1189 1639//1189 1612//1189
f 1612//1227 1639//1227 1640//1227
f 1612//1188 1640//1188 1611//1188
f 1611//1228 1640//1228 1641//1228
f 1611//1229 1641//1229 1610//1229
f 1610//1230 1641//1230 1642//1230
f 1610//1185 1642//1185 1609//1185
f 1609//1231 1642//1231 1643//1231
f 1609//1232 1643//1232 1608//1232
f 1608//1233 1643//1233 1644//1233
f 1608//1183 1644//1183 1607//1183
f 1607//1234 1644//1234 1645//1234
f 1607//1181 1645//1181 1606//1181
f 1606//1235 1645//1235 1646//1235
f 1606//1179 1646//1179 1605//1179
f 1605//1236 1646//1236 1647//1236
f 1605//1178 1647//1178 1604//1178
f 1604//1237 1647//1237 1648//1237
f 1604//1238 1648//1238 1603//1238
f 1603//1239 1648//1239 1649//1239
f 1603//1175 1649//1175 1602//1175
f 1602//1240 1649//1240 1650//1240
f 1602//1241 1650//1241 1601//1241
f 1601//1242 1650//1242 1651//1242
f 1601//1243 1651//1243 1600//1243
f 1600//1244 1651//1244 1652//1244
f 1600//1172 1652//1172 1599//1172
f 1599//1245 1652//1245 1653//1245
f 1599//1171 1653//1171 1598//1171
f 1598//1246 1653//1246 1654//1246
f 1598//1247 1654//1247 1597//1247
f 1597//1248 1654//1248 1655//1248
f 1597//1167 1655//1167 1596//1167
f 1596//1249 1655//1249 1656//1249
f 1596//1250 1656//1250 1595//1250
f 1595//1251 1656//1251 1657//1251
f 1595//1165 1657//1165 1594//1165
f 1594//1252 1657//1252 1658//1252
f 1594//1164 1658//1164 1593//1164
f 1593//1253 1658//1253 1659//1253
f 1593//1163 1659//1163 1592//1163
f 1592//1254 1659//1254 1660//1254
f 1592//1255 1660//1255 1591//1255
f 1591//1256 1660//1256 1661//1256
f 983//1257 1662//1257 1626//1257
f 1626//1258 1662//1258 1663//1258
f 1626//1259 1663//1259 1627//1259
f 1627//1260 1663//1260 1664//1260
f 1627//1261 1664//1261 1628//1261
f 1628//1262 1664//1262 1665//1262
f 1628//1213 1665//1213 1629//1213
f 1629//1263 1665//1263 1666//1263
f 1629//1214 1666//1214 1630//1214
f 1630//1264 1666//1264 1667//1264
f 1630//1215 1667//1215 1631//1215
f 1631//1265 1667//1265 1668//1265
f 1631//1217 1668//1217 1632//1217
f 1632//1266 1668//1266 1669//1266
f 1632//1267 1669//1267 1633//1267
f 1633//1268 1669//1268 1670//1268
f 1633//1269 1670//1269 1634//1269
f 1634//1270 1670//1270 1671//1270
f 1634//1221 1671//1221 1635//1221
f 1635//1271 1671//1271 1672//1271
f 1635//1272 1672//1272 1636//1272
f 1636//1273 1672//1273 1673//1273
f 1636//1274 1673//1274 1637//1274
f 1637//1275 1673//1275 1674//1275
f 1637//1225 1674//1225 1638//1225
f 1638//1276 1674//1276 1675//1276
f 1638//1277 1675//1277 1639//1277
f 1639//1278 1675//1278 1676//1278
f 1639//1227 1676//1227 1640//1227
f 1640//1279 1676//1279 1677//1279
f 1640//1228 1677//1228 1641//1228
f 1641//1280 1677//1280 1678//1280
f 1641//1281 1678//1281 1642//1281
f 1642//1282 1678//1282 1679//1282
f 1642//1283 1679//1283 1643//1283
f 1643//1284 1679//1284 1680//1284
f 1643//1233 1680//1233 1644//1233
f 1644//1285 1680//1285 1681//1285
f 1644//1286 1681//1286 1645//1286
f 1645//1287 1681//1287 1682//1287
f 1645//1235 1682//1235 1646//1235
f 1646//1288 1682//1288 1683//1288
f 1646//1236 1683//1236 1647//1236
f 1647//1289 1683//1289 1684//1289
f 1647//1290 1684//1290 1648//1290
f 1648//1291 1684//1291 1685//1291
f 1648//1239 1685//1239 1649//1239
f 1649//1292 1685//1292 1686//1292
f 1649//1240 1686//1240 1650//1240
f 1650//1293 1686//1293 1687//1293
f 1650//1294 1687//1294 1651//1294
f 1651//1295 1687//1295 1688//1295
f 1651//1244 1688//1244 1652//1244
f 1652//1296 1688//1296 1689//1296
f 1652//1245 1689//1245 1653//1245
f 1653//1297 1689//1297 1690//1297
f 1653//1246 1690//1246 1654//1246
f 1654//1298 1690//1298 1691//1298
f 1654//1248 1691//1248 1655//1248
f 1655//1299 1691//1299 1692//1299
f 1655//1249 1692//1249 1656//1249
f 1656//1300 1692//1300 1693//1300
f 1656//1251 1693//1251 1657//1251
f 1657//1301 1693//1301 1694//1301
f 1657//1252 1694//1252 1658//1252
f 1658//1302 1694//1302 1695//1302
f 1658//1253 1695//1253 1659//1253
f 1659//1303 1695//1303 1696//1303
f 1659//1254 1696//1254 1660//1254
f 1660//1304 1696//1304 934//1304
f 1660//1305 934//1305 1661//1305
f 1661//1306 934//1306 933//1306
f 1697//1307 932//1307 1698//1307
f 1698//1308 932//1308 934//1308
f 1698//1309 934//1309 1699//1309
f 1699//1304 934//1304 1696//1304
f 1699//1310 1696//1310 1700//1310
f 1700//1303 1696//1303 1695//1303
f 1700//1311 1695//1311 1701//1311
f 1701//1302 1695//1302 1694//1302
f 1701//1312 1694//1312 1702//1312
f 1702//1301 1694//1301 1693//1301
f 1702//1313 1693//1313 1703//1313
f 1703//1300 1693//1300 1692//1300
f 1703//1314 1692//1314 1704//1314
f 1704//1299 1692//1299 1691//1299
f 1704//1315 1691//1315 1705//1315
f 1705//1298 1691//1298 1690//1298
f 1705//1316 1690//1316 1706//1316
f 1706//1297 1690//1297 1689//1297
f 1706//1317 1689//1317 1707//1317
f 1707//1318 1689//1318 1688//1318
f 1707//1319 1688//1319 1708//1319
f 1708//1295 1688//1295 1687//1295
f 1708//1320 1687//1320 1709//1320
f 1709//1293 1687//1293 1686//1293
f 1709//1321 1686//1321 1710//1321
f 1710//1322 1686//1322 1685//1322
f 1710//1323 1685//1323 1711//1323
f 1711//1324 1685//1324 1684//1324
f 1711//1325 1684//1325 1712//1325
f 1712//1289 1684//1289 1683//1289
f 1712//1326 1683//1326 1713//1326
f 1713//1288 1683//1288 1682//1288
f 1713//1327 1682//1327 1714//1327
f 1714//1287 1682//1287 1681//1287
f 1714//1328 1681//1328 1715//1328
f 1715//1329 1681//1329 1680//1329
f 1715//1330 1680//1330 1716//1330
f 1716//1284 1680//1284 1679//1284
f 1716//1331 1679//1331 1717//1331
f 1717//1282 1679//1282 1678//1282
f 1717//1332 1678//1332 1718//1332
f 1718//1333 1678//1333 1677//1333
f 1718//1334 1677//1334 1719//1334
f 1719//1335 1677//1335 1676//1335
f 1719//1336 1676//1336 1720//1336
f 1720//1337 1676//1337 1675//1337
f 1720//1338 1675//1338 1721//1338
f 1721//1339 1675//1339 1674//1339
f 1721//1340 1674//1340 1722//1340
f 1722//1275 1674//1275 1673//1275
f 1722//1341 1673//1341 1723//1341
f 1723//1342 1673//1342 1672//1342
f 1723//1343 1672//1343 1724//1343
f 1724//1271 1672//1271 1671//1271
f 1724//1344 1671//1344 1725//1344
f 1725//1270 1671//1270 1670//1270
f 1725//1345 1670//1345 1726//1345
f 1726//1346 1670//1346 1669//1346
f 1726//1347 1669//1347 1727//1347
f 1727//1266 1669//1266 1668//1266
f 1727//1348 1668//1348 1728//1348
f 1728//1265 1668//1265 1667//1265
f 1728//1349 1667//1349 1729//1349
f 1729//1264 1667//1264 1666//1264
f 1729//1350 1666//1350 1730//1350
f 1730//1263 1666//1263 1665//1263
f 1730//1351 1665//1351 1731//1351
f 1731//1352 1665//1352 1664//1352
f 1731//1353 1664//1353 1732//1353
f 1732//1260 1664//1260 1663//1260
f 1732//1354 1663//1354 1733//1354
f 1733//1355 1663//1355 1662//1355
f 1733//1356 1662//1356 1734//1356
f 1734//1357 1662//1357 983//1357
f 930//1358 1735//1358 931//1358
f 931//1359 1735//1359 1736//1359
f 931//1360 1736//1360 1737//1360
f 1737//1361 1736//1361 1738//1361
f 1737//1362 1738//1362 1739//1362
f 1739//1363 1738//1363 1740//1363
f 1739//1364 1740//1364 1741//1364
f 1741//1365 1740//1365 1742//1365
f 1741//1366 1742//1366 1743//1366
f 1743//1367 1742//1367 1744//1367
f 1743//1368 1744//1368 1745//1368
f 1745//1369 1744//1369 1746//1369
f 1745//1370 1746//1370 1747//1370
f 1747//1371 1746//1371 1748//1371
f 1747//1372 1748//1372 1749//1372
f 1749//1373 1748//1373 1750//1373
f 1749//1374 1750//1374 1751//1374
f 1751//1375 1750//1375 1752//1375
f 1751//1376 1752//1376 1753//1376
f 1753//1377 1752//1377 1754//1377
f 1753//1378 1754//1378 1755//1378
f 1755//1379 1754//1379 1756//1379
f 1755//1380 1756//1380 1757//1380
f 1757//1381 1756//1381 1758//1381
f 1757//1382 1758//1382 1759//1382
f 1759//1383 1758//1383 1760//1383
f 1759//1384 1760//1384 1761//1384
f 1761//1385 1760//1385 1762//1385
f 1761//1386 1762//1386 1763//1386
f 1763//1387 1762//1387 1764//1387
f 1763//1388 1764//1388 1765//1388
f 1765//1389 1764//1389 1766//1389
f 1765//1390 1766//1390 1767//1390
f 1767//1391 1766//1391 1768//1391
f 1767//1392 1768//1392 1769//1392
f 1769//1393 1768//1393 1770//1393
f 1769//1394 1770//1394 1771//1394
f 1771//1395 1770//1395 1772//1395
f 1771//1396 1772//1396 1773//1396
f 1773//1397 1772//1397 1774//1397
f 1773//1398 1774//1398 1775//1398
f 1775//1399 1774//1399 1776//1399
f 1775//1400 1776//1400 1777//1400
f 1777//1401 1776//1401 1778//1401
f 1777//1402 1778//1402 1779//1402
f 1779//1403 1778//1403 1780//1403
f 1779//1404 1780//1404 1781//1404
f 1781//1405 1780//1405 1782//1405
f 1781//1406 1782//1406 1783//1406
f 1783//1407 1782//1407 1784//1407
f 1783//1408 1784//1408 1785//1408
f 1785//1409 1784//1409 1786//1409
f 1785//1410 1786//1410 1787//1410
f 1787//1411 1786//1411 1788//1411
f 1787//1412 1788//1412 1789//1412
f 1789//1413 1788//1413 1790//1413
f 1789//1414 1790//1414 1791//1414
f 1791//1415 1790//1415 1792//1415
f 1791//1416 1792//1416 1793//1416
f 1793//1417 1792//1417 1794//1417
f 1793//1418 1794//1418 1795//1418
f 1795//1419 1794//1419 1796//1419
f 1795//1420 1796//1420 1797//1420
f 1797//1421 1796//1421 1798//1421
f 1797//1422 1798//1422 1799//1422
f 1799//1423 1798//1423 1800//1423
f 1799//1424 1800//1424 1801//1424
f 1801//1425 1800//1425 1802//1425
f 1801//1426 1802//1426 1803//1426
f 1803//1427 1802//1427 1804//1427
f 1803//1428 1804//1428 1805//1428
f 1805//1429 1804//1429 1806//1429
f 1805//1430 1806//1430 1807//1430
f 1807//1431 1806//1431 1808//1431
f 1807//1432 1808//1432 1809//1432
f 1809//1433 1808//1433 1810//1433
f 1809//1434 1810//1434 1811//1434
f 1812//1435 929//1435 1813//1435
f 1813//1436 929//1436 931//1436
f 1813//1437 931//1437 1814//1437
f 1814//1360 931//1360 1737//1360
f 1814//1438 1737//1438 1815//1438
f 1815//1362 1737//1362 1739//1362
f 1815//1439 1739//1439 1816//1439
f 1816//1440 1739//1440 1741//1440
f 1816//1441 1741//1441 1817//1441
f 1817//1366 1741//1366 1743//1366
f 1817//1442 1743//1442 1818//1442
f 1818//1368 1743//1368 1745//1368
f 1818//1443 1745//1443 1819//1443
f 1819//1370 1745//1370 1747//1370
f 1819//1444 1747//1444 1820//1444
f 1820//1372 1747//1372 1749//1372
f 1820//1445 1749//1445 1821//1445
f 1821//1374 1749//1374 1751//1374
f 1821//1446 1751//1446 1822//1446
f 1822//1376 1751//1376 1753//1376
f 1822//1447 1753//1447 1823//1447
f 1823//1378 1753//1378 1755//1378
f 1823//1448 1755//1448 1824//1448
f 1824//1380 1755//1380 1757//1380
f 1824//1449 1757//1449 1825//1449
f 1825//1450 1757//1450 1759//1450
f 1825//1451 1759//1451 1826//1451
f 1826//1384 1759//1384 1761//1384
f 1826//1452 1761//1452 1827//1452
f 1827//1453 1761//1453 1763//1453
f 1827//1454 1763//1454 1828//1454
f 1828//1388 1763//1388 1765//1388
f 1828//1455 1765//1455 1829//1455
f 1829//1390 1765//1390 1767//1390
f 1829//1456 1767//1456 1830//1456
f 1830//1392 1767//1392 1769//1392
f 1830//1457 1769//1457 1831//1457
f 1831//1394 1769//1394 1771//1394
f 1831//1458 1771//1458 1832//1458
f 1832//1459 1771//1459 1773//1459
f 1832//51 1773//51 1833//51
f 1833//1398 1773//1398 1775//1398
f 1833//1460 1775//1460 1834//1460
f 1834//1400 1775//1400 1777//1400
f 1834//1461 1777//1461 1835//1461
f 1835//1402 1777//1402 1779//1402
f 1835//1462 1779//1462 1836//1462
f 1836//1404 1779//1404 1781//1404
f 1836//1463 1781//1463 1837//1463
f 1837//1464 1781//1464 1783//1464
f 1837//1465 1783//1465 1838//1465
f 1838//1408 1783//1408 1785//1408
f 1838//1466 1785//1466 1839//1466
f 1839//1410 1785//1410 1787//1410
f 1839//1467 1787//1467 1840//1467
f 1840//1412 1787//1412 1789//1412
f 1840//1468 1789//1468 1841//1468
f 1841//1414 1789//1414 1791//1414
f 1841//1469 1791//1469 1842//1469
f 1842//1470 1791//1470 1793//1470
f 1842//1471 1793//1471 1843//1471
f 1843//1418 1793//1418 1795//1418
f 1843//1472 1795//1472 1844//1472
f 1844//1420 1795//1420 1797//1420
f 1844//1473 1797//1473 1845//1473
f 1845//1422 1797//1422 1799//1422
f 1845//1474 1799//1474 1846//1474
f 1846//1475 1799//1475 1801//1475
f 1846//1476 1801//1476 1847//1476
f 1847//1477 1801//1477 1803//1477
f 1847//1478 1803//1478 1848//1478
f 1848//1479 1803//1479 1805//1479
f 1848//1480 1805//1480 1849//1480
f 1849//1481 1805//1481 1807//1481
f 1849//1482 1807//1482 1850//1482
f 1850//1483 1807//1483 1809//1483
f 1850//1484 1809//1484 1851//1484
f 1851//1485 1809//1485 1811//1485
f 1851//1486 1811//1486 1852//1486
f 1852//1487 1811//1487 983//1487
f 983//1488 977//1488 1852//1488
f 1852//1489 977//1489 979//1489
f 1852//1490 979//1490 1851//1490
f 1851//1491 979//1491 1853//1491
f 1851//1492 1853//1492 1850//1492
f 1850//1493 1853//1493 1854//1493
f 1850//1482 1854//1482 1849//1482
f 1849//1494 1854//1494 1855//1494
f 1849//1480 1855//1480 1848//1480
f 1848//1495 1855//1495 1856//1495
f 1848//1496 1856//1496 1847//1496
f 1847//1497 1856//1497 1857//1497
f 1847//1476 1857//1476 1846//1476
f 1846//1498 1857//1498 1858//1498
f 1846//1474 1858//1474 1845//1474
f 1845//1499 1858//1499 1859//1499
f 1845//1473 1859//1473 1844//1473
f 1844//1500 1859//1500 1860//1500
f 1844//1472 1860//1472 1843//1472
f 1843//1501 1860//1501 1861//1501
f 1843//1471 1861//1471 1842//1471
f 1842//1502 1861//1502 1862//1502
f 1842//1469 1862//1469 1841//1469
f 1841//1503 1862//1503 1863//1503
f 1841//1504 1863//1504 1840//1504
f 1840//1505 1863//1505 1864//1505
f 1840//1467 1864//1467 1839//1467
f 1839//1506 1864//1506 1865//1506
f 1839//1507 1865//1507 1838//1507
f 1838//1508 1865//1508 1866//1508
f 1838//1465 1866//1465 1837//1465
f 1837//1509 1866//1509 1867//1509
f 1837//1463 1867//1463 1836//1463
f 1836//1510 1867//1510 1868//1510
f 1836//1462 1868//1462 1835//1462
f 1835//1511 1868//1511 1869//1511
f 1835//1461 1869//1461 1834//1461
f 1834//1512 1869//1512 1870//1512
f 1834//1460 1870//1460 1833//1460
f 1833//1513 1870//1513 1871//1513
f 1833//52 1871//52 1832//52
f 1832//1514 1871//1514 1872//1514
f 1832//1458 1872//1458 1831//1458
f 1831//1515 1872//1515 1873//1515
f 1831//1516 1873//1516 1830//1516
f 1830//1517 1873//1517 1874//1517
f 1830//1518 1874//1518 1829//1518
f 1829//1519 1874//1519 1875//1519
f 1829//1455 1875//1455 1828//1455
f 1828//1520 1875//1520 1876//1520
f 1828//1521 1876//1521 1827//1521
f 1827//1522 1876//1522 1877//1522
f 1827//1452 1877//1452 1826//1452
f 1826//1523 1877//1523 1878//1523
f 1826//1451 1878//1451 1825//1451
f 1825//1524 1878//1524 1879//1524
f 1825//1449 1879//1449 1824//1449
f 1824//1525 1879//1525 1880//1525
f 1824//1448 1880//1448 1823//1448
f 1823//1526 1880//1526 1881//1526
f 1823//1447 1881//1447 1822//1447
f 1822//1527 1881//1527 1882//1527
f 1822//1446 1882//1446 1821//1446
f 1821//1528 1882//1528 1883//1528
f 1821//1445 1883//1445 1820//1445
f 1820//1529 1883//1529 1884//1529
f 1820//1444 1884//1444 1819//1444
f 1819//1530 1884//1530 1885//1530
f 1819//1443 1885//1443 1818//1443
f 1818//1531 1885//1531 1886//1531
f 1818//1442 1886//1442 1817//1442
f 1817//1532 1886//1532 1887//1532
f 1817//1441 1887//1441 1816//1441
f 1816//1533 1887//1533 1888//1533
f 1816//1534 1888//1534 1815//1534
f 1815//1535 1888//1535 1889//1535
f 1815//1438 1889//1438 1814//1438
f 1814//1536 1889//1536 1890//1536
f 1814//1537 1890//1537 1813//1537
f 1813//1538 1890//1538 1812//1538
f 978//1539 1891//1539 979//1539
f 979//1540 1891//1540 1892//1540
f 979//1541 1892//1541 1853//1541
f 1853//1542 1892//1542 1893//1542
f 1853//1543 1893//1543 1854//1543
f 1854//1544 1893//1544 1894//1544
f 1854//1545 1894//1545 1855//1545
f 1855//1546 1894//1546 1895//1546
f 1855//1495 1895//1495 1856//1495
f 1856//1547 1895//1547 1896//1547
f 1856//1548 1896//1548 1857//1548
f 1857//1549 1896//1549 1897//1549
f 1857//1550 1897//1550 1858//1550
f 1858//1551 1897//1551 1898//1551
f 1858//1499 1898//1499 1859//1499
f 1859//1552 1898//1552 1899//1552
f 1859//1500 1899//1500 1860//1500
f 1860//1553 1899//1553 1900//1553
f 1860//1501 1900//1501 1861//1501
f 1861//1554 1900//1554 1901//1554
f 1861//1502 1901//1502 1862//1502
f 1862//1555 1901//1555 1902//1555
f 1862//1503 1902//1503 1863//1503
f 1863//1556 1902//1556 1903//1556
f 1863//1557 1903//1557 1864//1557
f 1864//1558 1903//1558 1904//1558
f 1864//1506 1904//1506 1865//1506
f 1865//1559 1904//1559 1905//1559
f 1865//1508 1905//1508 1866//1508
f 1866//1560 1905//1560 1906//1560
f 1866//1509 1906//1509 1867//1509
f 1867//1561 1906//1561 1907//1561
f 1867//1510 1907//1510 1868//1510
f 1868//1562 1907//1562 1908//1562
f 1868//1511 1908//1511 1869//1511
f 1869//1563 1908//1563 1909//1563
f 1869//1564 1909//1564 1870//1564
f 1870//1565 1909//1565 1910//1565
f 1870//1513 1910//1513 1871//1513
f 1871//1566 1910//1566 1911//1566
f 1871//1514 1911//1514 1872//1514
f 1872//1567 1911//1567 1912//1567
f 1872//1515 1912//1515 1873//1515
f 1873//1568 1912//1568 1913//1568
f 1873//1569 1913//1569 1874//1569
f 1874//1570 1913//1570 1914//1570
f 1874//1519 1914//1519 1875//1519
f 1875//1571 1914//1571 1915//1571
f 1875//1520 1915//1520 1876//1520
f 1876//1572 1915//1572 1916//1572
f 1876//1522 1916//1522 1877//1522
f 1877//1573 1916//1573 1917//1573
f 1877//1523 1917//1523 1878//1523
f 1878//1574 1917//1574 1918//1574
f 1878//1524 1918//1524 1879//1524
f 1879//1575 1918//1575 1919//1575
f 1879//1525 1919//1525 1880//1525
f 1880//1576 1919//1576 1920//1576
f 1880//1577 1920//1577 1881//1577
f 1881//1578 1920//1578 1921//1578
f 1881//1527 1921//1527 1882//1527
f 1882//1579 1921//1579 1922//1579
f 1882//1580 1922//1580 1883//1580
f 1883//1581 1922//1581 1923//1581
f 1883//1529 1923//1529 1884//1529
f 1884//1582 1923//1582 1924//1582
f 1884//1530 1924//1530 1885//1530
f 1885//1583 1924//1583 1925//1583
f 1885//1531 1925//1531 1886//1531
f 1886//1584 1925//1584 1926//1584
f 1886//1532 1926//1532 1887//1532
f 1887//1585 1926//1585 1927//1585
f 1887//1586 1927//1586 1888//1586
f 1888//1587 1927//1587 1928//1587
f 1888//1535 1928//1535 1889//1535
f 1889//1588 1928//1588 1929//1588
f 1889//1589 1929//1589 1890//1589
f 1890//1590 1929//1590 1812//1590
f 1891//1591 1930//1591 1892//1591
f 1892//1592 1930//1592 1931//1592
f 1892//1593 1931//1593 1893//1593
f 1893//1594 1931//1594 1932//1594
f 1893//1595 1932//1595 1894//1595
f 1894//1596 1932//1596 1933//1596
f 1894//1546 1933//1546 1895//1546
f 1895//1597 1933//1597 1934//1597
f 1895//1547 1934//1547 1896//1547
f 1896//1598 1934//1598 1935//1598
f 1896//1549 1935//1549 1897//1549
f 1897//1599 1935//1599 1936//1599
f 1897//1551 1936//1551 1898//1551
f 1898//1600 1936//1600 1937//1600
f 1898//1552 1937//1552 1899//1552
f 1899//1601 1937//1601 1938//1601
f 1899//1553 1938//1553 1900//1553
f 1900//1602 1938//1602 1939//1602
f 1900//1603 1939//1603 1901//1603
f 1901//1604 1939//1604 1940//1604
f 1901//1605 1940//1605 1902//1605
f 1902//1606 1940//1606 1941//1606
f 1902//1556 1941//1556 1903//1556
f 1903//1607 1941//1607 1942//1607
f 1903//1558 1942//1558 1904//1558
f 1904//1608 1942//1608 1943//1608
f 1904//1559 1943//1559 1905//1559
f 1905//1609 1943//1609 1944//1609
f 1905//1560 1944//1560 1906//1560
f 1906//1610 1944//1610 1945//1610
f 1906//1561 1945//1561 1907//1561
f 1907//1611 1945//1611 1946//1611
f 1907//1562 1946//1562 1908//1562
f 1908//1612 1946//1612 1947//1612
f 1908//1563 1947//1563 1909//1563
f 1909//1613 1947//1613 1948//1613
f 1909//1565 1948//1565 1910//1565
f 1910//1614 1948//1614 1949//1614
f 1910//1615 1949//1615 1911//1615
f 1911//1616 1949//1616 1950//1616
f 1911//1567 1950//1567 1912//1567
f 1912//1617 1950//1617 1951//1617
f 1912//1568 1951//1568 1913//1568
f 1913//1618 1951//1618 1952//1618
f 1913//1619 1952//1619 1914//1619
f 1914//1620 1952//1620 1953//1620
f 1914//1571 1953//1571 1915//1571
f 1915//1621 1953//1621 1954//1621
f 1915//1572 1954//1572 1916//1572
f 1916//1622 1954//1622 1955//1622
f 1916//1573 1955//1573 1917//1573
f 1917//1623 1955//1623 1956//1623
f 1917//1574 1956//1574 1918//1574
f 1918//1624 1956//1624 1957//1624
f 1918//1575 1957//1575 1919//1575
f 1919//1625 1957//1625 1958//1625
f 1919//1576 1958//1576 1920//1576
f 1920//1626 1958//1626 1959//1626
f 1920//1578 1959//1578 1921//1578
f 1921//1627 1959//1627 1960//1627
f 1921//1579 1960//1579 1922//1579
f 1922//1628 1960//1628 1961//1628
f 1922//1581 1961//1581 1923//1581
f 1923//1629 1961//1629 1962//1629
f 1923//1582 1962//1582 1924//1582
f 1924//1630 1962//1630 1963//1630
f 1924//1583 1963//1583 1925//1583
f 1925//1631 1963//1631 1964//1631
f 1925//1584 1964//1584 1926//1584
f 1926//1632 1964//1632 1965//1632
f 1926//1633 1965//1633 1927//1633
f 1927//1634 1965//1634 1966//1634
f 1927//1587 1966//1587 1928//1587
f 1928//1635 1966//1635 1967//1635
f 1928//1636 1967//1636 1929//1636
f 1929//1637 1967//1637 1812//1637
f 1930//1638 974//1638 1931//1638
f 1931//1639 974//1639 976//1639
f 1931//1594 976//1594 1932//1594
f 1932//1640 976//1640 1968//1640
f 1932//1641 1968//1641 1933//1641
f 1933//1642 1968//1642 1969//1642
f 1933//1597 1969//1597 1934//1597
f 1934//1643 1969//1643 1970//1643
f 1934//1598 1970//1598 1935//1598
f 1935//1644 1970//1644 1971//1644
f 1935//1599 1971//1599 1936//1599
f 1936//1645 1971//1645 1972//1645
f 1936//1646 1972//1646 1937//1646
f 1937//1647 1972//1647 1973//1647
f 1937//1601 1973//1601 1938//1601
f 1938//1648 1973//1648 1974//1648
f 1938//1602 1974//1602 1939//1602
f 1939//1649 1974//1649 1975//1649
f 1939//1604 1975//1604 1940//1604
f 1940//1650 1975//1650 1976//1650
f 1940//1606 1976//1606 1941//1606
f 1941//1651 1976//1651 1977//1651
f 1941//1652 1977//1652 1942//1652
f 1942//1653 1977//1653 1978//1653
f 1942//1608 1978//1608 1943//1608
f 1943//1654 1978//1654 1979//1654
f 1943//1609 1979//1609 1944//1609
f 1944//1655 1979//1655 1980//1655
f 1944//1610 1980//1610 1945//1610
f 1945//1656 1980//1656 1981//1656
f 1945//1611 1981//1611 1946//1611
f 1946//1657 1981//1657 1982//1657
f 1946//1612 1982//1612 1947//1612
f 1947//1658 1982//1658 1983//1658
f 1947//1613 1983//1613 1948//1613
f 1948//1659 1983//1659 1984//1659
f 1948//1614 1984//1614 1949//1614
f 1949//1660 1984//1660 1985//1660
f 1949//1616 1985//1616 1950//1616
f 1950//1661 1985//1661 1986//1661
f 1950//1617 1986//1617 1951//1617
f 1951//1662 1986//1662 1987//1662
f 1951//1663 1987//1663 1952//1663
f 1952//1664 1987//1664 1988//1664
f 1952//1620 1988//1620 1953//1620
f 1953//1665 1988//1665 1989//1665
f 1953//1666 1989//1666 1954//1666
f 1954//1667 1989//1667 1990//1667
f 1954//1622 1990//1622 1955//1622
f 1955//1668 1990//1668 1991//1668
f 1955//1623 1991//1623 1956//1623
f 1956//1669 1991//1669 1992//1669
f 1956//1624 1992//1624 1957//1624
f 1957//1670 1992//1670 1993//1670
f 1957//1625 1993//1625 1958//1625
f 1958//1671 1993//1671 1994//1671
f 1958//1626 1994//1626 1959//1626
f 1959//1672 1994//1672 1995//1672
f 1959//1627 1995//1627 1960//1627
f 1960//1673 1995//1673 1996//1673
f 1960//1674 1996//1674 1961//1674
f 1961//1675 1996//1675 1997//1675
f 1961//1629 1997//1629 1962//1629
f 1962//1676 1997//1676 1998//1676
f 1962//1630 1998//1630 1963//1630
f 1963//1677 1998//1677 1999//1677
f 1963//1631 1999//1631 1964//1631
f 1964//1678 1999//1678 2000//1678
f 1964//1679 2000//1679 1965//1679
f 1965//1680 2000//1680 2001//1680
f 1965//1634 2001//1634 1966//1634
f 1966//1681 2001//1681 2002//1681
f 1966//1682 2002//1682 1967//1682
f 1967//1683 2002//1683 1812//1683
f 975//1684 2003//1684 976//1684
f 976//1685 2003//1685 2004//1685
f 976//1640 2004//1640 1968//1640
f 1968//1686 2004//1686 2005//1686
f 1968//1687 2005//1687 1969//1687
f 1969//1688 2005//1688 2006//1688
f 1969//1689 2006//1689 1970//1689
f 1970//1690 2006//1690 2007//1690
f 1970//1644 2007//1644 1971//1644
f 1971//1691 2007//1691 2008//1691
f 1971//1645 2008//1645 1972//1645
f 1972//1692 2008//1692 2009//1692
f 1972//1647 2009//1647 1973//1647
f 1973//1693 2009//1693 2010//1693
f 1973//1648 2010//1648 1974//1648
f 1974//1694 2010//1694 2011//1694
f 1974//1649 2011//1649 1975//1649
f 1975//1695 2011//1695 2012//1695
f 1975//1696 2012//1696 1976//1696
f 1976//1697 2012//1697 2013//1697
f 1976//1651 2013//1651 1977//1651
f 1977//1698 2013//1698 2014//1698
f 1977//1653 2014//1653 1978//1653
f 1978//1699 2014//1699 2015//1699
f 1978//1654 2015//1654 1979//1654
f 1979//1700 2015//1700 2016//1700
f 1979//1701 2016//1701 1980//1701
f 1980//1702 2016//1702 2017//1702
f 1980//1656 2017//1656 1981//1656
f 1981//1703 2017//1703 2018//1703
f 1981//1657 2018//1657 1982//1657
f 1982//1704 2018//1704 2019//1704
f 1982//1658 2019//1658 1983//1658
f 1983//1705 2019//1705 2020//1705
f 1983//1659 2020//1659 1984//1659
f 1984//1706 2020//1706 2021//1706
f 1984//1660 2021//1660 1985//1660
f 1985//1707 2021//1707 2022//1707
f 1985//1661 2022//1661 1986//1661
f 1986//1708 2022//1708 2023//1708
f 1986//1662 2023//1662 1987//1662
f 1987//1709 2023//1709 2024//1709
f 1987//1664 2024//1664 1988//1664
f 1988//1710 2024//1710 2025//1710
f 1988//1711 2025//1711 1989//1711
f 1989//1712 2025//1712 2026//1712
f 1989//1667 2026//1667 1990//1667
f 1990//1713 2026//1713 2027//1713
f 1990//1668 2027//1668 1991//1668
f 1991//1714 2027//1714 2028//1714
f 1991//1669 2028//1669 1992//1669
f 1992//1715 2028//1715 2029//1715
f 1992//1670 2029//1670 1993//1670
f 1993//1716 2029//1716 2030//1716
f 1993//1671 2030//1671 1994//1671
f 1994//1717 2030//1717 2031//1717
f 1994//1672 2031//1672 1995//1672
f 1995//1718 2031//1718 2032//1718
f 1995//1673 2032//1673 1996//1673
f 1996//1719 2032//1719 2033//1719
f 1996//1675 2033//1675 1997//1675
f 1997//1720 2033//1720 2034//1720
f 1997//1676 2034//1676 1998//1676
f 1998//1721 2034//1721 2035//1721
f 1998//1677 2035//1677 1999//1677
f 1999//1722 2035//1722 2036//1722
f 1999//1723 2036//1723 2000//1723
f 2000//1724 2036//1724 2037//1724
f 2000//1725 2037//1725 2001//1725
f 2001//1726 2037//1726 2038//1726
f 2001//1727 2038//1727 2002//1727
f 2002//1728 2038//1728 1812//1728
f 2003//1729 2039//1729 2004//1729
f 2004//1730 2039//1730 2040//1730
f 2004//1686 2040//1686 2005//1686
f 2005//1731 2040//1731 2041//1731
f 2005//1688 2041//1688 2006//1688
f 2006//1732 2041//1732 2042//1732
f 2006//1690 2042//1690 2007//1690
f 2007//1733 2042//1733 2043//1733
f 2007//1691 2043//1691 2008//1691
f 2008//1734 2043//1734 2044//1734
f 2008//1735 2044//1735 2009//1735
f 2009//1736 2044//1736 2045//1736
f 2009//1693 2045//1693 2010//1693
f 2010//1737 2045//1737 2046//1737
f 2010//1694 2046//1694 2011//1694
f 2011//1738 2046//1738 2047//1738
f 2011//1739 2047//1739 2012//1739
f 2012//1740 2047//1740 2048//1740
f 2012//1741 2048//1741 2013//1741
f 2013//1742 2048//1742 2049//1742
f 2013//1698 2049//1698 2014//1698
f 2014//1743 2049//1743 2050//1743
f 2014//1699 2050//1699 2015//1699
f 2015//1744 2050//1744 2051//1744
f 2015//1745 2051//1745 2016//1745
f 2016//1746 2051//1746 2052//1746
f 2016//1702 2052//1702 2017//1702
f 2017//1747 2052//1747 2053//1747
f 2017//1748 2053//1748 2018//1748
f 2018//1749 2053//1749 2054//1749
f 2018//1704 2054//1704 2019//1704
f 2019//1750 2054//1750 2055//1750
f 2019//1705 2055//1705 2020//1705
f 2020//1751 2055//1751 2056//1751
f 2020//1752 2056//1752 2021//1752
f 2021//1753 2056//1753 2057//1753
f 2021//1707 2057//1707 2022//1707
f 2022//1754 2057//1754 2058//1754
f 2022//1755 2058//1755 2023//1755
f 2023//1756 2058//1756 2059//1756
f 2023//1757 2059//1757 2024//1757
f 2024//1758 2059//1758 2060//1758
f 2024//1710 2060//1710 2025//1710
f 2025//1759 2060//1759 2061//1759
f 2025//1712 2061//1712 2026//1712
f 2026//1760 2061//1760 2062//1760
f 2026//1713 2062//1713 2027//1713
f 2027//1761 2062//1761 2063//1761
f 2027//1714 2063//1714 2028//1714
f 2028//1762 2063//1762 2064//1762
f 2028//1715 2064//1715 2029//1715
f 2029//1763 2064//1763 2065//1763
f 2029//1764 2065//1764 2030//1764
f 2030//1765 2065//1765 2066//1765
f 2030//1717 2066//1717 2031//1717
f 2031//1766 2066//1766 2067//1766
f 2031//1718 2067//1718 2032//1718
f 2032//1767 2067//1767 2068//1767
f 2032//1719 2068//1719 2033//1719
f 2033//1768 2068//1768 2069//1768
f 2033//1720 2069//1720 2034//1720
f 2034//1769 2069//1769 2070//1769
f 2034//1721 2070//1721 2035//1721
f 2035//1770 2070//1770 2071//1770
f 2035//1722 2071//1722 2036//1722
f 2036//1771 2071//1771 2072//1771
f 2036//1724 2072//1724 2037//1724
f 2037//1772 2072//1772 2073//1772
f 2037//1773 2073//1773 2038//1773
f 2038//1774 2073//1774 1812//1774
f 2039//1775 2074//1775 2040//1775
f 2040//1776 2074//1776 2075//1776
f 2040//1731 2075//1731 2041//1731
f 2041//1777 2075//1777 2076//1777
f 2041//1732 2076//1732 2042//1732
f 2042//1778 2076//1778 2077//1778
f 2042//1733 2077//1733 2043//1733
f 2043//1779 2077//1779 2078//1779
f 2043//1780 2078//1780 2044//1780
f 2044//1781 2078//1781 2079//1781
f 2044//1736 2079//1736 2045//1736
f 2045//1782 2079//1782 2080//1782
f 2045//1783 2080//1783 2046//1783
f 2046//1784 2080//1784 2081//1784
f 2046//1785 2081//1785 2047//1785
f 2047//1786 2081//1786 2082//1786
f 2047//1740 2082//1740 2048//1740
f 2048//1787 2082//1787 2083//1787
f 2048//1742 2083//1742 2049//1742
f 2049//1788 2083//1788 2084//1788
f 2049//1743 2084//1743 2050//1743
f 2050//1789 2084//1789 2085//1789
f 2050//1744 2085//1744 2051//1744
f 2051//1790 2085//1790 2086//1790
f 2051//1746 2086//1746 2052//1746
f 2052//1791 2086//1791 2087//1791
f 2052//1747 2087//1747 2053//1747
f 2053//1792 2087//1792 2088//1792
f 2053//1749 2088//1749 2054//1749
f 2054//1793 2088//1793 2089//1793
f 2054//1794 2089//1794 2055//1794
f 2055//1795 2089//1795 2090//1795
f 2055//1751 2090//1751 2056//1751
f 2056//1796 2090//1796 2091//1796
f 2056//1753 2091//1753 2057//1753
f 2057//1797 2091//1797 2092//1797
f 2057//1754 2092//1754 2058//1754
f 2058//1798 2092//1798 2093//1798
f 2058//1756 2093//1756 2059//1756
f 2059//1799 2093//1799 2094//1799
f 2059//1758 2094//1758 2060//1758
f 2060//1800 2094//1800 2095//1800
f 2060//1759 2095//1759 2061//1759
f 2061//1801 2095//1801 2096//1801
f 2061//1760 2096//1760 2062//1760
f 2062//1802 2096//1802 2097//1802
f 2062//1761 2097//1761 2063//1761
f 2063//1803 2097//1803 2098//1803
f 2063//1762 2098//1762 2064//1762
f 2064//1804 2098//1804 2099//1804
f 2064//1763 2099//1763 2065//1763
f 2065//1805 2099//1805 2100//1805
f 2065//1806 2100//1806 2066//1806
f 2066//1807 2100//1807 2101//1807
f 2066//1766 2101//1766 2067//1766
f 2067//1808 2101//1808 2102//1808
f 2067//1767 2102//1767 2068//1767
f 2068//1809 2102//1809 2103//1809
f 2068//1810 2103//1810 2069//1810
f 2069//1811 2103//1811 2104//1811
f 2069//1812 2104//1812 2070//1812
f 2070//1813 2104//1813 2105//1813
f 2070//1770 2105//1770 2071//1770
f 2071//1814 2105//1814 2106//1814
f 2071//1815 2106//1815 2072//1815
f 2072//1816 2106//1816 2107//1816
f 2072//1817 2107//1817 2073//1817
f 2073//1818 2107//1818 1812//1818
f 2074//1819 1055//1819 2075//1819
f 2075//1820 1055//1820 973//1820
f 2075//1777 973//1777 2076//1777
f 2076//1821 973//1821 2108//1821
f 2076//1778 2108//1778 2077//1778
f 2077//1822 2108//1822 2109//1822
f 2077//1779 2109//1779 2078//1779
f 2078//1823 2109//1823 2110//1823
f 2078//1781 2110//1781 2079//1781
f 2079//1824 2110//1824 2111//1824
f 2079//1782 2111//1782 2080//1782
f 2080//1825 2111//1825 2112//1825
f 2080//1784 2112//1784 2081//1784
f 2081//1826 2112//1826 2113//1826
f 2081//1786 2113//1786 2082//1786
f 2082//1827 2113//1827 2114//1827
f 2082//1787 2114//1787 2083//1787
f 2083//1828 2114//1828 2115//1828
f 2083//1829 2115//1829 2084//1829
f 2084//1830 2115//1830 2116//1830
f 2084//1789 2116//1789 2085//1789
f 2085//1831 2116//1831 2117//1831
f 2085//1790 2117//1790 2086//1790
f 2086//1832 2117//1832 2118//1832
f 2086//1791 2118//1791 2087//1791
f 2087//1833 2118//1833 2119//1833
f 2087//1792 2119//1792 2088//1792
f 2088//1834 2119//1834 2120//1834
f 2088//1793 2120//1793 2089//1793
f 2089//1835 2120//1835 2121//1835
f 2089//1836 2121//1836 2090//1836
f 2090//1837 2121//1837 2122//1837
f 2090//1796 2122//1796 2091//1796
f 2091//1838 2122//1838 2123//1838
f 2091//1797 2123//1797 2092//1797
f 2092//1839 2123//1839 2124//1839
f 2092//1798 2124//1798 2093//1798
f 2093//1840 2124//1840 2125//1840
f 2093//1799 2125//1799 2094//1799
f 2094//1841 2125//1841 2126//1841
f 2094//1800 2126//1800 2095//1800
f 2095//1842 2126//1842 2127//1842
f 2095//1843 2127//1843 2096//1843
f 2096//1844 2127//1844 2128//1844
f 2096//1802 2128//1802 2097//1802
f 2097//1845 2128//1845 2129//1845
f 2097//1803 2129//1803 2098//1803
f 2098//1846 2129//1846 2130//1846
f 2098//1804 2130//1804 2099//1804
f 2099//1847 2130//1847 2131//1847
f 2099//1805 2131//1805 2100//1805
f 2100//1848 2131//1848 2132//1848
f 2100//1807 2132//1807 2101//1807
f 2101//1849 2132//1849 2133//1849
f 2101//1808 2133//1808 2102//1808
f 2102//1850 2133//1850 2134//1850
f 2102//1809 2134//1809 2103//1809
f 2103//1851 2134//1851 2135//1851
f 2103//1852 2135//1852 2104//1852
f 2104//1853 2135//1853 2136//1853
f 2104//1813 2136//1813 2105//1813
f 2105//1854 2136//1854 2137//1854
f 2105//1855 2137//1855 2106//1855
f 2106//1856 2137//1856 2138//1856
f 2106//1816 2138//1816 2107//1816
f 2107//1857 2138//1857 1812//1857
f 972//1858 2139//1858 973//1858
f 973//1859 2139//1859 2140//1859
f 973//1821 2140//1821 2108//1821
f 2108//1860 2140//1860 2141//1860
f 2108//1822 2141//1822 2109//1822
f 2109//1861 2141//1861 2142//1861
f 2109//1862 2142//1862 2110//1862
f 2110//1863 2142//1863 2143//1863
f 2110//1824 2143//1824 2111//1824
f 2111//1864 2143//1864 2144//1864
f 2111//1825 2144//1825 2112//1825
f 2112//1865 2144//1865 2145//1865
f 2112//1826 2145//1826 2113//1826
f 2113//1866 2145//1866 2146//1866
f 2113//1827 2146//1827 2114//1827
f 2114//1867 2146//1867 2147//1867
f 2114//1828 2147//1828 2115//1828
f 2115//1868 2147//1868 2148//1868
f 2115//1830 2148//1830 2116//1830
f 2116//1869 2148//1869 2149//1869
f 2116//1831 2149//1831 2117//1831
f 2117//1870 2149//1870 2150//1870
f 2117//1832 2150//1832 2118//1832
f 2118//1871 2150//1871 2151//1871
f 2118//1872 2151//1872 2119//1872
f 2119//1873 2151//1873 2152//1873
f 2119//1834 2152//1834 2120//1834
f 2120//1874 2152//1874 2153//1874
f 2120//1835 2153//1835 2121//1835
f 2121//1875 2153//1875 2154//1875
f 2121//1837 2154//1837 2122//1837
f 2122//1876 2154//1876 2155//1876
f 2122//1838 2155//1838 2123//1838
f 2123//1877 2155//1877 2156//1877
f 2123//1839 2156//1839 2124//1839
f 2124//1878 2156//1878 2157//1878
f 2124//1840 2157//1840 2125//1840
f 2125//1879 2157//1879 2158//1879
f 2125//1880 2158//1880 2126//1880
f 2126//1881 2158//1881 2159//1881
f 2126//1882 2159//1882 2127//1882
f 2127//1883 2159//1883 2160//1883
f 2127//1844 2160//1844 2128//1844
f 2128//1884 2160//1884 2161//1884
f 2128//1845 2161//1845 2129//1845
f 2129//1885 2161//1885 2162//1885
f 2129//1846 2162//1846 2130//1846
f 2130//1886 2162//1886 2163//1886
f 2130//1887 2163//1887 2131//1887
f 2131//1888 2163//1888 2164//1888
f 2131//1848 2164//1848 2132//1848
f 2132//1889 2164//1889 2165//1889
f 2132//1890 2165//1890 2133//1890
f 2133//1891 2165//1891 2166//1891
f 2133//1892 2166//1892 2134//1892
f 2134//1893 2166//1893 2167//1893
f 2134//1851 2167//1851 2135//1851
f 2135//1894 2167//1894 2168//1894
f 2135//1853 2168//1853 2136//1853
f 2136//1895 2168//1895 2169//1895
f 2136//1896 2169//1896 2137//1896
f 2137//1897 2169//1897 2170//1897
f 2137//1898 2170//1898 2138//1898
f 2138//1899 2170//1899 1812//1899
f 2139//1900 2171//1900 2140//1900
f 2140//1901 2171//1901 2172//1901
f 2140//1860 2172//1860 2141//1860
f 2141//1902 2172//1902 2173//1902
f 2141//1861 2173//1861 2142//1861
f 2142//1903 2173//1903 2174//1903
f 2142//1863 2174//1863 2143//1863
f 2143//1904 2174//1904 2175//1904
f 2143//1864 2175//1864 2144//1864
f 2144//1905 2175//1905 2176//1905
f 2144//1865 2176//1865 2145//1865
f 2145//1906 2176//1906 2177//1906
f 2145//1866 2177//1866 2146//1866
f 2146//1907 2177//1907 2178//1907
f 2146//1908 2178//1908 2147//1908
f 2147//1909 2178//1909 2179//1909
f 2147//1910 2179//1910 2148//1910
f 2148//1911 2179//1911 2180//1911
f 2148//1869 2180//1869 2149//1869
f 2149//1912 2180//1912 2181//1912
f 2149//1870 2181//1870 2150//1870
f 2150//1913 2181//1913 2182//1913
f 2150//1871 2182//1871 2151//1871
f 2151//1914 2182//1914 2183//1914
f 2151//1873 2183//1873 2152//1873
f 2152//1915 2183//1915 2184//1915
f 2152//1874 2184//1874 2153//1874
f 2153//1916 2184//1916 2185//1916
f 2153//1875 2185//1875 2154//1875
f 2154//1917 2185//1917 2186//1917
f 2154//1876 2186//1876 2155//1876
f 2155//1918 2186//1918 2187//1918
f 2155//1877 2187//1877 2156//1877
f 2156//1919 2187//1919 2188//1919
f 2156//1920 2188//1920 2157//1920
f 2157//1921 2188//1921 2189//1921
f 2157//1879 2189//1879 2158//1879
f 2158//1922 2189//1922 2190//1922
f 2158//1881 2190//1881 2159//1881
f 2159//1923 2190//1923 2191//1923
f 2159//1883 2191//1883 2160//1883
f 2160//1924 2191//1924 2192//1924
f 2160//1925 2192//1925 2161//1925
f 2161//1926 2192//1926 2193//1926
f 2161//1885 2193//1885 2162//1885
f 2162//1927 2193//1927 2194//1927
f 2162//1886 2194//1886 2163//1886
f 2163//1928 2194//1928 2195//1928
f 2163//1888 2195//1888 2164//1888
f 2164//1929 2195//1929 2196//1929
f 2164//1930 2196//1930 2165//1930
f 2165//1931 2196//1931 2197//1931
f 2165//1891 2197//1891 2166//1891
f 2166//1932 2197//1932 2198//1932
f 2166//1893 2198//1893 2167//1893
f 2167//1933 2198//1933 2199//1933
f 2167//1894 2199//1894 2168//1894
f 2168//1934 2199//1934 2200//1934
f 2168//1935 2200//1935 2169//1935
f 2169//1936 2200//1936 2201//1936
f 2169//1937 2201//1937 2170//1937
f 2170//1938 2201//1938 1812//1938
f 2171//1939 968//1939 2172//1939
f 2172//1940 968//1940 970//1940
f 2172//1902 970//1902 2173//1902
f 2173//1941 970//1941 2202//1941
f 2173//1903 2202//1903 2174//1903
f 2174//1942 2202//1942 2203//1942
f 2174//1904 2203//1904 2175//1904
f 2175//1943 2203//1943 2204//1943
f 2175//1905 2204//1905 2176//1905
f 2176//1944 2204//1944 2205//1944
f 2176//1906 2205//1906 2177//1906
f 2177//1945 2205//1945 2206//1945
f 2177//1946 2206//1946 2178//1946
f 2178//1947 2206//1947 2207//1947
f 2178//1909 2207//1909 2179//1909
f 2179//1948 2207//1948 2208//1948
f 2179//1911 2208//1911 2180//1911
f 2180//1949 2208//1949 2209//1949
f 2180//1912 2209//1912 2181//1912
f 2181//1950 2209//1950 2210//1950
f 2181//1913 2210//1913 2182//1913
f 2182//1951 2210//1951 2211//1951
f 2182//1914 2211//1914 2183//1914
f 2183//1952 2211//1952 2212//1952
f 2183//1953 2212//1953 2184//1953
f 2184//1954 2212//1954 2213//1954
f 2184//1916 2213//1916 2185//1916
f 2185//1955 2213//1955 2214//1955
f 2185//1956 2214//1956 2186//1956
f 2186//1957 2214//1957 2215//1957
f 2186//1918 2215//1918 2187//1918
f 2187//1958 2215//1958 2216//1958
f 2187//1919 2216//1919 2188//1919
f 2188//1959 2216//1959 2217//1959
f 2188//1921 2217//1921 2189//1921
f 2189//1960 2217//1960 2218//1960
f 2189//1961 2218//1961 2190//1961
f 2190//1962 2218//1962 2219//1962
f 2190//1963 2219//1963 2191//1963
f 2191//1964 2219//1964 2220//1964
f 2191//1924 2220//1924 2192//1924
f 2192//1965 2220//1965 2221//1965
f 2192//1926 2221//1926 2193//1926
f 2193//1966 2221//1966 2222//1966
f 2193//1927 2222//1927 2194//1927
f 2194//1967 2222//1967 2223//1967
f 2194//1928 2223//1928 2195//1928
f 2195//1968 2223//1968 2224//1968
f 2195//1929 2224//1929 2196//1929
f 2196//1969 2224//1969 2225//1969
f 2196//1931 2225//1931 2197//1931
f 2197//1970 2225//1970 2226//1970
f 2197//1932 2226//1932 2198//1932
f 2198//1971 2226//1971 2227//1971
f 2198//1933 2227//1933 2199//1933
f 2199//1972 2227//1972 2228//1972
f 2199//1934 2228//1934 2200//1934
f 2200//1973 2228//1973 2229//1973
f 2200//1974 2229//1974 2201//1974
f 2201//1975 2229//1975 1812//1975
f 969//1976 965//1976 970//1976
f 970//1977 965//1977 967//1977
f 970//1941 967//1941 2202//1941
f 2202//1978 967//1978 2230//1978
f 2202//1942 2230//1942 2203//1942
f 2203//1979 2230//1979 2231//1979
f 2203//1943 2231//1943 2204//1943
f 2204//1980 2231//1980 2232//1980
f 2204//1944 2232//1944 2205//1944
f 2205//1981 2232//1981 2233//1981
f 2205//1982 2233//1982 2206//1982
f 2206//1983 2233//1983 2234//1983
f 2206//1984 2234//1984 2207//1984
f 2207//1985 2234//1985 2235//1985
f 2207//1948 2235//1948 2208//1948
f 2208//1986 2235//1986 2236//1986
f 2208//1949 2236//1949 2209//1949
f 2209//1987 2236//1987 2237//1987
f 2209//1988 2237//1988 2210//1988
f 2210//1989 2237//1989 2238//1989
f 2210//1951 2238//1951 2211//1951
f 2211//1990 2238//1990 2239//1990
f 2211//1952 2239//1952 2212//1952
f 2212//1991 2239//1991 2240//1991
f 2212//1954 2240//1954 2213//1954
f 2213//1992 2240//1992 2241//1992
f 2213//1955 2241//1955 2214//1955
f 2214//1993 2241//1993 2242//1993
f 2214//1957 2242//1957 2215//1957
f 2215//1994 2242//1994 2243//1994
f 2215//1958 2243//1958 2216//1958
f 2216//1995 2243//1995 2244//1995
f 2216//1959 2244//1959 2217//1959
f 2217//1996 2244//1996 2245//1996
f 2217//1997 2245//1997 2218//1997
f 2218//1998 2245//1998 2246//1998
f 2218//1962 2246//1962 2219//1962
f 2219//1999 2246//1999 2247//1999
f 2219//1964 2247//1964 2220//1964
f 2220//2000 2247//2000 2248//2000
f 2220//1965 2248//1965 2221//1965
f 2221//2001 2248//2001 2249//2001
f 2221//1966 2249//1966 2222//1966
f 2222//2002 2249//2002 2250//2002
f 2222//1967 2250//1967 2223//1967
f 2223//2003 2250//2003 2251//2003
f 2223//1968 2251//1968 2224//1968
f 2224//2004 2251//2004 2252//2004
f 2224//1969 2252//1969 2225//1969
f 2225//2005 2252//2005 2253//2005
f 2225//1970 2253//1970 2226//1970
f 2226//2006 2253//2006 2254//2006
f 2226//1971 2254//1971 2227//1971
f 2227//2007 2254//2007 2255//2007
f 2227//2008 2255//2008 2228//2008
f 2228//2009 2255//2009 2256//2009
f 2228//2010 2256//2010 2229//2010
f 2229//2011 2256//2011 1812//2011
f 966//2012 2257//2012 967//2012
f 967//2013 2257//2013 2258//2013
f 967//2014 2258//2014 2230//2014
f 2230//2015 2258//2015 2259//2015
f 2230//1979 2259//1979 2231//1979
f 2231//2016 2259//2016 2260//2016
f 2231//1980 2260//1980 2232//1980
f 2232//2017 2260//2017 2261//2017
f 2232//1981 2261//1981 2233//1981
f 2233//2018 2261//2018 2262//2018
f 2233//1983 2262//1983 2234//1983
f 2234//2019 2262//2019 2263//2019
f 2234//1985 2263//1985 2235//1985
f 2235//2020 2263//2020 2264//2020
f 2235//1986 2264//1986 2236//1986
f 2236//2021 2264//2021 2265//2021
f 2236//1987 2265//1987 2237//1987
f 2237//2022 2265//2022 2266//2022
f 2237//1989 2266//1989 2238//1989
f 2238//2023 2266//2023 2267//2023
f 2238//1990 2267//1990 2239//1990
f 2239//2024 2267//2024 2268//2024
f 2239//1991 2268//1991 2240//1991
f 2240//2025 2268//2025 2269//2025
f 2240//1992 2269//1992 2241//1992
f 2241//2026 2269//2026 2270//2026
f 2241//1993 2270//1993 2242//1993
f 2242//2027 2270//2027 2271//2027
f 2242//1994 2271//1994 2243//1994
f 2243//2028 2271//2028 2272//2028
f 2243//2029 2272//2029 2244//2029
f 2244//2030 2272//2030 2273//2030
f 2244//1996 2273//1996 2245//1996
f 2245//2031 2273//2031 2274//2031
f 2245//2032 2274//2032 2246//2032
f 2246//2033 2274//2033 2275//2033
f 2246//1999 2275//1999 2247//1999
f 2247//2034 2275//2034 2276//2034
f 2247//2035 2276//2035 2248//2035
f 2248//2036 2276//2036 2277//2036
f 2248//2001 2277//2001 2249//2001
f 2249//2037 2277//2037 2278//2037
f 2249//2002 2278//2002 2250//2002
f 2250//2038 2278//2038 2279//2038
f 2250//2003 2279//2003 2251//2003
f 2251//2039 2279//2039 2280//2039
f 2251//2004 2280//2004 2252//2004
f 2252//2040 2280//2040 2281//2040
f 2252//2005 2281//2005 2253//2005
f 2253//2041 2281//2041 2282//2041
f 2253//2042 2282//2042 2254//2042
f 2254//2043 2282//2043 2283//2043
f 2254//2007 2283//2007 2255//2007
f 2255//2044 2283//2044 2284//2044
f 2255//2045 2284//2045 2256//2045
f 2256//2046 2284//2046 1812//2046
f 2257//2047 2285//2047 2258//2047
f 2258//2048 2285//2048 2286//2048
f 2258//2015 2286//2015 2259//2015
f 2259//2049 2286//2049 2287//2049
f 2259//2016 2287//2016 2260//2016
f 2260//2050 2287//2050 2288//2050
f 2260//2017 2288//2017 2261//2017
f 2261//2051 2288//2051 2289//2051
f 2261//2018 2289//2018 2262//2018
f 2262//2052 2289//2052 2290//2052
f 2262//2019 2290//2019 2263//2019
f 2263//2053 2290//2053 2291//2053
f 2263//2020 2291//2020 2264//2020
f 2264//2054 2291//2054 2292//2054
f 2264//2055 2292//2055 2265//2055
f 2265//2056 2292//2056 2293//2056
f 2265//2022 2293//2022 2266//2022
f 2266//2057 2293//2057 2294//2057
f 2266//2023 2294//2023 2267//2023
f 2267//2058 2294//2058 2295//2058
f 2267//2024 2295//2024 2268//2024
f 2268//2059 2295//2059 2296//2059
f 2268//2025 2296//2025 2269//2025
f 2269//2060 2296//2060 2297//2060
f 2269//2026 2297//2026 2270//2026
f 2270//2061 2297//2061 2298//2061
f 2270//2027 2298//2027 2271//2027
f 2271//2062 2298//2062 2299//2062
f 2271//2028 2299//2028 2272//2028
f 2272//2063 2299//2063 2300//2063
f 2272//2030 2300//2030 2273//2030
f 2273//2064 2300//2064 2301//2064
f 2273//2031 2301//2031 2274//2031
f 2274//2065 2301//2065 2302//2065
f 2274//2033 2302//2033 2275//2033
f 2275//2066 2302//2066 2303//2066
f 2275//2034 2303//2034 2276//2034
f 2276//2067 2303//2067 2304//2067
f 2276//2068 2304//2068 2277//2068
f 2277//2069 2304//2069 2305//2069
f 2277//2037 2305//2037 2278//2037
f 2278//2070 2305//2070 2306//2070
f 2278//2071 2306//2071 2279//2071
f 2279//2072 2306//2072 2307//2072
f 2279//2039 2307//2039 2280//2039
f 2280//2073 2307//2073 2308//2073
f 2280//2074 2308//2074 2281//2074
f 2281//2075 2308//2075 2309//2075
f 2281//2041 2309//2041 2282//2041
f 2282//2076 2309//2076 2310//2076
f 2282//2077 2310//2077 2283//2077
f 2283//2078 2310//2078 2311//2078
f 2283//2079 2311//2079 2284//2079
f 2284//2080 2311//2080 1812//2080
f 2285//2081 962//2081 2286//2081
f 2286//2082 962//2082 964//2082
f 2286//2049 964//2049 2287//2049
f 2287//2083 964//2083 2312//2083
f 2287//2050 2312//2050 2288//2050
f 2288//2084 2312//2084 2313//2084
f 2288//2051 2313//2051 2289//2051
f 2289//2085 2313//2085 2314//2085
f 2289//2052 2314//2052 2290//2052
f 2290//2086 2314//2086 2315//2086
f 2290//2053 2315//2053 2291//2053
f 2291//2087 2315//2087 2316//2087
f 2291//2054 2316//2054 2292//2054
f 2292//2088 2316//2088 2317//2088
f 2292//2056 2317//2056 2293//2056
f 2293//2089 2317//2089 2318//2089
f 2293//2057 2318//2057 2294//2057
f 2294//2090 2318//2090 2319//2090
f 2294//2058 2319//2058 2295//2058
f 2295//2091 2319//2091 2320//2091
f 2295//2059 2320//2059 2296//2059
f 2296//2092 2320//2092 2321//2092
f 2296//2060 2321//2060 2297//2060
f 2297//2093 2321//2093 2322//2093
f 2297//2094 2322//2094 2298//2094
f 2298//2095 2322//2095 2323//2095
f 2298//2062 2323//2062 2299//2062
f 2299//2096 2323//2096 2324//2096
f 2299//2063 2324//2063 2300//2063
f 2300//2097 2324//2097 2325//2097
f 2300//2064 2325//2064 2301//2064
f 2301//2098 2325//2098 2326//2098
f 2301//2065 2326//2065 2302//2065
f 2302//2099 2326//2099 2327//2099
f 2302//2066 2327//2066 2303//2066
f 2303//2100 2327//2100 2328//2100
f 2303//2101 2328//2101 2304//2101
f 2304//2102 2328//2102 2329//2102
f 2304//2069 2329//2069 2305//2069
f 2305//2103 2329//2103 2330//2103
f 2305//2070 2330//2070 2306//2070
f 2306//2104 2330//2104 2331//2104
f 2306//2105 2331//2105 2307//2105
f 2307//2106 2331//2106 2332//2106
f 2307//2073 2332//2073 2308//2073
f 2308//2107 2332//2107 2333//2107
f 2308//2075 2333//2075 2309//2075
f 2309//2108 2333//2108 2334//2108
f 2309//2109 2334//2109 2310//2109
f 2310//2110 2334//2110 2335//2110
f 2310//2078 2335//2078 2311//2078
f 2311//2111 2335//2111 1812//2111
f 963//2112 2336//2112 964//2112
f 964//2113 2336//2113 2337//2113
f 964//2083 2337//2083 2312//2083
f 2312//2114 2337//2114 2338//2114
f 2312//2115 2338//2115 2313//2115
f 2313//2116 2338//2116 2339//2116
f 2313//2085 2339//2085 2314//2085
f 2314//2117 2339//2117 2340//2117
f 2314//2118 2340//2118 2315//2118
f 2315//2119 2340//2119 2341//2119
f 2315//2087 2341//2087 2316//2087
f 2316//2120 2341//2120 2342//2120
f 2316//2121 2342//2121 2317//2121
f 2317//2122 2342//2122 2343//2122
f 2317//2089 2343//2089 2318//2089
f 2318//2123 2343//2123 2344//2123
f 2318//2090 2344//2090 2319//2090
f 2319//2124 2344//2124 2345//2124
f 2319//2091 2345//2091 2320//2091
f 2320//2125 2345//2125 2346//2125
f 2320//2092 2346//2092 2321//2092
f 2321//2126 2346//2126 2347//2126
f 2321//2093 2347//2093 2322//2093
f 2322//2127 2347//2127 2348//2127
f 2322//2095 2348//2095 2323//2095
f 2323//2128 2348//2128 2349//2128
f 2323//2096 2349//2096 2324//2096
f 2324//2129 2349//2129 2350//2129
f 2324//2097 2350//2097 2325//2097
f 2325//2130 2350//2130 2351//2130
f 2325//2098 2351//2098 2326//2098
f 2326//2131 2351//2131 2352//2131
f 2326//2099 2352//2099 2327//2099
f 2327//2132 2352//2132 2353//2132
f 2327//2100 2353//2100 2328//2100
f 2328//2133 2353//2133 2354//2133
f 2328//2102 2354//2102 2329//2102
f 2329//2134 2354//2134 2355//2134
f 2329//2135 2355//2135 2330//2135
f 2330//2136 2355//2136 2356//2136
f 2330//2137 2356//2137 2331//2137
f 2331//2138 2356//2138 2357//2138
f 2331//2139 2357//2139 2332//2139
f 2332//2140 2357//2140 2358//2140
f 2332//2107 2358//2107 2333//2107
f 2333//2141 2358//2141 2359//2141
f 2333//2142 2359//2142 2334//2142
f 2334//2143 2359//2143 2360//2143
f 2334//2110 2360//2110 2335//2110
f 2335//2144 2360//2144 1812//2144
f 2336//2145 2361//2145 2337//2145
f 2337//2146 2361//2146 2362//2146
f 2337//2114 2362//2114 2338//2114
f 2338//2147 2362//2147 2363//2147
f 2338//2116 2363//2116 2339//2116
f 2339//2148 2363//2148 2364//2148
f 2339//2117 2364//2117 2340//2117
f 2340//2149 2364//2149 2365//2149
f 2340//2119 2365//2119 2341//2119
f 2341//2150 2365//2150 2366//2150
f 2341//2120 2366//2120 2342//2120
f 2342//2151 2366//2151 2367//2151
f 2342//2122 2367//2122 2343//2122
f 2343//2152 2367//2152 2368//2152
f 2343//2153 2368//2153 2344//2153
f 2344//2154 2368//2154 2369//2154
f 2344//2124 2369//2124 2345//2124
f 2345//2155 2369//2155 2370//2155
f 2345//2125 2370//2125 2346//2125
f 2346//2156 2370//2156 2371//2156
f 2346//2126 2371//2126 2347//2126
f 2347//2157 2371//2157 2372//2157
f 2347//2127 2372//2127 2348//2127
f 2348//2158 2372//2158 2373//2158
f 2348//2128 2373//2128 2349//2128
f 2349//2159 2373//2159 2374//2159
f 2349//2129 2374//2129 2350//2129
f 2350//2160 2374//2160 2375//2160
f 2350//2130 2375//2130 2351//2130
f 2351//2161 2375//2161 2376//2161
f 2351//2131 2376//2131 2352//2131
f 2352//2162 2376//2162 2377//2162
f 2352//2132 2377//2132 2353//2132
f 2353//2163 2377//2163 2378//2163
f 2353//2133 2378//2133 2354//2133
f 2354//2164 2378//2164 2379//2164
f 2354//2134 2379//2134 2355//2134
f 2355//2165 2379//2165 2380//2165
f 2355//2136 2380//2136 2356//2136
f 2356//2166 2380//2166 2381//2166
f 2356//2138 2381//2138 2357//2138
f 2357//2167 2381//2167 2382//2167
f 2357//2140 2382//2140 2358//2140
f 2358//2168 2382//2168 2383//2168
f 2358//2141 2383//2141 2359//2141
f 2359//2169 2383//2169 2384//2169
f 2359//2170 2384//2170 2360//2170
f 2360//2171 2384//2171 1812//2171
f 2361//2172 959//2172 2362//2172
f 2362//2173 959//2173 961//2173
f 2362//2174 961//2174 2363//2174
f 2363//2175 961//2175 2385//2175
f 2363//2176 2385//2176 2364//2176
f 2364//2177 2385//2177 2386//2177
f 2364//2178 2386//2178 2365//2178
f 2365//2179 2386//2179 2387//2179
f 2365//2180 2387//2180 2366//2180
f 2366//2181 2387//2181 2388//2181
f 2366//2151 2388//2151 2367//2151
f 2367//2182 2388//2182 2389//2182
f 2367//2152 2389//2152 2368//2152
f 2368//2183 2389//2183 2390//2183
f 2368//2154 2390//2154 2369//2154
f 2369//2184 2390//2184 2391//2184
f 2369//2185 2391//2185 2370//2185
f 2370//2186 2391//2186 2392//2186
f 2370//2156 2392//2156 2371//2156
f 2371//2187 2392//2187 2393//2187
f 2371//2157 2393//2157 2372//2157
f 2372//2188 2393//2188 2394//2188
f 2372//2158 2394//2158 2373//2158
f 2373//2189 2394//2189 2395//2189
f 2373//2190 2395//2190 2374//2190
f 2374//2191 2395//2191 2396//2191
f 2374//2160 2396//2160 2375//2160
f 2375//2192 2396//2192 2397//2192
f 2375//2161 2397//2161 2376//2161
f 2376//2193 2397//2193 2398//2193
f 2376//2194 2398//2194 2377//2194
f 2377//2195 2398//2195 2399//2195
f 2377//2163 2399//2163 2378//2163
f 2378//2196 2399//2196 2400//2196
f 2378//2197 2400//2197 2379//2197
f 2379//2198 2400//2198 2401//2198
f 2379//2199 2401//2199 2380//2199
f 2380//2200 2401//2200 2402//2200
f 2380//2166 2402//2166 2381//2166
f 2381//2201 2402//2201 2403//2201
f 2381//2167 2403//2167 2382//2167
f 2382//2202 2403//2202 2404//2202
f 2382//2168 2404//2168 2383//2168
f 2383//2203 2404//2203 2405//2203
f 2383//2204 2405//2204 2384//2204
f 2384//2205 2405//2205 1812//2205
f 960//2206 2406//2206 961//2206
f 961//2207 2406//2207 2407//2207
f 961//2175 2407//2175 2385//2175
f 2385//2208 2407//2208 2408//2208
f 2385//2177 2408//2177 2386//2177
f 2386//2209 2408//2209 2409//2209
f 2386//2179 2409//2179 2387//2179
f 2387//2210 2409//2210 2410//2210
f 2387//2181 2410//2181 2388//2181
f 2388//2211 2410//2211 2411//2211
f 2388//2182 2411//2182 2389//2182
f 2389//2212 2411//2212 2412//2212
f 2389//2183 2412//2183 2390//2183
f 2390//2213 2412//2213 2413//2213
f 2390//2184 2413//2184 2391//2184
f 2391//2214 2413//2214 2414//2214
f 2391//2186 2414//2186 2392//2186
f 2392//2215 2414//2215 2415//2215
f 2392//2187 2415//2187 2393//2187
f 2393//2216 2415//2216 2416//2216
f 2393//2188 2416//2188 2394//2188
f 2394//2217 2416//2217 2417//2217
f 2394//2189 2417//2189 2395//2189
f 2395//2218 2417//2218 2418//2218
f 2395//2191 2418//2191 2396//2191
f 2396//2219 2418//2219 2419//2219
f 2396//2192 2419//2192 2397//2192
f 2397//2220 2419//2220 2420//2220
f 2397//2221 2420//2221 2398//2221
f 2398//2222 2420//2222 2421//2222
f 2398//2223 2421//2223 2399//2223
f 2399//2224 2421//2224 2422//2224
f 2399//2196 2422//2196 2400//2196
f 2400//2225 2422//2225 2423//2225
f 2400//2198 2423//2198 2401//2198
f 2401//2226 2423//2226 2424//2226
f 2401//2227 2424//2227 2402//2227
f 2402//2228 2424//2228 2425//2228
f 2402//2229 2425//2229 2403//2229
f 2403//2230 2425//2230 2426//2230
f 2403//2202 2426//2202 2404//2202
f 2404//2231 2426//2231 2427//2231
f 2404//2203 2427//2203 2405//2203
f 2405//2232 2427//2232 1812//2232
f 2406//2233 1284//2233 2407//2233
f 2407//686 1284//686 1286//686
f 2407//2208 1286//2208 2408//2208
f 2408//2234 1286//2234 2428//2234
f 2408//2209 2428//2209 2409//2209
f 2409//2235 2428//2235 2429//2235
f 2409//2210 2429//2210 2410//2210
f 2410//2236 2429//2236 2430//2236
f 2410//2211 2430//2211 2411//2211
f 2411//2237 2430//2237 2431//2237
f 2411//2212 2431//2212 2412//2212
f 2412//2238 2431//2238 2432//2238
f 2412//2239 2432//2239 2413//2239
f 2413//2240 2432//2240 2433//2240
f 2413//2214 2433//2214 2414//2214
f 2414//2241 2433//2241 2434//2241
f 2414//2215 2434//2215 2415//2215
f 2415//2242 2434//2242 2435//2242
f 2415//2243 2435//2243 2416//2243
f 2416//2244 2435//2244 2436//2244
f 2416//2245 2436//2245 2417//2245
f 2417//2246 2436//2246 2437//2246
f 2417//2218 2437//2218 2418//2218
f 2418//2247 2437//2247 2438//2247
f 2418//2219 2438//2219 2419//2219
f 2419//2248 2438//2248 2439//2248
f 2419//2249 2439//2249 2420//2249
f 2420//2250 2439//2250 2440//2250
f 2420//2251 2440//2251 2421//2251
f 2421//2252 2440//2252 2441//2252
f 2421//2253 2441//2253 2422//2253
f 2422//2254 2441//2254 2442//2254
f 2422//2255 2442//2255 2423//2255
f 2423//2256 2442//2256 2443//2256
f 2423//2257 2443//2257 2424//2257
f 2424//2258 2443//2258 2444//2258
f 2424//2228 2444//2228 2425//2228
f 2425//2259 2444//2259 2445//2259
f 2425//2230 2445//2230 2426//2230
f 2426//2260 2445//2260 2446//2260
f 2426//2231 2446//2231 2427//2231
f 2427//2261 2446//2261 1812//2261
f 1285//2262 956//2262 1286//2262
f 1286//2263 956//2263 958//2263
f 1286//2264 958//2264 2428//2264
f 2428//2265 958//2265 2447//2265
f 2428//2235 2447//2235 2429//2235
f 2429//2266 2447//2266 2448//2266
f 2429//2236 2448//2236 2430//2236
f 2430//2267 2448//2267 2449//2267
f 2430//2237 2449//2237 2431//2237
f 2431//2268 2449//2268 2450//2268
f 2431//2238 2450//2238 2432//2238
f 2432//2269 2450//2269 2451//2269
f 2432//2240 2451//2240 2433//2240
f 2433//2270 2451//2270 2452//2270
f 2433//2241 2452//2241 2434//2241
f 2434//2271 2452//2271 2453//2271
f 2434//2242 2453//2242 2435//2242
f 2435//2272 2453//2272 2454//2272
f 2435//2244 2454//2244 2436//2244
f 2436//2273 2454//2273 2455//2273
f 2436//2246 2455//2246 2437//2246
f 2437//2274 2455//2274 2456//2274
f 2437//2247 2456//2247 2438//2247
f 2438//2275 2456//2275 2457//2275
f 2438//2248 2457//2248 2439//2248
f 2439//2276 2457//2276 2458//2276
f 2439//2250 2458//2250 2440//2250
f 2440//2277 2458//2277 2459//2277
f 2440//2278 2459//2278 2441//2278
f 2441//2279 2459//2279 2460//2279
f 2441//2280 2460//2280 2442//2280
f 2442//2281 2460//2281 2461//2281
f 2442//2282 2461//2282 2443//2282
f 2443//2283 2461//2283 2462//2283
f 2443//2258 2462//2258 2444//2258
f 2444//2284 2462//2284 2463//2284
f 2444//2259 2463//2259 2445//2259
f 2445//2285 2463//2285 2464//2285
f 2445//2260 2464//2260 2446//2260
f 2446//2286 2464//2286 1812//2286
f 957//2287 953//2287 958//2287
f 958//2288 953//2288 955//2288
f 958//2289 955//2289 2447//2289
f 2447//2290 955//2290 2465//2290
f 2447//2266 2465//2266 2448//2266
f 2448//2291 2465//2291 2466//2291
f 2448//2292 2466//2292 2449//2292
f 2449//2293 2466//2293 2467//2293
f 2449//2268 2467//2268 2450//2268
f 2450//2294 2467//2294 2468//2294
f 2450//2269 2468//2269 2451//2269
f 2451//2295 2468//2295 2469//2295
f 2451//2270 2469//2270 2452//2270
f 2452//2296 2469//2296 2470//2296
f 2452//2271 2470//2271 2453//2271
f 2453//2297 2470//2297 2471//2297
f 2453//2272 2471//2272 2454//2272
f 2454//2298 2471//2298 2472//2298
f 2454//2299 2472//2299 2455//2299
f 2455//2300 2472//2300 2473//2300
f 2455//2274 2473//2274 2456//2274
f 2456//2301 2473//2301 2474//2301
f 2456//2275 2474//2275 2457//2275
f 2457//2302 2474//2302 2475//2302
f 2457//2276 2475//2276 2458//2276
f 2458//2303 2475//2303 2476//2303
f 2458//2304 2476//2304 2459//2304
f 2459//2305 2476//2305 2477//2305
f 2459//2279 2477//2279 2460//2279
f 2460//2306 2477//2306 2478//2306
f 2460//2307 2478//2307 2461//2307
f 2461//2308 2478//2308 2479//2308
f 2461//2283 2479//2283 2462//2283
f 2462//2309 2479//2309 2480//2309
f 2462//2310 2480//2310 2463//2310
f 2463//2311 2480//2311 2481//2311
f 2463//2312 2481//2312 2464//2312
f 2464//2313 2481//2313 1812//2313
f 954//2314 2482//2314 955//2314
f 955//2315 2482//2315 2483//2315
f 955//2290 2483//2290 2465//2290
f 2465//2316 2483//2316 2484//2316
f 2465//2317 2484//2317 2466//2317
f 2466//2318 2484//2318 2485//2318
f 2466//2293 2485//2293 2467//2293
f 2467//2319 2485//2319 2486//2319
f 2467//2320 2486//2320 2468//2320
f 2468//2321 2486//2321 2487//2321
f 2468//2295 2487//2295 2469//2295
f 2469//2322 2487//2322 2488//2322
f 2469//2323 2488//2323 2470//2323
f 2470//2324 2488//2324 2489//2324
f 2470//2297 2489//2297 2471//2297
f 2471//2325 2489//2325 2490//2325
f 2471//2298 2490//2298 2472//2298
f 2472//2326 2490//2326 2491//2326
f 2472//2300 2491//2300 2473//2300
f 2473//2327 2491//2327 2492//2327
f 2473//2328 2492//2328 2474//2328
f 2474//2329 2492//2329 2493//2329
f 2474//2302 2493//2302 2475//2302
f 2475//2330 2493//2330 2494//2330
f 2475//2303 2494//2303 2476//2303
f 2476//2331 2494//2331 2495//2331
f 2476//2305 2495//2305 2477//2305
f 2477//2332 2495//2332 2496//2332
f 2477//2333 2496//2333 2478//2333
f 2478//2334 2496//2334 2497//2334
f 2478//2308 2497//2308 2479//2308
f 2479//2335 2497//2335 2498//2335
f 2479//2336 2498//2336 2480//2336
f 2480//2337 2498//2337 2499//2337
f 2480//2338 2499//2338 2481//2338
f 2481//2339 2499//2339 1812//2339
f 2482//2340 2500//2340 2483//2340
f 2483//2341 2500//2341 2501//2341
f 2483//2342 2501//2342 2484//2342
f 2484//2343 2501//2343 2502//2343
f 2484//2318 2502//2318 2485//2318
f 2485//2344 2502//2344 2503//2344
f 2485//2319 2503//2319 2486//2319
f 2486//2345 2503//2345 2504//2345
f 2486//2321 2504//2321 2487//2321
f 2487//2346 2504//2346 2505//2346
f 2487//2347 2505//2347 2488//2347
f 2488//2348 2505//2348 2506//2348
f 2488//2349 2506//2349 2489//2349
f 2489//2350 2506//2350 2507//2350
f 2489//2351 2507//2351 2490//2351
f 2490//2352 2507//2352 2508//2352
f 2490//2353 2508//2353 2491//2353
f 2491//2354 2508//2354 2509//2354
f 2491//2327 2509//2327 2492//2327
f 2492//2355 2509//2355 2510//2355
f 2492//2329 2510//2329 2493//2329
f 2493//2356 2510//2356 2511//2356
f 2493//2330 2511//2330 2494//2330
f 2494//2357 2511//2357 2512//2357
f 2494//2358 2512//2358 2495//2358
f 2495//2359 2512//2359 2513//2359
f 2495//2332 2513//2332 2496//2332
f 2496//2360 2513//2360 2514//2360
f 2496//2361 2514//2361 2497//2361
f 2497//2362 2514//2362 2515//2362
f 2497//2335 2515//2335 2498//2335
f 2498//2363 2515//2363 2516//2363
f 2498//2364 2516//2364 2499//2364
f 2499//2365 2516//2365 1812//2365
f 2500//2366 950//2366 2501//2366
f 2501//2367 950//2367 952//2367
f 2501//2368 952//2368 2502//2368
f 2502//2369 952//2369 2517//2369
f 2502//2344 2517//2344 2503//2344
f 2503//2370 2517//2370 2518//2370
f 2503//2371 2518//2371 2504//2371
f 2504//2372 2518//2372 2519//2372
f 2504//2346 2519//2346 2505//2346
f 2505//2373 2519//2373 2520//2373
f 2505//2374 2520//2374 2506//2374
f 2506//2375 2520//2375 2521//2375
f 2506//2350 2521//2350 2507//2350
f 2507//2376 2521//2376 2522//2376
f 2507//2352 2522//2352 2508//2352
f 2508//2377 2522//2377 2523//2377
f 2508//2354 2523//2354 2509//2354
f 2509//2378 2523//2378 2524//2378
f 2509//2355 2524//2355 2510//2355
f 2510//2379 2524//2379 2525//2379
f 2510//2380 2525//2380 2511//2380
f 2511//2381 2525//2381 2526//2381
f 2511//2382 2526//2382 2512//2382
f 2512//2383 2526//2383 2527//2383
f 2512//2384 2527//2384 2513//2384
f 2513//2385 2527//2385 2528//2385
f 2513//2386 2528//2386 2514//2386
f 2514//2387 2528//2387 2529//2387
f 2514//2362 2529//2362 2515//2362
f 2515//2388 2529//2388 2530//2388
f 2515//2389 2530//2389 2516//2389
f 2516//2390 2530//2390 1812//2390
f 951//2391 2531//2391 952//2391
f 952//2392 2531//2392 2532//2392
f 952//2393 2532//2393 2517//2393
f 2517//2394 2532//2394 2533//2394
f 2517//2370 2533//2370 2518//2370
f 2518//2395 2533//2395 2534//2395
f 2518//2372 2534//2372 2519//2372
f 2519//2396 2534//2396 2535//2396
f 2519//2373 2535//2373 2520//2373
f 2520//2397 2535//2397 2536//2397
f 2520//2375 2536//2375 2521//2375
f 2521//2398 2536//2398 2537//2398
f 2521//2376 2537//2376 2522//2376
f 2522//2399 2537//2399 2538//2399
f 2522//2400 2538//2400 2523//2400
f 2523//2401 2538//2401 2539//2401
f 2523//2378 2539//2378 2524//2378
f 2524//2402 2539//2402 2540//2402
f 2524//2379 2540//2379 2525//2379
f 2525//2403 2540//2403 2541//2403
f 2525//2381 2541//2381 2526//2381
f 2526//2404 2541//2404 2542//2404
f 2526//2405 2542//2405 2527//2405
f 2527//2406 2542//2406 2543//2406
f 2527//2407 2543//2407 2528//2407
f 2528//2408 2543//2408 2544//2408
f 2528//2387 2544//2387 2529//2387
f 2529//2409 2544//2409 2545//2409
f 2529//2410 2545//2410 2530//2410
f 2530//2411 2545//2411 1812//2411
f 2531//2412 2546//2412 2532//2412
f 2532//2413 2546//2413 2547//2413
f 2532//2414 2547//2414 2533//2414
f 2533//2415 2547//2415 2548//2415
f 2533//2395 2548//2395 2534//2395
f 2534//2416 2548//2416 2549//2416
f 2534//2396 2549//2396 2535//2396
f 2535//2417 2549//2417 2550//2417
f 2535//2397 2550//2397 2536//2397
f 2536//2418 2550//2418 2551//2418
f 2536//2398 2551//2398 2537//2398
f 2537//2419 2551//2419 2552//2419
f 2537//2399 2552//2399 2538//2399
f 2538//2420 2552//2420 2553//2420
f 2538//2401 2553//2401 2539//2401
f 2539//2421 2553//2421 2554//2421
f 2539//2402 2554//2402 2540//2402
f 2540//2422 2554//2422 2555//2422
f 2540//2403 2555//2403 2541//2403
f 2541//2423 2555//2423 2556//2423
f 2541//2404 2556//2404 2542//2404
f 2542//2424 2556//2424 2557//2424
f 2542//2406 2557//2406 2543//2406
f 2543//2425 2557//2425 2558//2425
f 2543//2408 2558//2408 2544//2408
f 2544//2426 2558//2426 2559//2426
f 2544//2427 2559//2427 2545//2427
f 2545//2428 2559//2428 1812//2428
f 2546//2429 947//2429 2547//2429
f 2547//2430 947//2430 949//2430
f 2547//2415 949//2415 2548//2415
f 2548//2431 949//2431 2560//2431
f 2548//2416 2560//2416 2549//2416
f 2549//2432 2560//2432 2561//2432
f 2549//2417 2561//2417 2550//2417
f 2550//2433 2561//2433 2562//2433
f 2550//2418 2562//2418 2551//2418
f 2551//2434 2562//2434 2563//2434
f 2551//2435 2563//2435 2552//2435
f 2552//2436 2563//2436 2564//2436
f 2552//2420 2564//2420 2553//2420
f 2553//2437 2564//2437 2565//2437
f 2553//2421 2565//2421 2554//2421
f 2554//2438 2565//2438 2566//2438
f 2554//2422 2566//2422 2555//2422
f 2555//2439 2566//2439 2567//2439
f 2555//2440 2567//2440 2556//2440
f 2556//2441 2567//2441 2568//2441
f 2556//2442 2568//2442 2557//2442
f 2557//2443 2568//2443 2569//2443
f 2557//2444 2569//2444 2558//2444
f 2558//2445 2569//2445 2570//2445
f 2558//2446 2570//2446 2559//2446
f 2559//2447 2570//2447 1812//2447
f 948//2448 944//2448 949//2448
f 949//2449 944//2449 946//2449
f 949//2431 946//2431 2560//2431
f 2560//2450 946//2450 2571//2450
f 2560//2432 2571//2432 2561//2432
f 2561//2451 2571//2451 2572//2451
f 2561//2433 2572//2433 2562//2433
f 2562//2452 2572//2452 2573//2452
f 2562//2434 2573//2434 2563//2434
f 2563//2453 2573//2453 2574//2453
f 2563//2436 2574//2436 2564//2436
f 2564//2454 2574//2454 2575//2454
f 2564//2437 2575//2437 2565//2437
f 2565//2455 2575//2455 2576//2455
f 2565//2438 2576//2438 2566//2438
f 2566//2456 2576//2456 2577//2456
f 2566//2439 2577//2439 2567//2439
f 2567//2457 2577//2457 2578//2457
f 2567//2458 2578//2458 2568//2458
f 2568//2459 2578//2459 2579//2459
f 2568//2460 2579//2460 2569//2460
f 2569//2461 2579//2461 2580//2461
f 2569//2462 2580//2462 2570//2462
f 2570//2463 2580//2463 1812//2463
f 945//2464 2581//2464 946//2464
f 946//2465 2581//2465 2582//2465
f 946//2450 2582//2450 2571//2450
f 2571//2466 2582//2466 2583//2466
f 2571//2467 2583//2467 2572//2467
f 2572//2468 2583//2468 2584//2468
f 2572//2452 2584//2452 2573//2452
f 2573//2469 2584//2469 2585//2469
f 2573//2453 2585//2453 2574//2453
f 2574//2470 2585//2470 2586//2470
f 2574//2471 2586//2471 2575//2471
f 2575//2472 2586//2472 2587//2472
f 2575//2455 2587//2455 2576//2455
f 2576//2473 2587//2473 2588//2473
f 2576//2474 2588//2474 2577//2474
f 2577//2475 2588//2475 2589//2475
f 2577//2476 2589//2476 2578//2476
f 2578//2477 2589//2477 2590//2477
f 2578//2478 2590//2478 2579//2478
f 2579//2479 2590//2479 2591//2479
f 2579//2480 2591//2480 2580//2480
f 2580//2481 2591//2481 1812//2481
f 2581//2482 2592//2482 2582//2482
f 2582//2483 2592//2483 2593//2483
f 2582//2466 2593//2466 2583//2466
f 2583//2484 2593//2484 2594//2484
f 2583//2468 2594//2468 2584//2468
f 2584//2485 2594//2485 2595//2485
f 2584//2469 2595//2469 2585//2469
f 2585//2486 2595//2486 2596//2486
f 2585//2470 2596//2470 2586//2470
f 2586//2487 2596//2487 2597//2487
f 2586//2472 2597//2472 2587//2472
f 2587//2488 2597//2488 2598//2488
f 2587//2489 2598//2489 2588//2489
f 2588//2490 2598//2490 2599//2490
f 2588//2491 2599//2491 2589//2491
f 2589//2492 2599//2492 2600//2492
f 2589//2477 2600//2477 2590//2477
f 2590//2493 2600//2493 2601//2493
f 2590//2479 2601//2479 2591//2479
f 2591//2494 2601//2494 1812//2494
f 2592//2495 941//2495 2593//2495
f 2593//2496 941//2496 943//2496
f 2593//2497 943//2497 2594//2497
f 2594//2498 943//2498 2602//2498
f 2594//2485 2602//2485 2595//2485
f 2595//2499 2602//2499 2603//2499
f 2595//2486 2603//2486 2596//2486
f 2596//2500 2603//2500 2604//2500
f 2596//2487 2604//2487 2597//2487
f 2597//2501 2604//2501 2605//2501
f 2597//2488 2605//2488 2598//2488
f 2598//2502 2605//2502 2606//2502
f 2598//2503 2606//2503 2599//2503
f 2599//2504 2606//2504 2607//2504
f 2599//2505 2607//2505 2600//2505
f 2600//2506 2607//2506 2608//2506
f 2600//2493 2608//2493 2601//2493
f 2601//2507 2608//2507 1812//2507
f 942//2508 2609//2508 943//2508
f 943//2509 2609//2509 2610//2509
f 943//2498 2610//2498 2602//2498
f 2602//2510 2610//2510 2611//2510
f 2602//2499 2611//2499 2603//2499
f 2603//2511 2611//2511 2612//2511
f 2603//2500 2612//2500 2604//2500
f 2604//2512 2612//2512 2613//2512
f 2604//2501 2613//2501 2605//2501
f 2605//2513 2613//2513 2614//2513
f 2605//2502 2614//2502 2606//2502
f 2606//2514 2614//2514 2615//2514
f 2606//2515 2615//2515 2607//2515
f 2607//2516 2615//2516 2616//2516
f 2607//2517 2616//2517 2608//2517
f 2608//2518 2616//2518 1812//2518
f 2609//2519 2617//2519 2610//2519
f 2610//2520 2617//2520 2618//2520
f 2610//2521 2618//2521 2611//2521
f 2611//2522 2618//2522 2619//2522
f 2611//2523 2619//2523 2612//2523
f 2612//2524 2619//2524 2620//2524
f 2612//2525 2620//2525 2613//2525
f 2613//2526 2620//2526 2621//2526
f 2613//2513 2621//2513 2614//2513
f 2614//2527 2621//2527 2622//2527
f 2614//2528 2622//2528 2615//2528
f 2615//2529 2622//2529 2623//2529
f 2615//2530 2623//2530 2616//2530
f 2616//2531 2623//2531 1812//2531
f 2617//2532 935//2532 2618//2532
f 2618//2533 935//2533 937//2533
f 2618//2534 937//2534 2619//2534
f 2619//2535 937//2535 2624//2535
f 2619//2524 2624//2524 2620//2524
f 2620//2536 2624//2536 2625//2536
f 2620//2526 2625//2526 2621//2526
f 2621//2537 2625//2537 2626//2537
f 2621//2538 2626//2538 2622//2538
f 2622//2539 2626//2539 2627//2539
f 2622//2540 2627//2540 2623//2540
f 2623//2541 2627//2541 1812//2541
f 936//2542 2628//2542 937//2542
f 937//2543 2628//2543 2629//2543
f 937//2544 2629//2544 2624//2544
f 2624//2545 2629//2545 2630//2545
f 2624//2536 2630//2536 2625//2536
f 2625//2546 2630//2546 2631//2546
f 2625//2537 2631//2537 2626//2537
f 2626//2547 2631//2547 2632//2547
f 2626//2548 2632//2548 2627//2548
f 2627//2549 2632//2549 1812//2549
f 2628//2550 2633//2550 2629//2550
f 2629//2551 2633//2551 2634//2551
f 2629//2545 2634//2545 2630//2545
f 2630//2552 2634//2552 2635//2552
f 2630//2553 2635//2553 2631//2553
f 2631//2554 2635//2554 2636//2554
f 2631//2547 2636//2547 2632//2547
f 2632//2555 2636//2555 1812//2555
f 2633//2556 2637//2556 2634//2556
f 2634//2557 2637//2557 2638//2557
f 2634//2558 2638//2558 2635//2558
f 2635//2559 2638//2559 2639//2559
f 2635//2560 2639//2560 2636//2560
f 2636//2561 2639//2561 1812//2561
f 2638//2562 2640//2562 2639//2562
f 2639//2563 2640//2563 1812//2563
f 1810//2564 983//2564 1811//2564
f 1735//2565 1697//2565 1736//2565
f 1736//2566 1697//2566 1698//2566
f 1736//1361 1698//1361 1738//1361
f 1738//1309 1698//1309 1699//1309
f 1738//2567 1699//2567 1740//2567
f 1740//1310 1699//1310 1700//1310
f 1740//1365 1700//1365 1742//1365
f 1742//1311 1700//1311 1701//1311
f 1742//1367 1701//1367 1744//1367
f 1744//1312 1701//1312 1702//1312
f 1744//2568 1702//2568 1746//2568
f 1746//1313 1702//1313 1703//1313
f 1746//1371 1703//1371 1748//1371
f 1748//1314 1703//1314 1704//1314
f 1748//1373 1704//1373 1750//1373
f 1750//1315 1704//1315 1705//1315
f 1750//2569 1705//2569 1752//2569
f 1752//2570 1705//2570 1706//2570
f 1752//2571 1706//2571 1754//2571
f 1754//2572 1706//2572 1707//2572
f 1754//1379 1707//1379 1756//1379
f 1756//1319 1707//1319 1708//1319
f 1756//2573 1708//2573 1758//2573
f 1758//1320 1708//1320 1709//1320
f 1758//1383 1709//1383 1760//1383
f 1760//1321 1709//1321 1710//1321
f 1760//1385 1710//1385 1762//1385
f 1762//2574 1710//2574 1711//2574
f 1762//2575 1711//2575 1764//2575
f 1764//1325 1711//1325 1712//1325
f 1764//1389 1712//1389 1766//1389
f 1766//1326 1712//1326 1713//1326
f 1766//1391 1713//1391 1768//1391
f 1768//1327 1713//1327 1714//1327
f 1768//2576 1714//2576 1770//2576
f 1770//1328 1714//1328 1715//1328
f 1770//1395 1715//1395 1772//1395
f 1772//1330 1715//1330 1716//1330
f 1772//2577 1716//2577 1774//2577
f 1774//1331 1716//1331 1717//1331
f 1774//1399 1717//1399 1776//1399
f 1776//1332 1717//1332 1718//1332
f 1776//1401 1718//1401 1778//1401
f 1778//1334 1718//1334 1719//1334
f 1778//1403 1719//1403 1780//1403
f 1780//2578 1719//2578 1720//2578
f 1780//2579 1720//2579 1782//2579
f 1782//2580 1720//2580 1721//2580
f 1782//1407 1721//1407 1784//1407
f 1784//2581 1721//2581 1722//2581
f 1784//2582 1722//2582 1786//2582
f 1786//2583 1722//2583 1723//2583
f 1786//2584 1723//2584 1788//2584
f 1788//1343 1723//1343 1724//1343
f 1788//1413 1724//1413 1790//1413
f 1790//2585 1724//2585 1725//2585
f 1790//2586 1725//2586 1792//2586
f 1792//1345 1725//1345 1726//1345
f 1792//2587 1726//2587 1794//2587
f 1794//1347 1726//1347 1727//1347
f 1794//1419 1727//1419 1796//1419
f 1796//2588 1727//2588 1728//2588
f 1796//1421 1728//1421 1798//1421
f 1798//1349 1728//1349 1729//1349
f 1798//1423 1729//1423 1800//1423
f 1800//2589 1729//2589 1730//2589
f 1800//1425 1730//1425 1802//1425
f 1802//2590 1730//2590 1731//2590
f 1802//2591 1731//2591 1804//2591
f 1804//2592 1731//2592 1732//2592
f 1804//1429 1732//1429 1806//1429
f 1806//2593 1732//2593 1733//2593
f 1806//2594 1733//2594 1808//2594
f 1808//2595 1733//2595 1734//2595
f 1808//2596 1734//2596 1810//2596
f 1810//2597 1734//2597 983//2597
f 2637//2598 2641//2598 2638//2598
f 2638//2599 2641//2599 2642//2599
f 2638//2600 2642//2600 2640//2600
f 2640//2601 2642//2601 1812//2601
f 2643//24 1001//24 2644//24
f 2644//145 1001//145 1003//145
f 2644//118 1003//118 2645//118
f 2646//24 2647//24 1291//24
f 2648//24 1133//24 2649//24
f 2649//24 1133//24 1135//24
f 2649//24 1135//24 2650//24
f 2651//24 1067//24 2652//24
f 2652//24 1067//24 1069//24
f 2652//24 1069//24 2653//24
f 2654//24 1031//24 2655//24
f 2655//24 1031//24 1033//24
f 2655//24 1033//24 2651//24
f 2651//24 1033//24 1035//24
f 2651//24 1035//24 1067//24
f 1003//24 1005//24 2645//24
f 2645//24 1005//24 1007//24
f 2645//24 1007//24 2654//24
f 2654//24 1007//24 1029//24
f 2654//24 1029//24 1031//24
f 2656//24 1891//24 2657//24
f 2657//118 1891//118 978//118
f 2657//24 978//24 2658//24
f 2658//24 978//24 977//24
f 2658//24 977//24 2659//24
f 2659//24 977//24 983//24
f 2659//24 983//24 2660//24
f 2660//24 983//24 987//24
f 2660//24 987//24 2643//24
f 2643//24 987//24 988//24
f 2643//24 988//24 1001//24
f 2661//24 2074//24 2662//24
f 2662//160 2074//160 2039//160
f 2662//24 2039//24 2663//24
f 2664//24 2665//24 960//24
f 1590//24 2666//24 2667//24
f 1291//24 2647//24 1289//24
f 1289//24 2647//24 2668//24
f 1289//24 2668//24 1287//24
f 1287//118 2668//118 1240//118
f 1240//24 2668//24 2669//24
f 1240//145 2669//145 1238//145
f 2670//24 1195//24 2671//24
f 2671//24 1195//24 1215//24
f 2671//24 1215//24 2669//24
f 2669//118 1215//118 1217//118
f 2669//24 1217//24 1238//24
f 1135//24 1137//24 2650//24
f 2650//24 1137//24 1189//24
f 2650//24 1189//24 2672//24
f 2672//24 1189//24 1191//24
f 2672//24 1191//24 2670//24
f 2670//24 1191//24 1193//24
f 2670//24 1193//24 1195//24
f 2673//24 1088//24 2648//24
f 2648//24 1088//24 1131//24
f 2648//24 1131//24 1133//24
f 1069//24 1071//24 2653//24
f 2653//24 1071//24 1073//24
f 2653//24 1073//24 2673//24
f 2673//24 1073//24 1086//24
f 2673//24 1086//24 1088//24
f 2039//24 2003//24 2663//24
f 2663//24 2003//24 975//24
f 2663//24 975//24 2674//24
f 2674//24 975//24 974//24
f 2674//118 974//118 2656//118
f 2656//24 974//24 1930//24
f 2656//24 1930//24 1891//24
f 2675//24 971//24 2661//24
f 2661//24 971//24 1055//24
f 2661//24 1055//24 2074//24
f 2676//24 2171//24 2677//24
f 2677//24 2171//24 2139//24
f 2677//24 2139//24 2675//24
f 2675//24 2139//24 972//24
f 2675//118 972//118 971//118
f 966//118 2678//118 2679//118
f 2680//24 954//24 2681//24
f 2681//24 954//24 953//24
f 2681//24 953//24 2682//24
f 2683//24 950//24 2684//24
f 2684//24 950//24 2500//24
f 2684//24 2500//24 2680//24
f 2680//24 2500//24 2482//24
f 2680//24 2482//24 954//24
f 1458//24 2685//24 2686//24
f 966//24 965//24 2678//24
f 2678//118 965//118 969//118
f 2678//24 969//24 2676//24
f 2676//24 969//24 968//24
f 2676//24 968//24 2171//24
f 953//24 957//24 2682//24
f 2682//24 957//24 956//24
f 2682//24 956//24 2687//24
f 2688//24 2546//24 2689//24
f 2689//24 2546//24 2531//24
f 2689//24 2531//24 2683//24
f 2683//24 2531//24 951//24
f 2683//24 951//24 950//24
f 2690//24 948//24 2688//24
f 2688//24 948//24 947//24
f 2688//24 947//24 2546//24
f 2691//24 945//24 2690//24
f 2690//24 945//24 944//24
f 2690//24 944//24 948//24
f 2692//24 2637//24 2693//24
f 2693//24 2637//24 2633//24
f 2693//24 2633//24 2694//24
f 2695//24 933//24 2696//24
f 2696//118 933//118 932//118
f 2696//24 932//24 2697//24
f 1590//145 939//145 2666//145
f 2666//24 939//24 938//24
f 2666//24 938//24 2698//24
f 2698//24 938//24 1591//24
f 2698//24 1591//24 2695//24
f 2695//24 1591//24 1661//24
f 2695//24 1661//24 933//24
f 2699//24 1585//24 2700//24
f 2700//24 1585//24 1587//24
f 2700//118 1587//118 2667//118
f 2667//24 1587//24 1589//24
f 2667//118 1589//118 1590//118
f 1458//24 1488//24 2685//24
f 2685//24 1488//24 1490//24
f 2685//118 1490//118 2699//118
f 2699//24 1490//24 1583//24
f 2699//24 1583//24 1585//24
f 2701//24 1452//24 2702//24
f 2702//24 1452//24 1454//24
f 2702//24 1454//24 2686//24
f 2686//24 1454//24 1456//24
f 2686//24 1456//24 1458//24
f 1291//24 1364//24 2646//24
f 2646//118 1364//118 1366//118
f 2646//24 1366//24 2703//24
f 2703//24 1366//24 1368//24
f 2703//24 1368//24 2701//24
f 2701//24 1368//24 1370//24
f 2701//118 1370//118 1452//118
f 2704//24 962//24 2705//24
f 2705//118 962//118 2285//118
f 2705//24 2285//24 2679//24
f 2679//24 2285//24 2257//24
f 2679//24 2257//24 966//24
f 956//24 1285//24 2687//24
f 2687//24 1285//24 1284//24
f 2687//24 1284//24 2665//24
f 2665//118 1284//118 2406//118
f 2665//24 2406//24 960//24
f 2706//24 2617//24 2707//24
f 2707//24 2617//24 2609//24
f 2707//24 2609//24 2708//24
f 960//24 959//24 2664//24
f 2664//24 959//24 2361//24
f 2664//24 2361//24 2709//24
f 2709//24 2361//24 2336//24
f 2709//24 2336//24 2704//24
f 2704//24 2336//24 963//24
f 2704//24 963//24 962//24
f 2609//24 942//24 2708//24
f 2708//24 942//24 941//24
f 2708//24 941//24 2710//24
f 2710//24 941//24 2592//24
f 2710//24 2592//24 2691//24
f 2691//24 2592//24 2581//24
f 2691//24 2581//24 945//24
f 2633//24 2628//24 2694//24
f 2694//24 2628//24 936//24
f 2694//24 936//24 2706//24
f 2706//24 936//24 935//24
f 2706//24 935//24 2617//24
f 932//145 1697//145 2697//145
f 2697//24 1697//24 1735//24
f 2697//24 1735//24 2711//24
f 2711//24 1735//24 930//24
f 2711//24 930//24 2712//24
f 2712//118 930//118 929//118
f 2712//24 929//24 2713//24
f 2713//24 929//24 1812//24
f 2713//24 1812//24 2714//24
f 2714//24 1812//24 2642//24
f 2714//24 2642//24 2692//24
f 2692//24 2642//24 2641//24
f 2692//24 2641//24 2637//24
f 2715//2602 2716//2602 2717//2602
f 2715//2603 2717//2603 2718//2603
f 2719//2604 2718//2604 2717//2604
f 2720//2605 2719//2605 2717//2605
f 2721//2606 2720//2606 2717//2606
f 2722//2607 2721//2607 2717//2607
f 2723//2608 2722//2608 2717//2608
f 2724//2609 2723//2609 2717//2609
f 2725//2610 2724//2610 2717//2610
f 2726//2611 2725//2611 2717//2611
f 2727//2612 2726//2612 2717//2612
f 2728//2613 2727//2613 2717//2613
f 2729//2614 2728//2614 2717//2614
f 2730//2615 2729//2615 2717//2615
f 2731//2616 2730//2616 2717//2616
f 2732//2617 2731//2617 2717//2617
f 2733//2618 2732//2618 2717//2618
f 2734//2619 2733//2619 2717//2619
f 2735//2620 2734//2620 2717//2620
f 2736//2621 2735//2621 2717//2621
f 2737//2622 2736//2622 2717//2622
f 2738//2623 2737//2623 2717//2623
f 2739//2624 2738//2624 2717//2624
f 2740//2625 2739//2625 2717//2625
f 2741//2626 2740//2626 2717//2626
f 2742//2627 2741//2627 2717//2627
f 2743//2628 2742//2628 2717//2628
f 2744//2629 2743//2629 2717//2629
f 2745//2630 2744//2630 2717//2630
f 2746//2631 2745//2631 2717//2631
f 2747//2632 2746//2632 2717//2632
f 2748//2633 2747//2633 2717//2633
f 2749//2634 2748//2634 2717//2634
f 2750//2635 2749//2635 2717//2635
f 2751//2636 2750//2636 2717//2636
f 2752//2637 2751//2637 2717//2637
f 2753//2638 2752//2638 2717//2638
f 2754//2639 2753//2639 2717//2639
f 2755//2640 2754//2640 2717//2640
f 2756//2641 2755//2641 2717//2641
f 2757//2642 2756//2642 2717//2642
f 2758//2643 2757//2643 2717//2643
f 2759//2644 2758//2644 2717//2644
f 2760//2645 2759//2645 2717//2645
f 2761//2646 2760//2646 2717//2646
f 2762//2647 2761//2647 2717//2647
f 2763//2648 2762//2648 2717//2648
f 2764//2649 2763//2649 2717//2649
f 2765//2650 2764//2650 2717//2650
f 2766//2651 2765//2651 2717//2651
f 2767//2652 2766//2652 2717//2652
f 2768//2653 2767//2653 2717//2653
f 2769//2654 2768//2654 2717//2654
f 2770//2655 2769//2655 2717//2655
f 2771//2656 2770//2656 2717//2656
f 2772//2657 2771//2657 2717//2657
f 2773//2658 2772//2658 2717//2658
f 2774//2659 2773//2659 2717//2659
f 2775//2660 2774//2660 2717//2660
f 2776//2661 2775//2661 2717//2661
f 2777//2662 2776//2662 2717//2662
f 2778//2663 2777//2663 2717//2663
f 2779//2664 2778//2664 2717//2664
f 2780//2665 2779//2665 2717//2665
f 2781//2666 2780//2666 2717//2666
f 2782//2667 2781//2667 2717//2667
f 2783//2668 2782//2668 2717//2668
f 2784//2669 2783//2669 2717//2669
f 2785//2670 2784//2670 2717//2670
f 2786//2671 2785//2671 2717//2671
f 2787//2672 2786//2672 2717//2672
f 2716//2673 2787//2673 2717//2673
f 2712//2674 2788//2674 2711//2674
f 2711//2674 2788//2674 2789//2674
f 2711//2675 2789//2675 2697//2675
f 2697//2675 2789//2675 2790//2675
f 2697//2676 2790//2676 2696//2676
f 2696//2677 2790//2677 2791//2677
f 2696//2678 2791//2678 2695//2678
f 2695//2678 2791//2678 2792//2678
f 2695//2679 2792//2679 2698//2679
f 2698//2679 2792//2679 2793//2679
f 2698//2680 2793//2680 2666//2680
f 2666//2681 2793//2681 2794//2681
f 2666//2682 2794//2682 2667//2682
f 2667//2682 2794//2682 2795//2682
f 2667//2683 2795//2683 2700//2683
f 2700//2683 2795//2683 2796//2683
f 2700//2684 2796//2684 2699//2684
f 2699//2684 2796//2684 2797//2684
f 2699//2685 2797//2685 2685//2685
f 2685//2685 2797//2685 2798//2685
f 2685//2686 2798//2686 2686//2686
f 2686//2686 2798//2686 2799//2686
f 2686//2687 2799//2687 2702//2687
f 2702//2687 2799//2687 2800//2687
f 2702//2688 2800//2688 2701//2688
f 2701//2688 2800//2688 2801//2688
f 2701//2689 2801//2689 2703//2689
f 2703//2689 2801//2689 2802//2689
f 2703//2690 2802//2690 2646//2690
f 2646//2690 2802//2690 2803//2690
f 2646//2691 2803//2691 2647//2691
f 2647//2691 2803//2691 2804//2691
f 2647//2692 2804//2692 2668//2692
f 2668//2692 2804//2692 2805//2692
f 2668//2693 2805//2693 2669//2693
f 2669//2693 2805//2693 2806//2693
f 2669//2694 2806//2694 2671//2694
f 2671//2694 2806//2694 2807//2694
f 2671//2695 2807//2695 2670//2695
f 2670//2695 2807//2695 2808//2695
f 2670//2696 2808//2696 2672//2696
f 2672//2697 2808//2697 2809//2697
f 2672//2698 2809//2698 2650//2698
f 2650//2699 2809//2699 2810//2699
f 2650//2700 2810//2700 2649//2700
f 2649//2701 2810//2701 2811//2701
f 2649//2702 2811//2702 2648//2702
f 2648//2702 2811//2702 2812//2702
f 2648//2703 2812//2703 2673//2703
f 2673//2704 2812//2704 2813//2704
f 2673//2705 2813//2705 2653//2705
f 2653//2705 2813//2705 2814//2705
f 2653//2706 2814//2706 2652//2706
f 2652//2707 2814//2707 2815//2707
f 2652//2708 2815//2708 2651//2708
f 2651//2708 2815//2708 2816//2708
f 2651//2709 2816//2709 2655//2709
f 2655//2710 2816//2710 2817//2710
f 2655//2711 2817//2711 2654//2711
f 2654//2711 2817//2711 2818//2711
f 2654//2712 2818//2712 2645//2712
f 2645//2712 2818//2712 2819//2712
f 2645//2713 2819//2713 2644//2713
f 2644//2713 2819//2713 2820//2713
f 2644//2714 2820//2714 2643//2714
f 2643//2714 2820//2714 2821//2714
f 2643//2715 2821//2715 2660//2715
f 2660//2715 2821//2715 2822//2715
f 2660//2716 2822//2716 2659//2716
f 2659//2716 2822//2716 2823//2716
f 2659//2717 2823//2717 2658//2717
f 2658//2718 2823//2718 2824//2718
f 2658//2719 2824//2719 2657//2719
f 2657//2719 2824//2719 2825//2719
f 2657//2720 2825//2720 2656//2720
f 2656//2721 2825//2721 2826//2721
f 2656//2722 2826//2722 2674//2722
f 2674//2723 2826//2723 2827//2723
f 2674//2724 2827//2724 2663//2724
f 2663//2724 2827//2724 2828//2724
f 2663//2725 2828//2725 2662//2725
f 2662//2725 2828//2725 2829//2725
f 2662//2726 2829//2726 2661//2726
f 2661//2727 2829//2727 2830//2727
f 2661//2728 2830//2728 2675//2728
f 2675//2728 2830//2728 2831//2728
f 2675//2729 2831//2729 2677//2729
f 2677//2730 2831//2730 2832//2730
f 2677//2731 2832//2731 2676//2731
f 2676//2731 2832//2731 2833//2731
f 2676//2732 2833//2732 2678//2732
f 2678//2733 2833//2733 2834//2733
f 2678//2734 2834//2734 2679//2734
f 2679//2734 2834//2734 2835//2734
f 2679//2735 2835//2735 2705//2735
f 2705//2735 2835//2735 2836//2735
f 2705//2736 2836//2736 2704//2736
f 2704//2736 2836//2736 2837//2736
f 2704//2737 2837//2737 2709//2737
f 2709//2737 2837//2737 2838//2737
f 2709//2738 2838//2738 2664//2738
f 2664//2738 2838//2738 2839//2738
f 2664//2739 2839//2739 2665//2739
f 2665//2739 2839//2739 2840//2739
f 2665//2740 2840//2740 2687//2740
f 2687//2740 2840//2740 2841//2740
f 2687//2741 2841//2741 2682//2741
f 2682//2741 2841//2741 2842//2741
f 2682//2742 2842//2742 2681//2742
f 2681//2742 2842//2742 2843//2742
f 2681//2743 2843//2743 2680//2743
f 2680//2743 2843//2743 2844//2743
f 2680//2744 2844//2744 2684//2744
f 2684//2744 2844//2744 2845//2744
f 2684//2745 2845//2745 2683//2745
f 2683//2745 2845//2745 2846//2745
f 2683//2746 2846//2746 2689//2746
f 2689//2746 2846//2746 2847//2746
f 2689//2747 2847//2747 2688//2747
f 2688//2747 2847//2747 2848//2747
f 2688//2748 2848//2748 2690//2748
f 2690//2748 2848//2748 2849//2748
f 2690//2749 2849//2749 2691//2749
f 2691//2749 2849//2749 2850//2749
f 2691//2750 2850//2750 2710//2750
f 2710//2750 2850//2750 2851//2750
f 2710//2751 2851//2751 2708//2751
f 2708//2751 2851//2751 2852//2751
f 2708//2752 2852//2752 2707//2752
f 2707//2753 2852//2753 2853//2753
f 2707//2754 2853//2754 2706//2754
f 2706//2754 2853//2754 2854//2754
f 2706//2755 2854//2755 2694//2755
f 2694//2756 2854//2756 2855//2756
f 2694//2757 2855//2757 2693//2757
f 2693//2757 2855//2757 2856//2757
f 2693//2758 2856//2758 2692//2758
f 2692//2758 2856//2758 2857//2758
f 2692//2759 2857//2759 2714//2759
f 2714//2759 2857//2759 2858//2759
f 2714//2760 2858//2760 2713//2760
f 2713//2760 2858//2760 2859//2760
f 2713//2761 2859//2761 2712//2761
f 2712//2762 2859//2762 2788//2762
f 2788//2763 2860//2763 2789//2763
f 2789//2763 2860//2763 2861//2763
f 2789//2764 2861//2764 2790//2764
f 2790//2764 2861//2764 2862//2764
f 2790//2765 2862//2765 2791//2765
f 2791//2765 2862//2765 2863//2765
f 2791//2766 2863//2766 2792//2766
f 2792//2766 2863//2766 2864//2766
f 2792//2767 2864//2767 2793//2767
f 2793//2767 2864//2767 2865//2767
f 2793//2768 2865//2768 2794//2768
f 2794//2768 2865//2768 2866//2768
f 2794//2769 2866//2769 2795//2769
f 2795//2769 2866//2769 2867//2769
f 2795//2770 2867//2770 2796//2770
f 2796//2771 2867//2771 2868//2771
f 2796//2772 2868//2772 2797//2772
f 2797//2772 2868//2772 2869//2772
f 2797//2773 2869//2773 2798//2773
f 2798//2773 2869//2773 2870//2773
f 2798//2774 2870//2774 2799//2774
f 2799//2774 2870//2774 2871//2774
f 2799//2775 2871//2775 2800//2775
f 2800//2775 2871//2775 2872//2775
f 2800//2776 2872//2776 2801//2776
f 2801//2776 2872//2776 2873//2776
f 2801//2777 2873//2777 2802//2777
f 2802//2777 2873//2777 2874//2777
f 2802//2778 2874//2778 2803//2778
f 2803//2778 2874//2778 2875//2778
f 2803//2779 2875//2779 2804//2779
f 2804//2779 2875//2779 2876//2779
f 2804//2780 2876//2780 2805//2780
f 2805//2781 2876//2781 2877//2781
f 2805//2782 2877//2782 2806//2782
f 2806//2782 2877//2782 2878//2782
f 2806//2783 2878//2783 2807//2783
f 2807//2783 2878//2783 2879//2783
f 2807//2784 2879//2784 2808//2784
f 2808//2784 2879//2784 2880//2784
f 2808//2785 2880//2785 2809//2785
f 2809//2786 2880//2786 2881//2786
f 2809//2787 2881//2787 2810//2787
f 2810//2788 2881//2788 2882//2788
f 2810//2789 2882//2789 2811//2789
f 2811//2789 2882//2789 2883//2789
f 2811//2790 2883//2790 2812//2790
f 2812//2790 2883//2790 2884//2790
f 2812//2791 2884//2791 2813//2791
f 2813//2791 2884//2791 2885//2791
f 2813//2792 2885//2792 2814//2792
f 2814//2793 2885//2793 2886//2793
f 2814//2794 2886//2794 2815//2794
f 2815//2795 2886//2795 2887//2795
f 2815//2796 2887//2796 2816//2796
f 2816//2796 2887//2796 2888//2796
f 2816//2797 2888//2797 2817//2797
f 2817//2797 2888//2797 2889//2797
f 2817//2798 2889//2798 2818//2798
f 2818//2798 2889//2798 2890//2798
f 2818//2799 2890//2799 2819//2799
f 2819//2799 2890//2799 2891//2799
f 2819//2800 2891//2800 2820//2800
f 2820//2800 2891//2800 2892//2800
f 2820//2801 2892//2801 2821//2801
f 2821//2802 2892//2802 2893//2802
f 2821//2803 2893//2803 2822//2803
f 2822//2803 2893//2803 2894//2803
f 2822//2804 2894//2804 2823//2804
f 2823//2804 2894//2804 2895//2804
f 2823//2805 2895//2805 2824//2805
f 2824//2806 2895//2806 2896//2806
f 2824//2807 2896//2807 2825//2807
f 2825//2807 2896//2807 2897//2807
f 2825//2808 2897//2808 2826//2808
f 2826//2808 2897//2808 2898//2808
f 2826//2809 2898//2809 2827//2809
f 2827//2809 2898//2809 2899//2809
f 2827//2810 2899//2810 2828//2810
f 2828//2810 2899//2810 2900//2810
f 2828//2811 2900//2811 2829//2811
f 2829//2811 2900//2811 2901//2811
f 2829//2812 2901//2812 2830//2812
f 2830//2812 2901//2812 2902//2812
f 2830//2813 2902//2813 2831//2813
f 2831//2813 2902//2813 2903//2813
f 2831//2814 2903//2814 2832//2814
f 2832//2814 2903//2814 2904//2814
f 2832//2815 2904//2815 2833//2815
f 2833//2815 2904//2815 2905//2815
f 2833//2816 2905//2816 2834//2816
f 2834//2816 2905//2816 2906//2816
f 2834//2817 2906//2817 2835//2817
f 2835//2817 2906//2817 2907//2817
f 2835//2818 2907//2818 2836//2818
f 2836//2818 2907//2818 2908//2818
f 2836//2819 2908//2819 2837//2819
f 2837//2819 2908//2819 2909//2819
f 2837//2820 2909//2820 2838//2820
f 2838//2820 2909//2820 2910//2820
f 2838//2821 2910//2821 2839//2821
f 2839//2821 2910//2821 2911//2821
f 2839//2822 2911//2822 2840//2822
f 2840//2822 2911//2822 2912//2822
f 2840//2823 2912//2823 2841//2823
f 2841//2823 2912//2823 2913//2823
f 2841//2824 2913//2824 2842//2824
f 2842//2824 2913//2824 2914//2824
f 2842//2825 2914//2825 2843//2825
f 2843//2825 2914//2825 2915//2825
f 2843//2826 2915//2826 2844//2826
f 2844//2826 2915//2826 2916//2826
f 2844//2827 2916//2827 2845//2827
f 2845//2827 2916//2827 2917//2827
f 2845//2828 2917//2828 2846//2828
f 2846//2829 2917//2829 2918//2829
f 2846//2830 2918//2830 2847//2830
f 2847//2830 2918//2830 2919//2830
f 2847//2831 2919//2831 2848//2831
f 2848//2831 2919//2831 2920//2831
f 2848//2832 2920//2832 2849//2832
f 2849//2833 2920//2833 2921//2833
f 2849//2834 2921//2834 2850//2834
f 2850//2834 2921//2834 2922//2834
f 2850//2835 2922//2835 2851//2835
f 2851//2836 2922//2836 2923//2836
f 2851//2837 2923//2837 2852//2837
f 2852//2838 2923//2838 2924//2838
f 2852//2839 2924//2839 2853//2839
f 2853//2839 2924//2839 2925//2839
f 2853//2840 2925//2840 2854//2840
f 2854//2840 2925//2840 2926//2840
f 2854//2841 2926//2841 2855//2841
f 2855//2841 2926//2841 2927//2841
f 2855//2842 2927//2842 2856//2842
f 2856//2842 2927//2842 2928//2842
f 2856//2843 2928//2843 2857//2843
f 2857//2843 2928//2843 2929//2843
f 2857//2844 2929//2844 2858//2844
f 2858//2844 2929//2844 2930//2844
f 2858//2845 2930//2845 2859//2845
f 2859//2845 2930//2845 2931//2845
f 2859//2846 2931//2846 2788//2846
f 2788//2847 2931//2847 2860//2847
f 2860//2848 2932//2848 2861//2848
f 2861//2848 2932//2848 2933//2848
f 2861//2849 2933//2849 2862//2849
f 2862//2850 2933//2850 2934//2850
f 2862//2851 2934//2851 2863//2851
f 2863//2851 2934//2851 2935//2851
f 2863//2852 2935//2852 2864//2852
f 2864//2852 2935//2852 2936//2852
f 2864//2853 2936//2853 2865//2853
f 2865//2853 2936//2853 2937//2853
f 2865//2854 2937//2854 2866//2854
f 2866//2854 2937//2854 2938//2854
f 2866//2855 2938//2855 2867//2855
f 2867//2855 2938//2855 2939//2855
f 2867//2856 2939//2856 2868//2856
f 2868//2856 2939//2856 2940//2856
f 2868//2857 2940//2857 2869//2857
f 2869//2857 2940//2857 2941//2857
f 2869//2858 2941//2858 2870//2858
f 2870//2858 2941//2858 2942//2858
f 2870//2859 2942//2859 2871//2859
f 2871//2859 2942//2859 2943//2859
f 2871//2860 2943//2860 2872//2860
f 2872//2860 2943//2860 2944//2860
f 2872//2861 2944//2861 2873//2861
f 2873//2862 2944//2862 2945//2862
f 2873//2863 2945//2863 2874//2863
f 2874//2863 2945//2863 2946//2863
f 2874//2864 2946//2864 2875//2864
f 2875//2864 2946//2864 2947//2864
f 2875//2865 2947//2865 2876//2865
f 2876//2866 2947//2866 2948//2866
f 2876//2867 2948//2867 2877//2867
f 2877//2868 2948//2868 2949//2868
f 2877//2869 2949//2869 2878//2869
f 2878//2870 2949//2870 2950//2870
f 2878//2871 2950//2871 2879//2871
f 2879//2871 2950//2871 2951//2871
f 2879//2872 2951//2872 2880//2872
f 2880//2873 2951//2873 2952//2873
f 2880//2874 2952//2874 2881//2874
f 2881//2874 2952//2874 2953//2874
f 2881//2875 2953//2875 2882//2875
f 2882//2875 2953//2875 2954//2875
f 2882//2876 2954//2876 2883//2876
f 2883//2877 2954//2877 2955//2877
f 2883//2878 2955//2878 2884//2878
f 2884//2878 2955//2878 2956//2878
f 2884//2879 2956//2879 2885//2879
f 2885//2880 2956//2880 2957//2880
f 2885//2881 2957//2881 2886//2881
f 2886//2881 2957//2881 2958//2881
f 2886//2882 2958//2882 2887//2882
f 2887//2882 2958//2882 2959//2882
f 2887//2883 2959//2883 2888//2883
f 2888//2884 2959//2884 2960//2884
f 2888//2885 2960//2885 2889//2885
f 2889//2885 2960//2885 2961//2885
f 2889//2886 2961//2886 2890//2886
f 2890//2887 2961//2887 2962//2887
f 2890//2888 2962//2888 2891//2888
f 2891//2889 2962//2889 2963//2889
f 2891//2890 2963//2890 2892//2890
f 2892//2890 2963//2890 2964//2890
f 2892//2891 2964//2891 2893//2891
f 2893//2891 2964//2891 2965//2891
f 2893//2892 2965//2892 2894//2892
f 2894//2892 2965//2892 2966//2892
f 2894//2893 2966//2893 2895//2893
f 2895//2893 2966//2893 2967//2893
f 2895//2894 2967//2894 2896//2894
f 2896//2894 2967//2894 2968//2894
f 2896//2895 2968//2895 2897//2895
f 2897//2895 2968//2895 2969//2895
f 2897//2896 2969//2896 2898//2896
f 2898//2897 2969//2897 2970//2897
f 2898//2898 2970//2898 2899//2898
f 2899//2898 2970//2898 2971//2898
f 2899//2899 2971//2899 2900//2899
f 2900//2900 2971//2900 2972//2900
f 2900//2901 2972//2901 2901//2901
f 2901//2902 2972//2902 2973//2902
f 2901//2903 2973//2903 2902//2903
f 2902//2903 2973//2903 2974//2903
f 2902//2904 2974//2904 2903//2904
f 2903//2904 2974//2904 2975//2904
f 2903//2905 2975//2905 2904//2905
f 2904//2905 2975//2905 2976//2905
f 2904//2906 2976//2906 2905//2906
f 2905//2907 2976//2907 2977//2907
f 2905//2908 2977//2908 2906//2908
f 2906//2908 2977//2908 2978//2908
f 2906//2909 2978//2909 2907//2909
f 2907//2909 2978//2909 2979//2909
f 2907//2910 2979//2910 2908//2910
f 2908//2910 2979//2910 2980//2910
f 2908//2911 2980//2911 2909//2911
f 2909//2912 2980//2912 2981//2912
f 2909//2913 2981//2913 2910//2913
f 2910//2913 2981//2913 2982//2913
f 2910//2914 2982//2914 2911//2914
f 2911//2914 2982//2914 2983//2914
f 2911//2915 2983//2915 2912//2915
f 2912//2916 2983//2916 2984//2916
f 2912//2917 2984//2917 2913//2917
f 2913//2917 2984//2917 2985//2917
f 2913//2918 2985//2918 2914//2918
f 2914//2919 2985//2919 2986//2919
f 2914//2920 2986//2920 2915//2920
f 2915//2920 2986//2920 2987//2920
f 2915//2921 2987//2921 2916//2921
f 2916//2921 2987//2921 2988//2921
f 2916//2922 2988//2922 2917//2922
f 2917//2922 2988//2922 2989//2922
f 2917//2923 2989//2923 2918//2923
f 2918//2924 2989//2924 2990//2924
f 2918//2925 2990//2925 2919//2925
f 2919//2925 2990//2925 2991//2925
f 2919//2926 2991//2926 2920//2926
f 2920//2926 2991//2926 2992//2926
f 2920//2927 2992//2927 2921//2927
f 2921//2927 2992//2927 2993//2927
f 2921//2928 2993//2928 2922//2928
f 2922//2928 2993//2928 2994//2928
f 2922//2929 2994//2929 2923//2929
f 2923//2929 2994//2929 2995//2929
f 2923//2930 2995//2930 2924//2930
f 2924//2930 2995//2930 2996//2930
f 2924//2931 2996//2931 2925//2931
f 2925//2931 2996//2931 2997//2931
f 2925//2932 2997//2932 2926//2932
f 2926//2932 2997//2932 2998//2932
f 2926//2933 2998//2933 2927//2933
f 2927//2934 2998//2934 2999//2934
f 2927//2935 2999//2935 2928//2935
f 2928//2935 2999//2935 3000//2935
f 2928//2936 3000//2936 2929//2936
f 2929//2936 3000//2936 3001//2936
f 2929//2937 3001//2937 2930//2937
f 2930//2937 3001//2937 3002//2937
f 2930//2938 3002//2938 2931//2938
f 2931//2938 3002//2938 3003//2938
f 2931//2939 3003//2939 2860//2939
f 2860//2939 3003//2939 2932//2939
f 2932//2940 3004//2940 2933//2940
f 2933//2940 3004//2940 3005//2940
f 2933//2941 3005//2941 2934//2941
f 2934//2941 3005//2941 3006//2941
f 2934//2942 3006//2942 2935//2942
f 2935//2943 3006//2943 3007//2943
f 2935//2944 3007//2944 2936//2944
f 2936//2944 3007//2944 3008//2944
f 2936//2945 3008//2945 2937//2945
f 2937//2945 3008//2945 3009//2945
f 2937//2946 3009//2946 2938//2946
f 2938//2946 3009//2946 3010//2946
f 2938//2947 3010//2947 2939//2947
f 2939//2947 3010//2947 3011//2947
f 2939//2948 3011//2948 2940//2948
f 2940//2948 3011//2948 3012//2948
f 2940//2949 3012//2949 2941//2949
f 2941//2949 3012//2949 3013//2949
f 2941//2950 3013//2950 2942//2950
f 2942//2950 3013//2950 3014//2950
f 2942//2951 3014//2951 2943//2951
f 2943//2951 3014//2951 3015//2951
f 2943//2952 3015//2952 2944//2952
f 2944//2952 3015//2952 3016//2952
f 2944//2953 3016//2953 2945//2953
f 2945//2953 3016//2953 3017//2953
f 2945//2954 3017//2954 2946//2954
f 2946//2954 3017//2954 3018//2954
f 2946//2955 3018//2955 2947//2955
f 2947//2955 3018//2955 3019//2955
f 2947//2956 3019//2956 2948//2956
f 2948//2957 3019//2957 3020//2957
f 2948//2958 3020//2958 2949//2958
f 2949//2958 3020//2958 3021//2958
f 2949//2959 3021//2959 2950//2959
f 2950//2960 3021//2960 3022//2960
f 2950//2961 3022//2961 2951//2961
f 2951//2961 3022//2961 3023//2961
f 2951//2962 3023//2962 2952//2962
f 2952//2962 3023//2962 3024//2962
f 2952//2963 3024//2963 2953//2963
f 2953//2963 3024//2963 3025//2963
f 2953//2964 3025//2964 2954//2964
f 2954//2964 3025//2964 3026//2964
f 2954//2965 3026//2965 2955//2965
f 2955//2965 3026//2965 3027//2965
f 2955//2966 3027//2966 2956//2966
f 2956//2967 3027//2967 3028//2967
f 2956//2968 3028//2968 2957//2968
f 2957//2968 3028//2968 3029//2968
f 2957//2969 3029//2969 2958//2969
f 2958//2970 3029//2970 3030//2970
f 2958//2971 3030//2971 2959//2971
f 2959//2972 3030//2972 3031//2972
f 2959//2973 3031//2973 2960//2973
f 2960//2974 3031//2974 3032//2974
f 2960//2975 3032//2975 2961//2975
f 2961//2976 3032//2976 3033//2976
f 2961//2977 3033//2977 2962//2977
f 2962//2978 3033//2978 3034//2978
f 2962//2979 3034//2979 2963//2979
f 2963//2980 3034//2980 3035//2980
f 2963//2981 3035//2981 2964//2981
f 2964//2982 3035//2982 3036//2982
f 2964//2983 3036//2983 2965//2983
f 2965//2983 3036//2983 3037//2983
f 2965//2984 3037//2984 2966//2984
f 2966//2984 3037//2984 3038//2984
f 2966//2985 3038//2985 2967//2985
f 2967//2985 3038//2985 3039//2985
f 2967//2986 3039//2986 2968//2986
f 2968//2987 3039//2987 3040//2987
f 2968//2988 3040//2988 2969//2988
f 2969//2988 3040//2988 3041//2988
f 2969//2989 3041//2989 2970//2989
f 2970//2989 3041//2989 3042//2989
f 2970//2990 3042//2990 2971//2990
f 2971//2991 3042//2991 3043//2991
f 2971//2992 3043//2992 2972//2992
f 2972//2992 3043//2992 3044//2992
f 2972//2993 3044//2993 2973//2993
f 2973//2993 3044//2993 3045//2993
f 2973//2994 3045//2994 2974//2994
f 2974//2994 3045//2994 3046//2994
f 2974//2995 3046//2995 2975//2995
f 2975//2995 3046//2995 3047//2995
f 2975//2996 3047//2996 2976//2996
f 2976//2996 3047//2996 3048//2996
f 2976//2997 3048//2997 2977//2997
f 2977//2997 3048//2997 3049//2997
f 2977//2998 3049//2998 2978//2998
f 2978//2998 3049//2998 3050//2998
f 2978//2999 3050//2999 2979//2999
f 2979//2999 3050//2999 3051//2999
f 2979//3000 3051//3000 2980//3000
f 2980//3000 3051//3000 3052//3000
f 2980//3001 3052//3001 2981//3001
f 2981//3001 3052//3001 3053//3001
f 2981//3002 3053//3002 2982//3002
f 2982//3002 3053//3002 3054//3002
f 2982//3003 3054//3003 2983//3003
f 2983//3003 3054//3003 3055//3003
f 2983//3004 3055//3004 2984//3004
f 2984//3004 3055//3004 3056//3004
f 2984//3005 3056//3005 2985//3005
f 2985//3005 3056//3005 3057//3005
f 2985//3006 3057//3006 2986//3006
f 2986//3006 3057//3006 3058//3006
f 2986//3007 3058//3007 2987//3007
f 2987//3007 3058//3007 3059//3007
f 2987//3008 3059//3008 2988//3008
f 2988//3008 3059//3008 3060//3008
f 2988//3009 3060//3009 2989//3009
f 2989//3009 3060//3009 3061//3009
f 2989//3010 3061//3010 2990//3010
f 2990//3010 3061//3010 3062//3010
f 2990//3011 3062//3011 2991//3011
f 2991//3012 3062//3012 3063//3012
f 2991//3013 3063//3013 2992//3013
f 2992//3013 3063//3013 3064//3013
f 2992//3014 3064//3014 2993//3014
f 2993//3015 3064//3015 3065//3015
f 2993//3016 3065//3016 2994//3016
f 2994//3017 3065//3017 3066//3017
f 2994//3018 3066//3018 2995//3018
f 2995//3018 3066//3018 3067//3018
f 2995//3019 3067//3019 2996//3019
f 2996//3020 3067//3020 3068//3020
f 2996//3021 3068//3021 2997//3021
f 2997//3021 3068//3021 3069//3021
f 2997//3022 3069//3022 2998//3022
f 2998//3023 3069//3023 3070//3023
f 2998//3024 3070//3024 2999//3024
f 2999//3025 3070//3025 3071//3025
f 2999//3026 3071//3026 3000//3026
f 3000//3027 3071//3027 3072//3027
f 3000//3028 3072//3028 3001//3028
f 3001//3028 3072//3028 3073//3028
f 3001//3029 3073//3029 3002//3029
f 3002//3030 3073//3030 3074//3030
f 3002//3031 3074//3031 3003//3031
f 3003//3031 3074//3031 3075//3031
f 3003//3032 3075//3032 2932//3032
f 2932//3032 3075//3032 3004//3032
f 3004//3033 3076//3033 3005//3033
f 3005//3034 3076//3034 3077//3034
f 3005//3035 3077//3035 3006//3035
f 3006//3035 3077//3035 3078//3035
f 3006//3036 3078//3036 3007//3036
f 3007//3036 3078//3036 3079//3036
f 3007//3037 3079//3037 3008//3037
f 3008//3037 3079//3037 3080//3037
f 3008//3038 3080//3038 3009//3038
f 3009//3038 3080//3038 3081//3038
f 3009//3039 3081//3039 3010//3039
f 3010//3039 3081//3039 3082//3039
f 3010//3040 3082//3040 3011//3040
f 3011//3040 3082//3040 3083//3040
f 3011//3041 3083//3041 3012//3041
f 3012//3042 3083//3042 3084//3042
f 3012//3043 3084//3043 3013//3043
f 3013//3043 3084//3043 3085//3043
f 3013//3044 3085//3044 3014//3044
f 3014//3044 3085//3044 3086//3044
f 3014//3045 3086//3045 3015//3045
f 3015//3045 3086//3045 3087//3045
f 3015//3046 3087//3046 3016//3046
f 3016//3046 3087//3046 3088//3046
f 3016//3047 3088//3047 3017//3047
f 3017//3047 3088//3047 3089//3047
f 3017//3048 3089//3048 3018//3048
f 3018//3049 3089//3049 3090//3049
f 3018//3050 3090//3050 3019//3050
f 3019//3050 3090//3050 3091//3050
f 3019//3051 3091//3051 3020//3051
f 3020//3051 3091//3051 3092//3051
f 3020//3052 3092//3052 3021//3052
f 3021//3053 3092//3053 3093//3053
f 3021//3054 3093//3054 3022//3054
f 3022//3054 3093//3054 3094//3054
f 3022//3055 3094//3055 3023//3055
f 3023//3055 3094//3055 3095//3055
f 3023//3056 3095//3056 3024//3056
f 3024//3056 3095//3056 3096//3056
f 3024//3057 3096//3057 3025//3057
f 3025//3058 3096//3058 3097//3058
f 3025//3059 3097//3059 3026//3059
f 3026//3059 3097//3059 3098//3059
f 3026//3060 3098//3060 3027//3060
f 3027//3061 3098//3061 3099//3061
f 3027//3062 3099//3062 3028//3062
f 3028//3062 3099//3062 3100//3062
f 3028//3063 3100//3063 3029//3063
f 3029//3064 3100//3064 3101//3064
f 3029//3065 3101//3065 3030//3065
f 3030//3065 3101//3065 3102//3065
f 3030//3066 3102//3066 3031//3066
f 3031//3067 3102//3067 3103//3067
f 3031//3068 3103//3068 3032//3068
f 3032//3068 3103//3068 3104//3068
f 3032//3069 3104//3069 3033//3069
f 3033//3069 3104//3069 3105//3069
f 3033//3070 3105//3070 3034//3070
f 3034//3070 3105//3070 3106//3070
f 3034//3071 3106//3071 3035//3071
f 3035//3071 3106//3071 3107//3071
f 3035//3072 3107//3072 3036//3072
f 3036//3072 3107//3072 3108//3072
f 3036//3073 3108//3073 3037//3073
f 3037//3074 3108//3074 3109//3074
f 3037//3075 3109//3075 3038//3075
f 3038//3076 3109//3076 3110//3076
f 3038//3077 3110//3077 3039//3077
f 3039//3077 3110//3077 3111//3077
f 3039//3078 3111//3078 3040//3078
f 3040//3079 3111//3079 3112//3079
f 3040//3080 3112//3080 3041//3080
f 3041//3081 3112//3081 3113//3081
f 3041//3082 3113//3082 3042//3082
f 3042//3083 3113//3083 3114//3083
f 3042//3084 3114//3084 3043//3084
f 3043//3085 3114//3085 3115//3085
f 3043//3086 3115//3086 3044//3086
f 3044//3086 3115//3086 3116//3086
f 3044//3087 3116//3087 3045//3087
f 3045//3087 3116//3087 3117//3087
f 3045//3088 3117//3088 3046//3088
f 3046//3088 3117//3088 3118//3088
f 3046//3089 3118//3089 3047//3089
f 3047//3089 3118//3089 3119//3089
f 3047//3090 3119//3090 3048//3090
f 3048//3090 3119//3090 3120//3090
f 3048//3091 3120//3091 3049//3091
f 3049//3091 3120//3091 3121//3091
f 3049//3092 3121//3092 3050//3092
f 3050//3092 3121//3092 3122//3092
f 3050//3093 3122//3093 3051//3093
f 3051//3094 3122//3094 3123//3094
f 3051//3095 3123//3095 3052//3095
f 3052//3095 3123//3095 3124//3095
f 3052//3096 3124//3096 3053//3096
f 3053//3096 3124//3096 3125//3096
f 3053//3097 3125//3097 3054//3097
f 3054//3097 3125//3097 3126//3097
f 3054//3098 3126//3098 3055//3098
f 3055//3098 3126//3098 3127//3098
f 3055//3099 3127//3099 3056//3099
f 3056//3099 3127//3099 3128//3099
f 3056//3100 3128//3100 3057//3100
f 3057//3101 3128//3101 3129//3101
f 3057//3102 3129//3102 3058//3102
f 3058//3102 3129//3102 3130//3102
f 3058//3103 3130//3103 3059//3103
f 3059//3103 3130//3103 3131//3103
f 3059//3104 3131//3104 3060//3104
f 3060//3105 3131//3105 3132//3105
f 3060//3106 3132//3106 3061//3106
f 3061//3106 3132//3106 3133//3106
f 3061//3107 3133//3107 3062//3107
f 3062//3107 3133//3107 3134//3107
f 3062//3108 3134//3108 3063//3108
f 3063//3108 3134//3108 3135//3108
f 3063//3109 3135//3109 3064//3109
f 3064//3109 3135//3109 3136//3109
f 3064//3110 3136//3110 3065//3110
f 3065//3110 3136//3110 3137//3110
f 3065//3111 3137//3111 3066//3111
f 3066//3111 3137//3111 3138//3111
f 3066//3112 3138//3112 3067//3112
f 3067//3113 3138//3113 3139//3113
f 3067//3114 3139//3114 3068//3114
f 3068//3115 3139//3115 3140//3115
f 3068//3116 3140//3116 3069//3116
f 3069//3116 3140//3116 3141//3116
f 3069//3117 3141//3117 3070//3117
f 3070//3118 3141//3118 3142//3118
f 3070//3119 3142//3119 3071//3119
f 3071//3119 3142//3119 3143//3119
f 3071//3120 3143//3120 3072//3120
f 3072//3120 3143//3120 3144//3120
f 3072//3121 3144//3121 3073//3121
f 3073//3121 3144//3121 3145//3121
f 3073//3122 3145//3122 3074//3122
f 3074//3123 3145//3123 3146//3123
f 3074//3124 3146//3124 3075//3124
f 3075//3125 3146//3125 3147//3125
f 3075//3126 3147//3126 3004//3126
f 3004//3126 3147//3126 3076//3126
f 3076//3127 3148//3127 3077//3127
f 3077//3127 3148//3127 3149//3127
f 3077//3128 3149//3128 3078//3128
f 3078//3128 3149//3128 3150//3128
f 3078//3129 3150//3129 3079//3129
f 3079//3129 3150//3129 3151//3129
f 3079//3130 3151//3130 3080//3130
f 3080//3130 3151//3130 3152//3130
f 3080//3131 3152//3131 3081//3131
f 3081//3132 3152//3132 3153//3132
f 3081//3133 3153//3133 3082//3133
f 3082//3134 3153//3134 3154//3134
f 3082//3135 3154//3135 3083//3135
f 3083//3135 3154//3135 3155//3135
f 3083//3136 3155//3136 3084//3136
f 3084//3137 3155//3137 3156//3137
f 3084//3138 3156//3138 3085//3138
f 3085//3138 3156//3138 3157//3138
f 3085//3139 3157//3139 3086//3139
f 3086//3140 3157//3140 3158//3140
f 3086//3141 3158//3141 3087//3141
f 3087//3142 3158//3142 3159//3142
f 3087//3143 3159//3143 3088//3143
f 3088//3143 3159//3143 3160//3143
f 3088//3144 3160//3144 3089//3144
f 3089//3145 3160//3145 3161//3145
f 3089//3146 3161//3146 3090//3146
f 3090//3146 3161//3146 3162//3146
f 3090//3147 3162//3147 3091//3147
f 3091//3147 3162//3147 3163//3147
f 3091//3148 3163//3148 3092//3148
f 3092//3148 3163//3148 3164//3148
f 3092//3149 3164//3149 3093//3149
f 3093//3150 3164//3150 3165//3150
f 3093//3151 3165//3151 3094//3151
f 3094//3151 3165//3151 3166//3151
f 3094//3152 3166//3152 3095//3152
f 3095//3153 3166//3153 3167//3153
f 3095//3154 3167//3154 3096//3154
f 3096//3154 3167//3154 3168//3154
f 3096//3155 3168//3155 3097//3155
f 3097//3155 3168//3155 3169//3155
f 3097//3156 3169//3156 3098//3156
f 3098//3156 3169//3156 3170//3156
f 3098//3157 3170//3157 3099//3157
f 3099//3158 3170//3158 3171//3158
f 3099//3159 3171//3159 3100//3159
f 3100//3159 3171//3159 3172//3159
f 3100//3160 3172//3160 3101//3160
f 3101//3161 3172//3161 3173//3161
f 3101//3162 3173//3162 3102//3162
f 3102//3162 3173//3162 3174//3162
f 3102//3163 3174//3163 3103//3163
f 3103//3164 3174//3164 3175//3164
f 3103//3165 3175//3165 3104//3165
f 3104//3165 3175//3165 3176//3165
f 3104//3166 3176//3166 3105//3166
f 3105//3167 3176//3167 3177//3167
f 3105//3168 3177//3168 3106//3168
f 3106//3169 3177//3169 3178//3169
f 3106//3170 3178//3170 3107//3170
f 3107//3170 3178//3170 3179//3170
f 3107//3171 3179//3171 3108//3171
f 3108//3172 3179//3172 3180//3172
f 3108//3173 3180//3173 3109//3173
f 3109//3174 3180//3174 3181//3174
f 3109//3175 3181//3175 3110//3175
f 3110//3175 3181//3175 3182//3175
f 3110//3176 3182//3176 3111//3176
f 3111//3177 3182//3177 3183//3177
f 3111//3178 3183//3178 3112//3178
f 3112//3179 3183//3179 3184//3179
f 3112//3180 3184//3180 3113//3180
f 3113//3180 3184//3180 3185//3180
f 3113//3181 3185//3181 3114//3181
f 3114//3181 3185//3181 3186//3181
f 3114//3182 3186//3182 3115//3182
f 3115//3182 3186//3182 3187//3182
f 3115//3183 3187//3183 3116//3183
f 3116//3183 3187//3183 3188//3183
f 3116//3184 3188//3184 3117//3184
f 3117//3185 3188//3185 3189//3185
f 3117//3186 3189//3186 3118//3186
f 3118//3186 3189//3186 3190//3186
f 3118//3187 3190//3187 3119//3187
f 3119//3188 3190//3188 3191//3188
f 3119//3189 3191//3189 3120//3189
f 3120//3189 3191//3189 3192//3189
f 3120//3190 3192//3190 3121//3190
f 3121//3190 3192//3190 3193//3190
f 3121//3191 3193//3191 3122//3191
f 3122//3191 3193//3191 3194//3191
f 3122//3192 3194//3192 3123//3192
f 3123//3193 3194//3193 3195//3193
f 3123//3194 3195//3194 3124//3194
f 3124//3194 3195//3194 3196//3194
f 3124//3195 3196//3195 3125//3195
f 3125//3195 3196//3195 3197//3195
f 3125//3196 3197//3196 3126//3196
f 3126//3196 3197//3196 3198//3196
f 3126//3197 3198//3197 3127//3197
f 3127//3197 3198//3197 3199//3197
f 3127//3198 3199//3198 3128//3198
f 3128//3198 3199//3198 3200//3198
f 3128//3199 3200//3199 3129//3199
f 3129//3199 3200//3199 3201//3199
f 3129//3200 3201//3200 3130//3200
f 3130//3200 3201//3200 3202//3200
f 3130//3201 3202//3201 3131//3201
f 3131//3201 3202//3201 3203//3201
f 3131//3202 3203//3202 3132//3202
f 3132//3202 3203//3202 3204//3202
f 3132//3203 3204//3203 3133//3203
f 3133//3203 3204//3203 3205//3203
f 3133//3204 3205//3204 3134//3204
f 3134//3204 3205//3204 3206//3204
f 3134//3205 3206//3205 3135//3205
f 3135//3206 3206//3206 3207//3206
f 3135//3207 3207//3207 3136//3207
f 3136//3207 3207//3207 3208//3207
f 3136//3208 3208//3208 3137//3208
f 3137//3208 3208//3208 3209//3208
f 3137//3209 3209//3209 3138//3209
f 3138//3209 3209//3209 3210//3209
f 3138//3210 3210//3210 3139//3210
f 3139//3211 3210//3211 3211//3211
f 3139//3212 3211//3212 3140//3212
f 3140//3212 3211//3212 3212//3212
f 3140//3213 3212//3213 3141//3213
f 3141//3213 3212//3213 3213//3213
f 3141//3214 3213//3214 3142//3214
f 3142//3215 3213//3215 3214//3215
f 3142//3216 3214//3216 3143//3216
f 3143//3216 3214//3216 3215//3216
f 3143//3217 3215//3217 3144//3217
f 3144//3217 3215//3217 3216//3217
f 3144//3218 3216//3218 3145//3218
f 3145//3219 3216//3219 3217//3219
f 3145//3220 3217//3220 3146//3220
f 3146//3220 3217//3220 3218//3220
f 3146//3221 3218//3221 3147//3221
f 3147//3221 3218//3221 3219//3221
f 3147//3222 3219//3222 3076//3222
f 3076//3223 3219//3223 3148//3223
f 3148//3224 3220//3224 3149//3224
f 3149//3224 3220//3224 3221//3224
f 3149//3225 3221//3225 3150//3225
f 3150//3225 3221//3225 3222//3225
f 3150//3226 3222//3226 3151//3226
f 3151//3226 3222//3226 3223//3226
f 3151//3227 3223//3227 3152//3227
f 3152//3228 3223//3228 3224//3228
f 3152//3229 3224//3229 3153//3229
f 3153//3229 3224//3229 3225//3229
f 3153//3230 3225//3230 3154//3230
f 3154//3230 3225//3230 3226//3230
f 3154//3231 3226//3231 3155//3231
f 3155//3231 3226//3231 3227//3231
f 3155//3232 3227//3232 3156//3232
f 3156//3232 3227//3232 3228//3232
f 3156//3233 3228//3233 3157//3233
f 3157//3233 3228//3233 3229//3233
f 3157//3234 3229//3234 3158//3234
f 3158//3234 3229//3234 3230//3234
f 3158//3235 3230//3235 3159//3235
f 3159//3236 3230//3236 3231//3236
f 3159//3237 3231//3237 3160//3237
f 3160//3237 3231//3237 3232//3237
f 3160//3238 3232//3238 3161//3238
f 3161//3238 3232//3238 3233//3238
f 3161//3239 3233//3239 3162//3239
f 3162//3240 3233//3240 3234//3240
f 3162//3241 3234//3241 3163//3241
f 3163//3241 3234//3241 3235//3241
f 3163//3242 3235//3242 3164//3242
f 3164//3242 3235//3242 3236//3242
f 3164//3243 3236//3243 3165//3243
f 3165//3243 3236//3243 3237//3243
f 3165//3244 3237//3244 3166//3244
f 3166//3245 3237//3245 3238//3245
f 3166//3246 3238//3246 3167//3246
f 3167//3246 3238//3246 3239//3246
f 3167//3247 3239//3247 3168//3247
f 3168//3247 3239//3247 3240//3247
f 3168//3248 3240//3248 3169//3248
f 3169//3248 3240//3248 3241//3248
f 3169//3249 3241//3249 3170//3249
f 3170//3250 3241//3250 3242//3250
f 3170//3251 3242//3251 3171//3251
f 3171//3252 3242//3252 3243//3252
f 3171//3253 3243//3253 3172//3253
f 3172//3253 3243//3253 3244//3253
f 3172//3254 3244//3254 3173//3254
f 3173//3254 3244//3254 3245//3254
f 3173//3255 3245//3255 3174//3255
f 3174//3256 3245//3256 3246//3256
f 3174//3257 3246//3257 3175//3257
f 3175//3258 3246//3258 3247//3258
f 3175//3259 3247//3259 3176//3259
f 3176//3260 3247//3260 3248//3260
f 3176//3261 3248//3261 3177//3261
f 3177//3261 3248//3261 3249//3261
f 3177//3262 3249//3262 3178//3262
f 3178//3263 3249//3263 3250//3263
f 3178//3264 3250//3264 3179//3264
f 3179//3265 3250//3265 3251//3265
f 3179//3266 3251//3266 3180//3266
f 3180//3267 3251//3267 3252//3267
f 3180//3268 3252//3268 3181//3268
f 3181//3269 3252//3269 3253//3269
f 3181//3270 3253//3270 3182//3270
f 3182//3270 3253//3270 3254//3270
f 3182//3271 3254//3271 3183//3271
f 3183//3271 3254//3271 3255//3271
f 3183//3272 3255//3272 3184//3272
f 3184//3272 3255//3272 3256//3272
f 3184//3273 3256//3273 3185//3273
f 3185//3273 3256//3273 3257//3273
f 3185//3274 3257//3274 3186//3274
f 3186//3275 3257//3275 3258//3275
f 3186//3276 3258//3276 3187//3276
f 3187//3276 3258//3276 3259//3276
f 3187//3277 3259//3277 3188//3277
f 3188//3278 3259//3278 3260//3278
f 3188//3279 3260//3279 3189//3279
f 3189//3279 3260//3279 3261//3279
f 3189//3280 3261//3280 3190//3280
f 3190//3280 3261//3280 3262//3280
f 3190//3281 3262//3281 3191//3281
f 3191//3281 3262//3281 3263//3281
f 3191//3282 3263//3282 3192//3282
f 3192//3282 3263//3282 3264//3282
f 3192//3283 3264//3283 3193//3283
f 3193//3283 3264//3283 3265//3283
f 3193//3284 3265//3284 3194//3284
f 3194//3284 3265//3284 3266//3284
f 3194//3285 3266//3285 3195//3285
f 3195//3285 3266//3285 3267//3285
f 3195//3286 3267//3286 3196//3286
f 3196//3286 3267//3286 3268//3286
f 3196//3287 3268//3287 3197//3287
f 3197//3288 3268//3288 3269//3288
f 3197//3289 3269//3289 3198//3289
f 3198//3290 3269//3290 3270//3290
f 3198//3291 3270//3291 3199//3291
f 3199//3291 3270//3291 3271//3291
f 3199//3292 3271//3292 3200//3292
f 3200//3292 3271//3292 3272//3292
f 3200//3293 3272//3293 3201//3293
f 3201//3293 3272//3293 3273//3293
f 3201//3294 3273//3294 3202//3294
f 3202//3295 3273//3295 3274//3295
f 3202//3296 3274//3296 3203//3296
f 3203//3296 3274//3296 3275//3296
f 3203//3297 3275//3297 3204//3297
f 3204//3297 3275//3297 3276//3297
f 3204//3298 3276//3298 3205//3298
f 3205//3298 3276//3298 3277//3298
f 3205//3299 3277//3299 3206//3299
f 3206//3299 3277//3299 3278//3299
f 3206//3300 3278//3300 3207//3300
f 3207//3301 3278//3301 3279//3301
f 3207//3302 3279//3302 3208//3302
f 3208//3302 3279//3302 3280//3302
f 3208//3303 3280//3303 3209//3303
f 3209//3304 3280//3304 3281//3304
f 3209//3305 3281//3305 3210//3305
f 3210//3305 3281//3305 3282//3305
f 3210//3306 3282//3306 3211//3306
f 3211//3306 3282//3306 3283//3306
f 3211//3307 3283//3307 3212//3307
f 3212//3307 3283//3307 3284//3307
f 3212//3308 3284//3308 3213//3308
f 3213//3308 3284//3308 3285//3308
f 3213//3309 3285//3309 3214//3309
f 3214//3309 3285//3309 3286//3309
f 3214//3310 3286//3310 3215//3310
f 3215//3310 3286//3310 3287//3310
f 3215//3311 3287//3311 3216//3311
f 3216//3311 3287//3311 3288//3311
f 3216//3312 3288//3312 3217//3312
f 3217//3312 3288//3312 3289//3312
f 3217//3313 3289//3313 3218//3313
f 3218//3314 3289//3314 3290//3314
f 3218//3315 3290//3315 3219//3315
f 3219//3315 3290//3315 3291//3315
f 3219//3316 3291//3316 3148//3316
f 3148//3317 3291//3317 3220//3317
f 3220//3318 3292//3318 3221//3318
f 3221//3318 3292//3318 3293//3318
f 3221//3319 3293//3319 3222//3319
f 3222//3319 3293//3319 3294//3319
f 3222//3320 3294//3320 3223//3320
f 3223//3320 3294//3320 3295//3320
f 3223//3321 3295//3321 3224//3321
f 3224//3322 3295//3322 3296//3322
f 3224//3323 3296//3323 3225//3323
f 3225//3323 3296//3323 3297//3323
f 3225//3324 3297//3324 3226//3324
f 3226//3324 3297//3324 3298//3324
f 3226//3325 3298//3325 3227//3325
f 3227//3325 3298//3325 3299//3325
f 3227//3326 3299//3326 3228//3326
f 3228//3326 3299//3326 3300//3326
f 3228//3327 3300//3327 3229//3327
f 3229//3327 3300//3327 3301//3327
f 3229//3328 3301//3328 3230//3328
f 3230//3328 3301//3328 3302//3328
f 3230//3329 3302//3329 3231//3329
f 3231//3329 3302//3329 3303//3329
f 3231//3330 3303//3330 3232//3330
f 3232//3330 3303//3330 3304//3330
f 3232//3331 3304//3331 3233//3331
f 3233//3331 3304//3331 3305//3331
f 3233//3332 3305//3332 3234//3332
f 3234//3332 3305//3332 3306//3332
f 3234//3333 3306//3333 3235//3333
f 3235//3333 3306//3333 3307//3333
f 3235//3334 3307//3334 3236//3334
f 3236//3334 3307//3334 3308//3334
f 3236//3335 3308//3335 3237//3335
f 3237//3336 3308//3336 3309//3336
f 3237//3337 3309//3337 3238//3337
f 3238//3337 3309//3337 3310//3337
f 3238//3338 3310//3338 3239//3338
f 3239//3339 3310//3339 3311//3339
f 3239//3340 3311//3340 3240//3340
f 3240//3340 3311//3340 3312//3340
f 3240//3341 3312//3341 3241//3341
f 3241//3342 3312//3342 3313//3342
f 3241//3343 3313//3343 3242//3343
f 3242//3344 3313//3344 3314//3344
f 3242//3345 3314//3345 3243//3345
f 3243//3346 3314//3346 3315//3346
f 3243//3347 3315//3347 3244//3347
f 3244//3347 3315//3347 3316//3347
f 3244//3348 3316//3348 3245//3348
f 3245//3349 3316//3349 3317//3349
f 3245//3350 3317//3350 3246//3350
f 3246//3351 3317//3351 3318//3351
f 3246//3352 3318//3352 3247//3352
f 3247//3353 3318//3353 3319//3353
f 3247//3354 3319//3354 3248//3354
f 3248//3354 3319//3354 3320//3354
f 3248//3355 3320//3355 3249//3355
f 3249//3356 3320//3356 3321//3356
f 3249//3357 3321//3357 3250//3357
f 3250//3357 3321//3357 3322//3357
f 3250//3358 3322//3358 3251//3358
f 3251//3358 3322//3358 3323//3358
f 3251//3359 3323//3359 3252//3359
f 3252//3359 3323//3359 3324//3359
f 3252//3360 3324//3360 3253//3360
f 3253//3360 3324//3360 3325//3360
f 3253//3361 3325//3361 3254//3361
f 3254//3361 3325//3361 3326//3361
f 3254//3362 3326//3362 3255//3362
f 3255//3362 3326//3362 3327//3362
f 3255//3363 3327//3363 3256//3363
f 3256//3364 3327//3364 3328//3364
f 3256//3365 3328//3365 3257//3365
f 3257//3366 3328//3366 3329//3366
f 3257//3367 3329//3367 3258//3367
f 3258//3367 3329//3367 3330//3367
f 3258//3368 3330//3368 3259//3368
f 3259//3368 3330//3368 3331//3368
f 3259//3369 3331//3369 3260//3369
f 3260//3369 3331//3369 3332//3369
f 3260//3370 3332//3370 3261//3370
f 3261//3371 3332//3371 3333//3371
f 3261//3372 3333//3372 3262//3372
f 3262//3372 3333//3372 3334//3372
f 3262//3373 3334//3373 3263//3373
f 3263//3374 3334//3374 3335//3374
f 3263//3375 3335//3375 3264//3375
f 3264//3375 3335//3375 3336//3375
f 3264//3376 3336//3376 3265//3376
f 3265//3376 3336//3376 3337//3376
f 3265//3377 3337//3377 3266//3377
f 3266//3377 3337//3377 3338//3377
f 3266//3378 3338//3378 3267//3378
f 3267//3378 3338//3378 3339//3378
f 3267//3379 3339//3379 3268//3379
f 3268//3379 3339//3379 3340//3379
f 3268//3380 3340//3380 3269//3380
f 3269//3380 3340//3380 3341//3380
f 3269//3381 3341//3381 3270//3381
f 3270//3381 3341//3381 3342//3381
f 3270//3382 3342//3382 3271//3382
f 3271//3382 3342//3382 3343//3382
f 3271//3383 3343//3383 3272//3383
f 3272//3383 3343//3383 3344//3383
f 3272//3384 3344//3384 3273//3384
f 3273//3384 3344//3384 3345//3384
f 3273//3385 3345//3385 3274//3385
f 3274//3385 3345//3385 3346//3385
f 3274//3386 3346//3386 3275//3386
f 3275//3386 3346//3386 3347//3386
f 3275//3387 3347//3387 3276//3387
f 3276//3387 3347//3387 3348//3387
f 3276//3388 3348//3388 3277//3388
f 3277//3388 3348//3388 3349//3388
f 3277//3389 3349//3389 3278//3389
f 3278//3389 3349//3389 3350//3389
f 3278//3390 3350//3390 3279//3390
f 3279//3390 3350//3390 3351//3390
f 3279//3391 3351//3391 3280//3391
f 3280//3391 3351//3391 3352//3391
f 3280//3392 3352//3392 3281//3392
f 3281//3392 3352//3392 3353//3392
f 3281//3393 3353//3393 3282//3393
f 3282//3394 3353//3394 3354//3394
f 3282//3395 3354//3395 3283//3395
f 3283//3396 3354//3396 3355//3396
f 3283//3397 3355//3397 3284//3397
f 3284//3397 3355//3397 3356//3397
f 3284//3398 3356//3398 3285//3398
f 3285//3398 3356//3398 3357//3398
f 3285//3399 3357//3399 3286//3399
f 3286//3400 3357//3400 3358//3400
f 3286//3401 3358//3401 3287//3401
f 3287//3401 3358//3401 3359//3401
f 3287//3402 3359//3402 3288//3402
f 3288//3402 3359//3402 3360//3402
f 3288//3403 3360//3403 3289//3403
f 3289//3403 3360//3403 3361//3403
f 3289//3404 3361//3404 3290//3404
f 3290//3405 3361//3405 3362//3405
f 3290//3406 3362//3406 3291//3406
f 3291//3406 3362//3406 3363//3406
f 3291//3407 3363//3407 3220//3407
f 3220//3407 3363//3407 3292//3407
f 3292//3408 3364//3408 3293//3408
f 3293//3409 3364//3409 3365//3409
f 3293//3410 3365//3410 3294//3410
f 3294//3410 3365//3410 3366//3410
f 3294//3411 3366//3411 3295//3411
f 3295//3412 3366//3412 3367//3412
f 3295//3413 3367//3413 3296//3413
f 3296//3414 3367//3414 3368//3414
f 3296//3415 3368//3415 3297//3415
f 3297//3415 3368//3415 3369//3415
f 3297//3416 3369//3416 3298//3416
f 3298//3416 3369//3416 3370//3416
f 3298//3417 3370//3417 3299//3417
f 3299//3417 3370//3417 3371//3417
f 3299//3418 3371//3418 3300//3418
f 3300//3419 3371//3419 3372//3419
f 3300//3420 3372//3420 3301//3420
f 3301//3420 3372//3420 3373//3420
f 3301//3421 3373//3421 3302//3421
f 3302//3421 3373//3421 3374//3421
f 3302//3422 3374//3422 3303//3422
f 3303//3422 3374//3422 3375//3422
f 3303//3423 3375//3423 3304//3423
f 3304//3424 3375//3424 3376//3424
f 3304//3425 3376//3425 3305//3425
f 3305//3425 3376//3425 3377//3425
f 3305//3426 3377//3426 3306//3426
f 3306//3426 3377//3426 3378//3426
f 3306//3427 3378//3427 3307//3427
f 3307//3427 3378//3427 3379//3427
f 3307//3428 3379//3428 3308//3428
f 3308//3429 3379//3429 3380//3429
f 3308//3430 3380//3430 3309//3430
f 3309//3430 3380//3430 3381//3430
f 3309//3431 3381//3431 3310//3431
f 3310//3431 3381//3431 3382//3431
f 3310//3432 3382//3432 3311//3432
f 3311//3433 3382//3433 3383//3433
f 3311//3434 3383//3434 3312//3434
f 3312//3434 3383//3434 3384//3434
f 3312//3435 3384//3435 3313//3435
f 3313//3436 3384//3436 3385//3436
f 3313//3437 3385//3437 3314//3437
f 3314//3438 3385//3438 3386//3438
f 3314//3439 3386//3439 3315//3439
f 3315//3440 3386//3440 3387//3440
f 3315//3441 3387//3441 3316//3441
f 3316//3442 3387//3442 3388//3442
f 3316//3443 3388//3443 3317//3443
f 3317//3444 3388//3444 3389//3444
f 3317//3445 3389//3445 3318//3445
f 3318//3445 3389//3445 3390//3445
f 3318//3446 3390//3446 3319//3446
f 3319//3446 3390//3446 3391//3446
f 3319//3447 3391//3447 3320//3447
f 3320//3447 3391//3447 3392//3447
f 3320//3448 3392//3448 3321//3448
f 3321//3449 3392//3449 3393//3449
f 3321//3450 3393//3450 3322//3450
f 3322//3451 3393//3451 3394//3451
f 3322//3452 3394//3452 3323//3452
f 3323//3453 3394//3453 3395//3453
f 3323//3454 3395//3454 3324//3454
f 3324//3454 3395//3454 3396//3454
f 3324//3455 3396//3455 3325//3455
f 3325//3456 3396//3456 3397//3456
f 3325//3457 3397//3457 3326//3457
f 3326//3458 3397//3458 3398//3458
f 3326//3459 3398//3459 3327//3459
f 3327//3460 3398//3460 3399//3460
f 3327//3461 3399//3461 3328//3461
f 3328//3461 3399//3461 3400//3461
f 3328//3462 3400//3462 3329//3462
f 3329//3463 3400//3463 3401//3463
f 3329//3464 3401//3464 3330//3464
f 3330//3464 3401//3464 3402//3464
f 3330//3465 3402//3465 3331//3465
f 3331//3465 3402//3465 3403//3465
f 3331//3466 3403//3466 3332//3466
f 3332//3467 3403//3467 3404//3467
f 3332//3468 3404//3468 3333//3468
f 3333//3468 3404//3468 3405//3468
f 3333//3469 3405//3469 3334//3469
f 3334//3470 3405//3470 3406//3470
f 3334//3471 3406//3471 3335//3471
f 3335//3471 3406//3471 3407//3471
f 3335//3472 3407//3472 3336//3472
f 3336//3472 3407//3472 3408//3472
f 3336//3473 3408//3473 3337//3473
f 3337//3473 3408//3473 3409//3473
f 3337//3474 3409//3474 3338//3474
f 3338//3474 3409//3474 3410//3474
f 3338//3475 3410//3475 3339//3475
f 3339//3475 3410//3475 3411//3475
f 3339//3476 3411//3476 3340//3476
f 3340//3476 3411//3476 3412//3476
f 3340//3477 3412//3477 3341//3477
f 3341//3477 3412//3477 3413//3477
f 3341//3478 3413//3478 3342//3478
f 3342//3479 3413//3479 3414//3479
f 3342//3480 3414//3480 3343//3480
f 3343//3480 3414//3480 3415//3480
f 3343//3481 3415//3481 3344//3481
f 3344//3481 3415//3481 3416//3481
f 3344//3482 3416//3482 3345//3482
f 3345//3482 3416//3482 3417//3482
f 3345//3483 3417//3483 3346//3483
f 3346//3483 3417//3483 3418//3483
f 3346//3484 3418//3484 3347//3484
f 3347//3484 3418//3484 3419//3484
f 3347//3485 3419//3485 3348//3485
f 3348//3485 3419//3485 3420//3485
f 3348//3486 3420//3486 3349//3486
f 3349//3486 3420//3486 3421//3486
f 3349//3487 3421//3487 3350//3487
f 3350//3487 3421//3487 3422//3487
f 3350//3488 3422//3488 3351//3488
f 3351//3488 3422//3488 3423//3488
f 3351//3489 3423//3489 3352//3489
f 3352//3489 3423//3489 3424//3489
f 3352//3490 3424//3490 3353//3490
f 3353//3490 3424//3490 3425//3490
f 3353//3491 3425//3491 3354//3491
f 3354//3491 3425//3491 3426//3491
f 3354//3492 3426//3492 3355//3492
f 3355//3492 3426//3492 3427//3492
f 3355//3493 3427//3493 3356//3493
f 3356//3493 3427//3493 3428//3493
f 3356//3494 3428//3494 3357//3494
f 3357//3495 3428//3495 3429//3495
f 3357//3496 3429//3496 3358//3496
f 3358//3497 3429//3497 3430//3497
f 3358//3498 3430//3498 3359//3498
f 3359//3498 3430//3498 3431//3498
f 3359//3499 3431//3499 3360//3499
f 3360//3500 3431//3500 3432//3500
f 3360//3501 3432//3501 3361//3501
f 3361//3501 3432//3501 3433//3501
f 3361//3502 3433//3502 3362//3502
f 3362//3502 3433//3502 3434//3502
f 3362//3503 3434//3503 3363//3503
f 3363//3503 3434//3503 3435//3503
f 3363//3504 3435//3504 3292//3504
f 3292//3504 3435//3504 3364//3504
f 3364//3505 3436//3505 3365//3505
f 3365//3505 3436//3505 3437//3505
f 3365//3506 3437//3506 3366//3506
f 3366//3507 3437//3507 3438//3507
f 3366//3508 3438//3508 3367//3508
f 3367//3508 3438//3508 3439//3508
f 3367//3509 3439//3509 3368//3509
f 3368//3510 3439//3510 3440//3510
f 3368//3511 3440//3511 3369//3511
f 3369//3511 3440//3511 3441//3511
f 3369//3512 3441//3512 3370//3512
f 3370//3513 3441//3513 3442//3513
f 3370//3514 3442//3514 3371//3514
f 3371//3515 3442//3515 3443//3515
f 3371//3516 3443//3516 3372//3516
f 3372//3517 3443//3517 3444//3517
f 3372//3518 3444//3518 3373//3518
f 3373//3518 3444//3518 3445//3518
f 3373//3519 3445//3519 3374//3519
f 3374//3519 3445//3519 3446//3519
f 3374//3520 3446//3520 3375//3520
f 3375//3520 3446//3520 3447//3520
f 3375//3521 3447//3521 3376//3521
f 3376//3521 3447//3521 3448//3521
f 3376//3522 3448//3522 3377//3522
f 3377//3522 3448//3522 3449//3522
f 3377//3523 3449//3523 3378//3523
f 3378//3523 3449//3523 3450//3523
f 3378//3524 3450//3524 3379//3524
f 3379//3524 3450//3524 3451//3524
f 3379//3525 3451//3525 3380//3525
f 3380//3526 3451//3526 3452//3526
f 3380//3527 3452//3527 3381//3527
f 3381//3527 3452//3527 3453//3527
f 3381//3528 3453//3528 3382//3528
f 3382//3529 3453//3529 3454//3529
f 3382//3530 3454//3530 3383//3530
f 3383//3530 3454//3530 3455//3530
f 3383//3531 3455//3531 3384//3531
f 3384//3531 3455//3531 3456//3531
f 3384//3532 3456//3532 3385//3532
f 3385//3533 3456//3533 3457//3533
f 3385//3534 3457//3534 3386//3534
f 3386//3534 3457//3534 3458//3534
f 3386//3535 3458//3535 3387//3535
f 3387//3536 3458//3536 3459//3536
f 3387//3537 3459//3537 3388//3537
f 3388//3537 3459//3537 3460//3537
f 3388//3538 3460//3538 3389//3538
f 3389//3539 3460//3539 3461//3539
f 3389//3540 3461//3540 3390//3540
f 3390//3540 3461//3540 3462//3540
f 3390//3541 3462//3541 3391//3541
f 3391//3542 3462//3542 3463//3542
f 3391//3543 3463//3543 3392//3543
f 3392//3543 3463//3543 3464//3543
f 3392//3544 3464//3544 3393//3544
f 3393//3544 3464//3544 3465//3544
f 3393//3545 3465//3545 3394//3545
f 3394//3545 3465//3545 3466//3545
f 3394//3546 3466//3546 3395//3546
f 3395//3546 3466//3546 3467//3546
f 3395//3547 3467//3547 3396//3547
f 3396//3548 3467//3548 3468//3548
f 3396//3549 3468//3549 3397//3549
f 3397//3549 3468//3549 3469//3549
f 3397//3550 3469//3550 3398//3550
f 3398//3551 3469//3551 3470//3551
f 3398//3552 3470//3552 3399//3552
f 3399//3552 3470//3552 3471//3552
f 3399//3553 3471//3553 3400//3553
f 3400//3553 3471//3553 3472//3553
f 3400//3554 3472//3554 3401//3554
f 3401//3554 3472//3554 3473//3554
f 3401//3555 3473//3555 3402//3555
f 3402//3555 3473//3555 3474//3555
f 3402//3556 3474//3556 3403//3556
f 3403//3556 3474//3556 3475//3556
f 3403//3557 3475//3557 3404//3557
f 3404//3557 3475//3557 3476//3557
f 3404//3558 3476//3558 3405//3558
f 3405//3558 3476//3558 3477//3558
f 3405//3559 3477//3559 3406//3559
f 3406//3560 3477//3560 3478//3560
f 3406//3561 3478//3561 3407//3561
f 3407//3562 3478//3562 3479//3562
f 3407//3563 3479//3563 3408//3563
f 3408//3563 3479//3563 3480//3563
f 3408//3564 3480//3564 3409//3564
f 3409//3564 3480//3564 3481//3564
f 3409//3565 3481//3565 3410//3565
f 3410//3565 3481//3565 3482//3565
f 3410//3566 3482//3566 3411//3566
f 3411//3567 3482//3567 3483//3567
f 3411//3568 3483//3568 3412//3568
f 3412//3568 3483//3568 3484//3568
f 3412//3569 3484//3569 3413//3569
f 3413//3570 3484//3570 3485//3570
f 3413//3571 3485//3571 3414//3571
f 3414//3571 3485//3571 3486//3571
f 3414//3572 3486//3572 3415//3572
f 3415//3572 3486//3572 3487//3572
f 3415//3573 3487//3573 3416//3573
f 3416//3573 3487//3573 3488//3573
f 3416//3574 3488//3574 3417//3574
f 3417//3574 3488//3574 3489//3574
f 3417//3575 3489//3575 3418//3575
f 3418//3575 3489//3575 3490//3575
f 3418//3576 3490//3576 3419//3576
f 3419//3576 3490//3576 3491//3576
f 3419//3577 3491//3577 3420//3577
f 3420//3577 3491//3577 3492//3577
f 3420//3578 3492//3578 3421//3578
f 3421//3579 3492//3579 3493//3579
f 3421//3580 3493//3580 3422//3580
f 3422//3580 3493//3580 3494//3580
f 3422//3581 3494//3581 3423//3581
f 3423//3581 3494//3581 3495//3581
f 3423//3582 3495//3582 3424//3582
f 3424//3582 3495//3582 3496//3582
f 3424//3583 3496//3583 3425//3583
f 3425//3583 3496//3583 3497//3583
f 3425//3584 3497//3584 3426//3584
f 3426//3585 3497//3585 3498//3585
f 3426//3586 3498//3586 3427//3586
f 3427//3586 3498//3586 3499//3586
f 3427//3587 3499//3587 3428//3587
f 3428//3587 3499//3587 3500//3587
f 3428//3588 3500//3588 3429//3588
f 3429//3588 3500//3588 3501//3588
f 3429//3589 3501//3589 3430//3589
f 3430//3590 3501//3590 3502//3590
f 3430//3591 3502//3591 3431//3591
f 3431//3591 3502//3591 3503//3591
f 3431//3592 3503//3592 3432//3592
f 3432//3593 3503//3593 3504//3593
f 3432//3594 3504//3594 3433//3594
f 3433//3594 3504//3594 3505//3594
f 3433//3595 3505//3595 3434//3595
f 3434//3595 3505//3595 3506//3595
f 3434//3596 3506//3596 3435//3596
f 3435//3596 3506//3596 3507//3596
f 3435//3597 3507//3597 3364//3597
f 3364//3597 3507//3597 3436//3597
f 3436//3598 3508//3598 3437//3598
f 3437//3599 3508//3599 3509//3599
f 3437//3600 3509//3600 3438//3600
f 3438//3601 3509//3601 3510//3601
f 3438//3602 3510//3602 3439//3602
f 3439//3602 3510//3602 3511//3602
f 3439//3603 3511//3603 3440//3603
f 3440//3603 3511//3603 3512//3603
f 3440//3604 3512//3604 3441//3604
f 3441//3604 3512//3604 3513//3604
f 3441//3605 3513//3605 3442//3605
f 3442//3605 3513//3605 3514//3605
f 3442//3606 3514//3606 3443//3606
f 3443//3606 3514//3606 3515//3606
f 3443//3607 3515//3607 3444//3607
f 3444//3607 3515//3607 3516//3607
f 3444//3608 3516//3608 3445//3608
f 3445//3608 3516//3608 3517//3608
f 3445//3609 3517//3609 3446//3609
f 3446//3609 3517//3609 3518//3609
f 3446//3610 3518//3610 3447//3610
f 3447//3611 3518//3611 3519//3611
f 3447//3612 3519//3612 3448//3612
f 3448//3612 3519//3612 3520//3612
f 3448//3613 3520//3613 3449//3613
f 3449//3613 3520//3613 3521//3613
f 3449//3614 3521//3614 3450//3614
f 3450//3614 3521//3614 3522//3614
f 3450//3615 3522//3615 3451//3615
f 3451//3615 3522//3615 3523//3615
f 3451//3616 3523//3616 3452//3616
f 3452//3617 3523//3617 3524//3617
f 3452//3618 3524//3618 3453//3618
f 3453//3618 3524//3618 3525//3618
f 3453//3619 3525//3619 3454//3619
f 3454//3620 3525//3620 3526//3620
f 3454//3621 3526//3621 3455//3621
f 3455//3622 3526//3622 3527//3622
f 3455//3623 3527//3623 3456//3623
f 3456//3623 3527//3623 3528//3623
f 3456//3624 3528//3624 3457//3624
f 3457//3625 3528//3625 3529//3625
f 3457//3626 3529//3626 3458//3626
f 3458//3627 3529//3627 3530//3627
f 3458//3628 3530//3628 3459//3628
f 3459//3629 3530//3629 3531//3629
f 3459//3630 3531//3630 3460//3630
f 3460//3631 3531//3631 3532//3631
f 3460//3632 3532//3632 3461//3632
f 3461//3632 3532//3632 3533//3632
f 3461//3633 3533//3633 3462//3633
f 3462//3633 3533//3633 3534//3633
f 3462//3634 3534//3634 3463//3634
f 3463//3634 3534//3634 3535//3634
f 3463//3635 3535//3635 3464//3635
f 3464//3635 3535//3635 3536//3635
f 3464//3636 3536//3636 3465//3636
f 3465//3636 3536//3636 3537//3636
f 3465//3637 3537//3637 3466//3637
f 3466//3638 3537//3638 3538//3638
f 3466//3639 3538//3639 3467//3639
f 3467//3640 3538//3640 3539//3640
f 3467//3641 3539//3641 3468//3641
f 3468//3642 3539//3642 3540//3642
f 3468//3643 3540//3643 3469//3643
f 3469//3643 3540//3643 3541//3643
f 3469//3644 3541//3644 3470//3644
f 3470//3644 3541//3644 3542//3644
f 3470//3645 3542//3645 3471//3645
f 3471//3645 3542//3645 3543//3645
f 3471//3646 3543//3646 3472//3646
f 3472//3646 3543//3646 3544//3646
f 3472//3647 3544//3647 3473//3647
f 3473//3648 3544//3648 3545//3648
f 3473//3649 3545//3649 3474//3649
f 3474//3649 3545//3649 3546//3649
f 3474//3650 3546//3650 3475//3650
f 3475//3651 3546//3651 3547//3651
f 3475//3652 3547//3652 3476//3652
f 3476//3652 3547//3652 3548//3652
f 3476//3653 3548//3653 3477//3653
f 3477//3653 3548//3653 3549//3653
f 3477//3654 3549//3654 3478//3654
f 3478//3654 3549//3654 3550//3654
f 3478//3655 3550//3655 3479//3655
f 3479//3656 3550//3656 3551//3656
f 3479//3657 3551//3657 3480//3657
f 3480//3657 3551//3657 3552//3657
f 3480//3658 3552//3658 3481//3658
f 3481//3659 3552//3659 3553//3659
f 3481//3660 3553//3660 3482//3660
f 3482//3660 3553//3660 3554//3660
f 3482//3661 3554//3661 3483//3661
f 3483//3661 3554//3661 3555//3661
f 3483//3662 3555//3662 3484//3662
f 3484//3662 3555//3662 3556//3662
f 3484//3663 3556//3663 3485//3663
f 3485//3663 3556//3663 3557//3663
f 3485//3664 3557//3664 3486//3664
f 3486//3664 3557//3664 3558//3664
f 3486//3665 3558//3665 3487//3665
f 3487//3665 3558//3665 3559//3665
f 3487//3666 3559//3666 3488//3666
f 3488//3666 3559//3666 3560//3666
f 3488//3667 3560//3667 3489//3667
f 3489//3667 3560//3667 3561//3667
f 3489//3668 3561//3668 3490//3668
f 3490//3668 3561//3668 3562//3668
f 3490//3669 3562//3669 3491//3669
f 3491//3669 3562//3669 3563//3669
f 3491//3670 3563//3670 3492//3670
f 3492//3670 3563//3670 3564//3670
f 3492//3671 3564//3671 3493//3671
f 3493//3671 3564//3671 3565//3671
f 3493//3672 3565//3672 3494//3672
f 3494//3672 3565//3672 3566//3672
f 3494//3673 3566//3673 3495//3673
f 3495//3673 3566//3673 3567//3673
f 3495//3674 3567//3674 3496//3674
f 3496//3674 3567//3674 3568//3674
f 3496//3675 3568//3675 3497//3675
f 3497//3675 3568//3675 3569//3675
f 3497//3676 3569//3676 3498//3676
f 3498//3677 3569//3677 3570//3677
f 3498//3678 3570//3678 3499//3678
f 3499//3678 3570//3678 3571//3678
f 3499//3679 3571//3679 3500//3679
f 3500//3680 3571//3680 3572//3680
f 3500//3681 3572//3681 3501//3681
f 3501//3681 3572//3681 3573//3681
f 3501//3682 3573//3682 3502//3682
f 3502//3682 3573//3682 3574//3682
f 3502//3683 3574//3683 3503//3683
f 3503//3683 3574//3683 3575//3683
f 3503//3684 3575//3684 3504//3684
f 3504//3684 3575//3684 3576//3684
f 3504//3685 3576//3685 3505//3685
f 3505//3685 3576//3685 3577//3685
f 3505//3686 3577//3686 3506//3686
f 3506//3686 3577//3686 3578//3686
f 3506//3687 3578//3687 3507//3687
f 3507//3687 3578//3687 3579//3687
f 3507//3688 3579//3688 3436//3688
f 3436//3688 3579//3688 3508//3688
f 3508//3689 3580//3689 3509//3689
f 3509//3690 3580//3690 3581//3690
f 3509//3691 3581//3691 3510//3691
f 3510//3691 3581//3691 3582//3691
f 3510//3692 3582//3692 3511//3692
f 3511//3692 3582//3692 3583//3692
f 3511//3693 3583//3693 3512//3693
f 3512//3693 3583//3693 3584//3693
f 3512//3694 3584//3694 3513//3694
f 3513//3694 3584//3694 3585//3694
f 3513//3695 3585//3695 3514//3695
f 3514//3696 3585//3696 3586//3696
f 3514//3697 3586//3697 3515//3697
f 3515//3698 3586//3698 3587//3698
f 3515//3699 3587//3699 3516//3699
f 3516//3699 3587//3699 3588//3699
f 3516//3700 3588//3700 3517//3700
f 3517//3700 3588//3700 3589//3700
f 3517//3701 3589//3701 3518//3701
f 3518//3702 3589//3702 3590//3702
f 3518//3703 3590//3703 3519//3703
f 3519//3704 3590//3704 3591//3704
f 3519//3705 3591//3705 3520//3705
f 3520//3706 3591//3706 3592//3706
f 3520//3707 3592//3707 3521//3707
f 3521//3708 3592//3708 3593//3708
f 3521//3709 3593//3709 3522//3709
f 3522//3710 3593//3710 3594//3710
f 3522//3711 3594//3711 3523//3711
f 3523//3711 3594//3711 3595//3711
f 3523//3712 3595//3712 3524//3712
f 3524//3712 3595//3712 3596//3712
f 3524//3713 3596//3713 3525//3713
f 3525//3714 3596//3714 3597//3714
f 3525//3715 3597//3715 3526//3715
f 3526//3716 3597//3716 3598//3716
f 3526//3717 3598//3717 3527//3717
f 3527//3718 3598//3718 3599//3718
f 3527//3719 3599//3719 3528//3719
f 3528//3719 3599//3719 3600//3719
f 3528//3720 3600//3720 3529//3720
f 3529//3721 3600//3721 3601//3721
f 3529//3722 3601//3722 3530//3722
f 3530//3723 3601//3723 3602//3723
f 3530//3724 3602//3724 3531//3724
f 3531//3724 3602//3724 3603//3724
f 3531//3725 3603//3725 3532//3725
f 3532//3725 3603//3725 3604//3725
f 3532//3726 3604//3726 3533//3726
f 3533//3727 3604//3727 3605//3727
f 3533//3728 3605//3728 3534//3728
f 3534//3729 3605//3729 3606//3729
f 3534//3730 3606//3730 3535//3730
f 3535//3731 3606//3731 3607//3731
f 3535//3732 3607//3732 3536//3732
f 3536//3733 3607//3733 3608//3733
f 3536//3734 3608//3734 3537//3734
f 3537//3735 3608//3735 3609//3735
f 3537//3736 3609//3736 3538//3736
f 3538//3737 3609//3737 3610//3737
f 3538//3738 3610//3738 3539//3738
f 3539//3739 3610//3739 3611//3739
f 3539//3740 3611//3740 3540//3740
f 3540//3740 3611//3740 3612//3740
f 3540//3741 3612//3741 3541//3741
f 3541//3741 3612//3741 3613//3741
f 3541//3742 3613//3742 3542//3742
f 3542//3743 3613//3743 3614//3743
f 3542//3744 3614//3744 3543//3744
f 3543//3744 3614//3744 3615//3744
f 3543//3745 3615//3745 3544//3745
f 3544//3746 3615//3746 3616//3746
f 3544//3747 3616//3747 3545//3747
f 3545//3748 3616//3748 3617//3748
f 3545//3749 3617//3749 3546//3749
f 3546//3750 3617//3750 3618//3750
f 3546//3751 3618//3751 3547//3751
f 3547//3752 3618//3752 3619//3752
f 3547//3753 3619//3753 3548//3753
f 3548//3754 3619//3754 3620//3754
f 3548//3755 3620//3755 3549//3755
f 3549//3755 3620//3755 3621//3755
f 3549//3756 3621//3756 3550//3756
f 3550//3756 3621//3756 3622//3756
f 3550//3757 3622//3757 3551//3757
f 3551//3757 3622//3757 3623//3757
f 3551//3758 3623//3758 3552//3758
f 3552//3758 3623//3758 3624//3758
f 3552//3759 3624//3759 3553//3759
f 3553//3760 3624//3760 3625//3760
f 3553//3761 3625//3761 3554//3761
f 3554//3762 3625//3762 3626//3762
f 3554//3763 3626//3763 3555//3763
f 3555//3763 3626//3763 3627//3763
f 3555//3764 3627//3764 3556//3764
f 3556//3764 3627//3764 3628//3764
f 3556//3765 3628//3765 3557//3765
f 3557//3766 3628//3766 3629//3766
f 3557//3767 3629//3767 3558//3767
f 3558//3767 3629//3767 3630//3767
f 3558//3768 3630//3768 3559//3768
f 3559//3768 3630//3768 3631//3768
f 3559//3769 3631//3769 3560//3769
f 3560//3769 3631//3769 3632//3769
f 3560//3770 3632//3770 3561//3770
f 3561//3770 3632//3770 3633//3770
f 3561//3771 3633//3771 3562//3771
f 3562//3772 3633//3772 3634//3772
f 3562//3773 3634//3773 3563//3773
f 3563//3773 3634//3773 3635//3773
f 3563//3774 3635//3774 3564//3774
f 3564//3774 3635//3774 3636//3774
f 3564//3775 3636//3775 3565//3775
f 3565//3775 3636//3775 3637//3775
f 3565//3776 3637//3776 3566//3776
f 3566//3777 3637//3777 3638//3777
f 3566//3778 3638//3778 3567//3778
f 3567//3778 3638//3778 3639//3778
f 3567//3779 3639//3779 3568//3779
f 3568//3779 3639//3779 3640//3779
f 3568//3780 3640//3780 3569//3780
f 3569//3780 3640//3780 3641//3780
f 3569//3781 3641//3781 3570//3781
f 3570//3782 3641//3782 3642//3782
f 3570//3783 3642//3783 3571//3783
f 3571//3783 3642//3783 3643//3783
f 3571//3784 3643//3784 3572//3784
f 3572//3785 3643//3785 3644//3785
f 3572//3786 3644//3786 3573//3786
f 3573//3786 3644//3786 3645//3786
f 3573//3787 3645//3787 3574//3787
f 3574//3787 3645//3787 3646//3787
f 3574//3788 3646//3788 3575//3788
f 3575//3788 3646//3788 3647//3788
f 3575//3789 3647//3789 3576//3789
f 3576//3789 3647//3789 3648//3789
f 3576//3790 3648//3790 3577//3790
f 3577//3790 3648//3790 3649//3790
f 3577//3791 3649//3791 3578//3791
f 3578//3791 3649//3791 3650//3791
f 3578//3792 3650//3792 3579//3792
f 3579//3792 3650//3792 3651//3792
f 3579//3793 3651//3793 3508//3793
f 3508//3793 3651//3793 3580//3793
f 3580//3794 3652//3794 3581//3794
f 3581//3794 3652//3794 3653//3794
f 3581//3795 3653//3795 3582//3795
f 3582//3795 3653//3795 3654//3795
f 3582//3796 3654//3796 3583//3796
f 3583//3796 3654//3796 3655//3796
f 3583//3797 3655//3797 3584//3797
f 3584//3798 3655//3798 3656//3798
f 3584//3799 3656//3799 3585//3799
f 3585//3799 3656//3799 3657//3799
f 3585//3800 3657//3800 3586//3800
f 3586//3801 3657//3801 3658//3801
f 3586//3802 3658//3802 3587//3802
f 3587//3802 3658//3802 3659//3802
f 3587//3803 3659//3803 3588//3803
f 3588//3804 3659//3804 3660//3804
f 3588//3805 3660//3805 3589//3805
f 3589//3805 3660//3805 3661//3805
f 3589//3806 3661//3806 3590//3806
f 3590//3806 3661//3806 3662//3806
f 3590//3807 3662//3807 3591//3807
f 3591//3807 3662//3807 3663//3807
f 3591//3808 3663//3808 3592//3808
f 3592//3809 3663//3809 3664//3809
f 3592//3810 3664//3810 3593//3810
f 3593//3810 3664//3810 3665//3810
f 3593//3811 3665//3811 3594//3811
f 3594//3812 3665//3812 3666//3812
f 3594//3813 3666//3813 3595//3813
f 3595//3814 3666//3814 3667//3814
f 3595//3815 3667//3815 3596//3815
f 3596//3816 3667//3816 3668//3816
f 3596//3817 3668//3817 3597//3817
f 3597//3817 3668//3817 3669//3817
f 3597//3818 3669//3818 3598//3818
f 3598//3819 3669//3819 3670//3819
f 3598//3820 3670//3820 3599//3820
f 3599//3821 3670//3821 3671//3821
f 3599//3822 3671//3822 3600//3822
f 3600//3823 3671//3823 3672//3823
f 3600//3824 3672//3824 3601//3824
f 3601//3825 3672//3825 3673//3825
f 3601//3826 3673//3826 3602//3826
f 3602//3827 3673//3827 3674//3827
f 3602//3828 3674//3828 3603//3828
f 3603//3828 3674//3828 3675//3828
f 3603//3829 3675//3829 3604//3829
f 3604//3829 3675//3829 3676//3829
f 3604//3830 3676//3830 3605//3830
f 3605//3831 3676//3831 3677//3831
f 3605//3832 3677//3832 3606//3832
f 3606//3833 3677//3833 3678//3833
f 3606//3834 3678//3834 3607//3834
f 3607//3835 3678//3835 3679//3835
f 3607//3836 3679//3836 3608//3836
f 3608//3836 3679//3836 3680//3836
f 3608//3837 3680//3837 3609//3837
f 3609//3838 3680//3838 3681//3838
f 3609//3839 3681//3839 3610//3839
f 3610//3840 3681//3840 3682//3840
f 3610//3841 3682//3841 3611//3841
f 3611//3842 3682//3842 3683//3842
f 3611//3843 3683//3843 3612//3843
f 3612//3843 3683//3843 3684//3843
f 3612//3844 3684//3844 3613//3844
f 3613//3845 3684//3845 3685//3845
f 3613//3846 3685//3846 3614//3846
f 3614//3846 3685//3846 3686//3846
f 3614//3847 3686//3847 3615//3847
f 3615//3848 3686//3848 3687//3848
f 3615//3849 3687//3849 3616//3849
f 3616//3850 3687//3850 3688//3850
f 3616//3851 3688//3851 3617//3851
f 3617//3851 3688//3851 3689//3851
f 3617//3852 3689//3852 3618//3852
f 3618//3853 3689//3853 3690//3853
f 3618//3854 3690//3854 3619//3854
f 3619//3854 3690//3854 3691//3854
f 3619//3855 3691//3855 3620//3855
f 3620//3856 3691//3856 3692//3856
f 3620//3857 3692//3857 3621//3857
f 3621//3857 3692//3857 3693//3857
f 3621//3858 3693//3858 3622//3858
f 3622//3859 3693//3859 3694//3859
f 3622//3860 3694//3860 3623//3860
f 3623//3861 3694//3861 3695//3861
f 3623//3862 3695//3862 3624//3862
f 3624//3863 3695//3863 3696//3863
f 3624//3864 3696//3864 3625//3864
f 3625//3865 3696//3865 3697//3865
f 3625//3866 3697//3866 3626//3866
f 3626//3866 3697//3866 3698//3866
f 3626//3867 3698//3867 3627//3867
f 3627//3868 3698//3868 3699//3868
f 3627//3869 3699//3869 3628//3869
f 3628//3869 3699//3869 3700//3869
f 3628//3870 3700//3870 3629//3870
f 3629//3870 3700//3870 3701//3870
f 3629//3871 3701//3871 3630//3871
f 3630//3872 3701//3872 3702//3872
f 3630//3873 3702//3873 3631//3873
f 3631//3873 3702//3873 3703//3873
f 3631//3874 3703//3874 3632//3874
f 3632//3874 3703//3874 3704//3874
f 3632//3875 3704//3875 3633//3875
f 3633//3875 3704//3875 3705//3875
f 3633//3876 3705//3876 3634//3876
f 3634//3876 3705//3876 3706//3876
f 3634//3877 3706//3877 3635//3877
f 3635//3877 3706//3877 3707//3877
f 3635//3878 3707//3878 3636//3878
f 3636//3878 3707//3878 3708//3878
f 3636//3879 3708//3879 3637//3879
f 3637//3879 3708//3879 3709//3879
f 3637//3880 3709//3880 3638//3880
f 3638//3881 3709//3881 3710//3881
f 3638//3882 3710//3882 3639//3882
f 3639//3882 3710//3882 3711//3882
f 3639//3883 3711//3883 3640//3883
f 3640//3883 3711//3883 3712//3883
f 3640//3884 3712//3884 3641//3884
f 3641//3885 3712//3885 3713//3885
f 3641//3886 3713//3886 3642//3886
f 3642//3886 3713//3886 3714//3886
f 3642//3887 3714//3887 3643//3887
f 3643//3887 3714//3887 3715//3887
f 3643//3888 3715//3888 3644//3888
f 3644//3889 3715//3889 3716//3889
f 3644//3890 3716//3890 3645//3890
f 3645//3890 3716//3890 3717//3890
f 3645//3891 3717//3891 3646//3891
f 3646//3891 3717//3891 3718//3891
f 3646//3892 3718//3892 3647//3892
f 3647//3892 3718//3892 3719//3892
f 3647//3893 3719//3893 3648//3893
f 3648//3893 3719//3893 3720//3893
f 3648//3894 3720//3894 3649//3894
f 3649//3894 3720//3894 3721//3894
f 3649//3895 3721//3895 3650//3895
f 3650//3895 3721//3895 3722//3895
f 3650//3896 3722//3896 3651//3896
f 3651//3896 3722//3896 3723//3896
f 3651//3897 3723//3897 3580//3897
f 3580//3898 3723//3898 3652//3898
f 3652//3899 3724//3899 3653//3899
f 3653//3899 3724//3899 3725//3899
f 3653//3900 3725//3900 3654//3900
f 3654//3900 3725//3900 3726//3900
f 3654//3901 3726//3901 3655//3901
f 3655//3901 3726//3901 3727//3901
f 3655//3902 3727//3902 3656//3902
f 3656//3903 3727//3903 3728//3903
f 3656//3904 3728//3904 3657//3904
f 3657//3904 3728//3904 3729//3904
f 3657//3905 3729//3905 3658//3905
f 3658//3906 3729//3906 3730//3906
f 3658//3907 3730//3907 3659//3907
f 3659//3907 3730//3907 3731//3907
f 3659//3908 3731//3908 3660//3908
f 3660//3908 3731//3908 3732//3908
f 3660//3909 3732//3909 3661//3909
f 3661//3909 3732//3909 3733//3909
f 3661//3910 3733//3910 3662//3910
f 3662//3910 3733//3910 3734//3910
f 3662//3911 3734//3911 3663//3911
f 3663//3912 3734//3912 3735//3912
f 3663//3913 3735//3913 3664//3913
f 3664//3913 3735//3913 3736//3913
f 3664//3914 3736//3914 3665//3914
f 3665//3914 3736//3914 3737//3914
f 3665//3915 3737//3915 3666//3915
f 3666//3915 3737//3915 3738//3915
f 3666//3916 3738//3916 3667//3916
f 3667//3917 3738//3917 3739//3917
f 3667//3918 3739//3918 3668//3918
f 3668//3919 3739//3919 3740//3919
f 3668//3920 3740//3920 3669//3920
f 3669//3920 3740//3920 3741//3920
f 3669//3921 3741//3921 3670//3921
f 3670//3921 3741//3921 3742//3921
f 3670//3922 3742//3922 3671//3922
f 3671//3922 3742//3922 3743//3922
f 3671//3923 3743//3923 3672//3923
f 3672//3924 3743//3924 3744//3924
f 3672//3925 3744//3925 3673//3925
f 3673//3926 3744//3926 3745//3926
f 3673//3927 3745//3927 3674//3927
f 3674//3928 3745//3928 3746//3928
f 3674//3929 3746//3929 3675//3929
f 3675//3930 3746//3930 3747//3930
f 3675//3931 3747//3931 3676//3931
f 3676//3932 3747//3932 3748//3932
f 3676//3933 3748//3933 3677//3933
f 3677//3933 3748//3933 3749//3933
f 3677//3934 3749//3934 3678//3934
f 3678//3935 3749//3935 3750//3935
f 3678//3936 3750//3936 3679//3936
f 3679//3937 3750//3937 3751//3937
f 3679//3938 3751//3938 3680//3938
f 3680//3938 3751//3938 3752//3938
f 3680//3939 3752//3939 3681//3939
f 3681//3940 3752//3940 3753//3940
f 3681//3941 3753//3941 3682//3941
f 3682//3942 3753//3942 3754//3942
f 3682//3943 3754//3943 3683//3943
f 3683//3944 3754//3944 3755//3944
f 3683//3945 3755//3945 3684//3945
f 3684//3945 3755//3945 3756//3945
f 3684//3946 3756//3946 3685//3946
f 3685//3947 3756//3947 3757//3947
f 3685//3948 3757//3948 3686//3948
f 3686//3949 3757//3949 3758//3949
f 3686//3950 3758//3950 3687//3950
f 3687//3951 3758//3951 3759//3951
f 3687//3952 3759//3952 3688//3952
f 3688//3952 3759//3952 3760//3952
f 3688//3953 3760//3953 3689//3953
f 3689//3954 3760//3954 3761//3954
f 3689//3955 3761//3955 3690//3955
f 3690//3956 3761//3956 3762//3956
f 3690//3957 3762//3957 3691//3957
f 3691//3958 3762//3958 3763//3958
f 3691//3959 3763//3959 3692//3959
f 3692//3959 3763//3959 3764//3959
f 3692//3960 3764//3960 3693//3960
f 3693//3961 3764//3961 3765//3961
f 3693//3962 3765//3962 3694//3962
f 3694//3963 3765//3963 3766//3963
f 3694//3964 3766//3964 3695//3964
f 3695//3964 3766//3964 3767//3964
f 3695//3965 3767//3965 3696//3965
f 3696//3966 3767//3966 3768//3966
f 3696//3967 3768//3967 3697//3967
f 3697//3967 3768//3967 3769//3967
f 3697//3968 3769//3968 3698//3968
f 3698//3969 3769//3969 3770//3969
f 3698//3970 3770//3970 3699//3970
f 3699//3970 3770//3970 3771//3970
f 3699//3971 3771//3971 3700//3971
f 3700//3971 3771//3971 3772//3971
f 3700//3972 3772//3972 3701//3972
f 3701//3972 3772//3972 3773//3972
f 3701//3973 3773//3973 3702//3973
f 3702//3974 3773//3974 3774//3974
f 3702//3975 3774//3975 3703//3975
f 3703//3975 3774//3975 3775//3975
f 3703//3976 3775//3976 3704//3976
f 3704//3976 3775//3976 3776//3976
f 3704//3977 3776//3977 3705//3977
f 3705//3977 3776//3977 3777//3977
f 3705//3978 3777//3978 3706//3978
f 3706//3979 3777//3979 3778//3979
f 3706//3980 3778//3980 3707//3980
f 3707//3980 3778//3980 3779//3980
f 3707//3981 3779//3981 3708//3981
f 3708//3981 3779//3981 3780//3981
f 3708//3982 3780//3982 3709//3982
f 3709//3983 3780//3983 3781//3983
f 3709//3984 3781//3984 3710//3984
f 3710//3984 3781//3984 3782//3984
f 3710//3985 3782//3985 3711//3985
f 3711//3985 3782//3985 3783//3985
f 3711//3986 3783//3986 3712//3986
f 3712//3987 3783//3987 3784//3987
f 3712//3988 3784//3988 3713//3988
f 3713//3988 3784//3988 3785//3988
f 3713//3989 3785//3989 3714//3989
f 3714//3989 3785//3989 3786//3989
f 3714//3990 3786//3990 3715//3990
f 3715//3990 3786//3990 3787//3990
f 3715//3991 3787//3991 3716//3991
f 3716//3991 3787//3991 3788//3991
f 3716//3992 3788//3992 3717//3992
f 3717//3993 3788//3993 3789//3993
f 3717//3994 3789//3994 3718//3994
f 3718//3994 3789//3994 3790//3994
f 3718//3995 3790//3995 3719//3995
f 3719//3996 3790//3996 3791//3996
f 3719//3997 3791//3997 3720//3997
f 3720//3997 3791//3997 3792//3997
f 3720//3998 3792//3998 3721//3998
f 3721//3998 3792//3998 3793//3998
f 3721//3999 3793//3999 3722//3999
f 3722//3999 3793//3999 3794//3999
f 3722//4000 3794//4000 3723//4000
f 3723//4000 3794//4000 3795//4000
f 3723//4001 3795//4001 3652//4001
f 3652//4002 3795//4002 3724//4002
f 3724//4003 3796//4003 3725//4003
f 3725//4003 3796//4003 3797//4003
f 3725//4004 3797//4004 3726//4004
f 3726//4005 3797//4005 3798//4005
f 3726//4006 3798//4006 3727//4006
f 3727//4007 3798//4007 3799//4007
f 3727//4008 3799//4008 3728//4008
f 3728//4008 3799//4008 3800//4008
f 3728//4009 3800//4009 3729//4009
f 3729//4009 3800//4009 3801//4009
f 3729//4010 3801//4010 3730//4010
f 3730//4010 3801//4010 3802//4010
f 3730//4011 3802//4011 3731//4011
f 3731//4012 3802//4012 3803//4012
f 3731//4013 3803//4013 3732//4013
f 3732//4013 3803//4013 3804//4013
f 3732//4014 3804//4014 3733//4014
f 3733//4015 3804//4015 3805//4015
f 3733//4016 3805//4016 3734//4016
f 3734//4016 3805//4016 3806//4016
f 3734//4017 3806//4017 3735//4017
f 3735//4018 3806//4018 3807//4018
f 3735//4019 3807//4019 3736//4019
f 3736//4020 3807//4020 3808//4020
f 3736//4021 3808//4021 3737//4021
f 3737//4022 3808//4022 3809//4022
f 3737//4023 3809//4023 3738//4023
f 3738//4024 3809//4024 3810//4024
f 3738//4025 3810//4025 3739//4025
f 3739//4025 3810//4025 3811//4025
f 3739//4026 3811//4026 3740//4026
f 3740//4027 3811//4027 3812//4027
f 3740//4028 3812//4028 3741//4028
f 3741//4028 3812//4028 3813//4028
f 3741//4029 3813//4029 3742//4029
f 3742//4030 3813//4030 3814//4030
f 3742//4031 3814//4031 3743//4031
f 3743//4031 3814//4031 3815//4031
f 3743//4032 3815//4032 3744//4032
f 3744//4032 3815//4032 3816//4032
f 3744//4033 3816//4033 3745//4033
f 3745//4034 3816//4034 3817//4034
f 3745//4035 3817//4035 3746//4035
f 3746//4036 3817//4036 3818//4036
f 3746//4037 3818//4037 3747//4037
f 3747//4038 3818//4038 3819//4038
f 3747//4039 3819//4039 3748//4039
f 3748//4040 3819//4040 3820//4040
f 3748//4041 3820//4041 3749//4041
f 3749//4041 3820//4041 3821//4041
f 3749//4042 3821//4042 3750//4042
f 3750//4043 3821//4043 3822//4043
f 3750//4044 3822//4044 3751//4044
f 3751//4044 3822//4044 3823//4044
f 3751//4045 3823//4045 3752//4045
f 3752//4045 3823//4045 3824//4045
f 3752//4046 3824//4046 3753//4046
f 3753//4046 3824//4046 3825//4046
f 3753//4047 3825//4047 3754//4047
f 3754//4048 3825//4048 3826//4048
f 3754//4049 3826//4049 3755//4049
f 3755//4050 3826//4050 3827//4050
f 3755//4051 3827//4051 3756//4051
f 3756//4052 3827//4052 3828//4052
f 3756//4053 3828//4053 3757//4053
f 3757//4054 3828//4054 3829//4054
f 3757//4055 3829//4055 3758//4055
f 3758//4056 3829//4056 3830//4056
f 3758//4057 3830//4057 3759//4057
f 3759//4058 3830//4058 3831//4058
f 3759//4059 3831//4059 3760//4059
f 3760//4060 3831//4060 3832//4060
f 3760//4061 3832//4061 3761//4061
f 3761//4062 3832//4062 3833//4062
f 3761//4063 3833//4063 3762//4063
f 3762//4064 3833//4064 3834//4064
f 3762//4065 3834//4065 3763//4065
f 3763//4066 3834//4066 3835//4066
f 3763//4067 3835//4067 3764//4067
f 3764//4068 3835//4068 3836//4068
f 3764//4069 3836//4069 3765//4069
f 3765//4070 3836//4070 3837//4070
f 3765//4071 3837//4071 3766//4071
f 3766//4072 3837//4072 3838//4072
f 3766//4073 3838//4073 3767//4073
f 3767//4073 3838//4073 3839//4073
f 3767//4074 3839//4074 3768//4074
f 3768//4075 3839//4075 3840//4075
f 3768//4076 3840//4076 3769//4076
f 3769//4077 3840//4077 3841//4077
f 3769//4078 3841//4078 3770//4078
f 3770//4078 3841//4078 3842//4078
f 3770//4079 3842//4079 3771//4079
f 3771//4079 3842//4079 3843//4079
f 3771//4080 3843//4080 3772//4080
f 3772//4080 3843//4080 3844//4080
f 3772//4081 3844//4081 3773//4081
f 3773//4081 3844//4081 3845//4081
f 3773//4082 3845//4082 3774//4082
f 3774//4083 3845//4083 3846//4083
f 3774//4084 3846//4084 3775//4084
f 3775//4084 3846//4084 3847//4084
f 3775//4085 3847//4085 3776//4085
f 3776//4085 3847//4085 3848//4085
f 3776//4086 3848//4086 3777//4086
f 3777//4087 3848//4087 3849//4087
f 3777//4088 3849//4088 3778//4088
f 3778//4089 3849//4089 3850//4089
f 3778//4090 3850//4090 3779//4090
f 3779//4090 3850//4090 3851//4090
f 3779//4091 3851//4091 3780//4091
f 3780//4092 3851//4092 3852//4092
f 3780//4093 3852//4093 3781//4093
f 3781//4094 3852//4094 3853//4094
f 3781//4095 3853//4095 3782//4095
f 3782//4095 3853//4095 3854//4095
f 3782//4096 3854//4096 3783//4096
f 3783//4097 3854//4097 3855//4097
f 3783//4098 3855//4098 3784//4098
f 3784//4098 3855//4098 3856//4098
f 3784//4099 3856//4099 3785//4099
f 3785//4100 3856//4100 3857//4100
f 3785//4101 3857//4101 3786//4101
f 3786//4101 3857//4101 3858//4101
f 3786//4102 3858//4102 3787//4102
f 3787//4103 3858//4103 3859//4103
f 3787//4104 3859//4104 3788//4104
f 3788//4105 3859//4105 3860//4105
f 3788//4106 3860//4106 3789//4106
f 3789//4106 3860//4106 3861//4106
f 3789//4107 3861//4107 3790//4107
f 3790//4107 3861//4107 3862//4107
f 3790//4108 3862//4108 3791//4108
f 3791//4109 3862//4109 3863//4109
f 3791//4110 3863//4110 3792//4110
f 3792//4111 3863//4111 3864//4111
f 3792//4112 3864//4112 3793//4112
f 3793//4112 3864//4112 3865//4112
f 3793//4113 3865//4113 3794//4113
f 3794//4114 3865//4114 3866//4114
f 3794//4115 3866//4115 3795//4115
f 3795//4116 3866//4116 3867//4116
f 3795//4117 3867//4117 3724//4117
f 3724//4117 3867//4117 3796//4117
f 3796//4118 3868//4118 3797//4118
f 3797//4119 3868//4119 3869//4119
f 3797//4120 3869//4120 3798//4120
f 3798//4121 3869//4121 3870//4121
f 3798//4122 3870//4122 3799//4122
f 3799//4122 3870//4122 3871//4122
f 3799//4123 3871//4123 3800//4123
f 3800//4124 3871//4124 3872//4124
f 3800//4125 3872//4125 3801//4125
f 3801//4125 3872//4125 3873//4125
f 3801//4126 3873//4126 3802//4126
f 3802//4127 3873//4127 3874//4127
f 3802//4128 3874//4128 3803//4128
f 3803//4129 3874//4129 3875//4129
f 3803//4130 3875//4130 3804//4130
f 3804//4131 3875//4131 3876//4131
f 3804//4132 3876//4132 3805//4132
f 3805//4133 3876//4133 3877//4133
f 3805//4134 3877//4134 3806//4134
f 3806//4134 3877//4134 3878//4134
f 3806//4135 3878//4135 3807//4135
f 3807//4136 3878//4136 3879//4136
f 3807//4137 3879//4137 3808//4137
f 3808//4138 3879//4138 3880//4138
f 3808//4139 3880//4139 3809//4139
f 3809//4140 3880//4140 3881//4140
f 3809//4141 3881//4141 3810//4141
f 3810//4141 3881//4141 3882//4141
f 3810//4142 3882//4142 3811//4142
f 3811//4142 3882//4142 3883//4142
f 3811//4143 3883//4143 3812//4143
f 3812//4143 3883//4143 3884//4143
f 3812//4144 3884//4144 3813//4144
f 3813//4144 3884//4144 3885//4144
f 3813//4145 3885//4145 3814//4145
f 3814//4146 3885//4146 3886//4146
f 3814//4147 3886//4147 3815//4147
f 3815//4148 3886//4148 3887//4148
f 3815//4149 3887//4149 3816//4149
f 3816//4150 3887//4150 3888//4150
f 3816//4151 3888//4151 3817//4151
f 3817//4152 3888//4152 3889//4152
f 3817//4153 3889//4153 3818//4153
f 3818//4154 3889//4154 3890//4154
f 3818//4155 3890//4155 3819//4155
f 3819//4156 3890//4156 3891//4156
f 3819//4157 3891//4157 3820//4157
f 3820//4158 3891//4158 3892//4158
f 3820//4159 3892//4159 3821//4159
f 3821//4159 3892//4159 3893//4159
f 3821//4160 3893//4160 3822//4160
f 3822//4161 3893//4161 3894//4161
f 3822//4162 3894//4162 3823//4162
f 3823//4163 3894//4163 3895//4163
f 3823//4164 3895//4164 3824//4164
f 3824//4165 3895//4165 3896//4165
f 3824//4166 3896//4166 3825//4166
f 3825//4167 3896//4167 3897//4167
f 3825//4168 3897//4168 3826//4168
f 3826//4169 3897//4169 3898//4169
f 3826//4170 3898//4170 3827//4170
f 3827//4171 3898//4171 3899//4171
f 3827//4172 3899//4172 3828//4172
f 3828//4172 3899//4172 3900//4172
f 3828//4173 3900//4173 3829//4173
f 3829//4174 3900//4174 3901//4174
f 3829//4175 3901//4175 3830//4175
f 3830//4175 3901//4175 3902//4175
f 3830//4176 3902//4176 3831//4176
f 3831//4177 3902//4177 3903//4177
f 3831//4178 3903//4178 3832//4178
f 3832//4179 3903//4179 3904//4179
f 3832//4180 3904//4180 3833//4180
f 3833//4181 3904//4181 3905//4181
f 3833//4182 3905//4182 3834//4182
f 3834//4183 3905//4183 3906//4183
f 3834//4184 3906//4184 3835//4184
f 3835//4185 3906//4185 3907//4185
f 3835//4186 3907//4186 3836//4186
f 3836//4187 3907//4187 3908//4187
f 3836//4188 3908//4188 3837//4188
f 3837//4189 3908//4189 3909//4189
f 3837//4190 3909//4190 3838//4190
f 3838//4191 3909//4191 3910//4191
f 3838//4192 3910//4192 3839//4192
f 3839//4192 3910//4192 3911//4192
f 3839//4193 3911//4193 3840//4193
f 3840//4193 3911//4193 3912//4193
f 3840//4194 3912//4194 3841//4194
f 3841//4195 3912//4195 3913//4195
f 3841//4196 3913//4196 3842//4196
f 3842//4197 3913//4197 3914//4197
f 3842//4198 3914//4198 3843//4198
f 3843//4199 3914//4199 3915//4199
f 3843//4200 3915//4200 3844//4200
f 3844//4201 3915//4201 3916//4201
f 3844//4202 3916//4202 3845//4202
f 3845//4203 3916//4203 3917//4203
f 3845//4204 3917//4204 3846//4204
f 3846//4204 3917//4204 3918//4204
f 3846//4205 3918//4205 3847//4205
f 3847//4206 3918//4206 3919//4206
f 3847//4207 3919//4207 3848//4207
f 3848//4208 3919//4208 3920//4208
f 3848//4209 3920//4209 3849//4209
f 3849//4210 3920//4210 3921//4210
f 3849//4211 3921//4211 3850//4211
f 3850//4212 3921//4212 3922//4212
f 3850//4213 3922//4213 3851//4213
f 3851//4214 3922//4214 3923//4214
f 3851//4215 3923//4215 3852//4215
f 3852//4216 3923//4216 3924//4216
f 3852//4217 3924//4217 3853//4217
f 3853//4217 3924//4217 3925//4217
f 3853//4218 3925//4218 3854//4218
f 3854//4218 3925//4218 3926//4218
f 3854//4219 3926//4219 3855//4219
f 3855//4219 3926//4219 3927//4219
f 3855//4220 3927//4220 3856//4220
f 3856//4220 3927//4220 3928//4220
f 3856//4221 3928//4221 3857//4221
f 3857//4221 3928//4221 3929//4221
f 3857//4222 3929//4222 3858//4222
f 3858//4223 3929//4223 3930//4223
f 3858//4224 3930//4224 3859//4224
f 3859//4225 3930//4225 3931//4225
f 3859//4226 3931//4226 3860//4226
f 3860//4227 3931//4227 3932//4227
f 3860//4228 3932//4228 3861//4228
f 3861//4228 3932//4228 3933//4228
f 3861//4229 3933//4229 3862//4229
f 3862//4230 3933//4230 3934//4230
f 3862//4231 3934//4231 3863//4231
f 3863//4232 3934//4232 3935//4232
f 3863//4233 3935//4233 3864//4233
f 3864//4234 3935//4234 3936//4234
f 3864//4235 3936//4235 3865//4235
f 3865//4235 3936//4235 3937//4235
f 3865//4236 3937//4236 3866//4236
f 3866//4236 3937//4236 3938//4236
f 3866//4237 3938//4237 3867//4237
f 3867//4238 3938//4238 3939//4238
f 3867//4239 3939//4239 3796//4239
f 3796//4240 3939//4240 3868//4240
f 3868//4241 2716//4241 3869//4241
f 3869//4241 2716//4241 2715//4241
f 3869//4242 2715//4242 3870//4242
f 3870//4243 2715//4243 2718//4243
f 3870//4244 2718//4244 3871//4244
f 3871//4245 2718//4245 2719//4245
f 3871//4246 2719//4246 3872//4246
f 3872//4247 2719//4247 2720//4247
f 3872//4248 2720//4248 3873//4248
f 3873//4248 2720//4248 2721//4248
f 3873//4249 2721//4249 3874//4249
f 3874//4250 2721//4250 2722//4250
f 3874//4251 2722//4251 3875//4251
f 3875//4252 2722//4252 2723//4252
f 3875//4253 2723//4253 3876//4253
f 3876//4254 2723//4254 2724//4254
f 3876//4255 2724//4255 3877//4255
f 3877//4256 2724//4256 2725//4256
f 3877//4257 2725//4257 3878//4257
f 3878//4258 2725//4258 2726//4258
f 3878//4259 2726//4259 3879//4259
f 3879//4260 2726//4260 2727//4260
f 3879//4261 2727//4261 3880//4261
f 3880//4262 2727//4262 2728//4262
f 3880//4263 2728//4263 3881//4263
f 3881//4264 2728//4264 2729//4264
f 3881//4265 2729//4265 3882//4265
f 3882//4266 2729//4266 2730//4266
f 3882//4267 2730//4267 3883//4267
f 3883//4268 2730//4268 2731//4268
f 3883//4269 2731//4269 3884//4269
f 3884//4270 2731//4270 2732//4270
f 3884//4271 2732//4271 3885//4271
f 3885//4272 2732//4272 2733//4272
f 3885//4273 2733//4273 3886//4273
f 3886//4274 2733//4274 2734//4274
f 3886//4275 2734//4275 3887//4275
f 3887//4276 2734//4276 2735//4276
f 3887//4277 2735//4277 3888//4277
f 3888//4278 2735//4278 2736//4278
f 3888//4279 2736//4279 3889//4279
f 3889//4280 2736//4280 2737//4280
f 3889//4281 2737//4281 3890//4281
f 3890//4282 2737//4282 2738//4282
f 3890//4283 2738//4283 3891//4283
f 3891//4284 2738//4284 2739//4284
f 3891//4285 2739//4285 3892//4285
f 3892//4286 2739//4286 2740//4286
f 3892//4287 2740//4287 3893//4287
f 3893//4288 2740//4288 2741//4288
f 3893//4289 2741//4289 3894//4289
f 3894//4290 2741//4290 2742//4290
f 3894//4291 2742//4291 3895//4291
f 3895//4292 2742//4292 2743//4292
f 3895//4293 2743//4293 3896//4293
f 3896//4294 2743//4294 2744//4294
f 3896//4295 2744//4295 3897//4295
f 3897//4296 2744//4296 2745//4296
f 3897//4297 2745//4297 3898//4297
f 3898//4298 2745//4298 2746//4298
f 3898//4299 2746//4299 3899//4299
f 3899//4300 2746//4300 2747//4300
f 3899//4301 2747//4301 3900//4301
f 3900//4302 2747//4302 2748//4302
f 3900//4303 2748//4303 3901//4303
f 3901//4304 2748//4304 2749//4304
f 3901//4305 2749//4305 3902//4305
f 3902//4306 2749//4306 2750//4306
f 3902//4307 2750//4307 3903//4307
f 3903//4308 2750//4308 2751//4308
f 3903//4309 2751//4309 3904//4309
f 3904//4310 2751//4310 2752//4310
f 3904//4311 2752//4311 3905//4311
f 3905//4312 2752//4312 2753//4312
f 3905//4313 2753//4313 3906//4313
f 3906//4314 2753//4314 2754//4314
f 3906//4315 2754//4315 3907//4315
f 3907//4316 2754//4316 2755//4316
f 3907//4317 2755//4317 3908//4317
f 3908//4318 2755//4318 2756//4318
f 3908//4319 2756//4319 3909//4319
f 3909//4320 2756//4320 2757//4320
f 3909//4321 2757//4321 3910//4321
f 3910//4321 2757//4321 2758//4321
f 3910//4322 2758//4322 3911//4322
f 3911//4323 2758//4323 2759//4323
f 3911//4324 2759//4324 3912//4324
f 3912//4325 2759//4325 2760//4325
f 3912//4326 2760//4326 3913//4326
f 3913//4327 2760//4327 2761//4327
f 3913//4328 2761//4328 3914//4328
f 3914//4329 2761//4329 2762//4329
f 3914//4330 2762//4330 3915//4330
f 3915//4330 2762//4330 2763//4330
f 3915//4331 2763//4331 3916//4331
f 3916//4332 2763//4332 2764//4332
f 3916//4333 2764//4333 3917//4333
f 3917//4334 2764//4334 2765//4334
f 3917//4335 2765//4335 3918//4335
f 3918//4336 2765//4336 2766//4336
f 3918//4337 2766//4337 3919//4337
f 3919//4338 2766//4338 2767//4338
f 3919//4339 2767//4339 3920//4339
f 3920//4340 2767//4340 2768//4340
f 3920//4341 2768//4341 3921//4341
f 3921//4342 2768//4342 2769//4342
f 3921//4343 2769//4343 3922//4343
f 3922//4343 2769//4343 2770//4343
f 3922//4344 2770//4344 3923//4344
f 3923//4345 2770//4345 2771//4345
f 3923//4346 2771//4346 3924//4346
f 3924//4347 2771//4347 2772//4347
f 3924//4348 2772//4348 3925//4348
f 3925//4348 2772//4348 2773//4348
f 3925//4349 2773//4349 3926//4349
f 3926//4350 2773//4350 2774//4350
f 3926//4351 2774//4351 3927//4351
f 3927//4352 2774//4352 2775//4352
f 3927//4353 2775//4353 3928//4353
f 3928//4354 2775//4354 2776//4354
f 3928//4355 2776//4355 3929//4355
f 3929//4356 2776//4356 2777//4356
f 3929//4357 2777//4357 3930//4357
f 3930//4358 2777//4358 2778//4358
f 3930//4359 2778//4359 3931//4359
f 3931//4360 2778//4360 2779//4360
f 3931//4361 2779//4361 3932//4361
f 3932//4362 2779//4362 2780//4362
f 3932//4363 2780//4363 3933//4363
f 3933//4364 2780//4364 2781//4364
f 3933//4365 2781//4365 3934//4365
f 3934//4366 2781//4366 2782//4366
f 3934//4367 2782//4367 3935//4367
f 3935//4368 2782//4368 2783//4368
f 3935//4369 2783//4369 3936//4369
f 3936//4370 2783//4370 2784//4370
f 3936//4371 2784//4371 3937//4371
f 3937//4372 2784//4372 2785//4372
f 3937//4373 2785//4373 3938//4373
f 3938//4373 2785//4373 2786//4373
f 3938//4374 2786//4374 3939//4374
f 3939//4375 2786//4375 2787//4375
f 3939//4376 2787//4376 3868//4376
f 3868//4376 2787//4376 2716//4376
f 3940//4377 3941//4377 3942//4377
f 3940//4378 3942//4378 3943//4378
f 3944//4379 3943//4379 3942//4379
f 3945//4380 3944//4380 3942//4380
f 3946//4381 3945//4381 3942//4381
f 3947//4382 3946//4382 3942//4382
f 3948//4383 3947//4383 3942//4383
f 3949//4384 3948//4384 3942//4384
f 3950//4385 3949//4385 3942//4385
f 3951//4386 3950//4386 3942//4386
f 3952//4387 3951//4387 3942//4387
f 3953//4388 3952//4388 3942//4388
f 3954//4389 3953//4389 3942//4389
f 3955//4390 3954//4390 3942//4390
f 3956//4391 3955//4391 3942//4391
f 3957//4392 3956//4392 3942//4392
f 3958//4393 3957//4393 3942//4393
f 3959//4394 3958//4394 3942//4394
f 3960//4395 3959//4395 3942//4395
f 3961//4396 3960//4396 3942//4396
f 3962//4397 3961//4397 3942//4397
f 3963//4398 3962//4398 3942//4398
f 3964//4399 3963//4399 3942//4399
f 3965//4400 3964//4400 3942//4400
f 3966//4401 3965//4401 3942//4401
f 3967//4402 3966//4402 3942//4402
f 3968//4403 3967//4403 3942//4403
f 3969//4404 3968//4404 3942//4404
f 3970//4405 3969//4405 3942//4405
f 3971//4406 3970//4406 3942//4406
f 3972//4407 3971//4407 3942//4407
f 3973//4408 3974//4408 3975//4408
f 3976//4409 3977//4409 3978//4409
f 3979//4410 3980//4410 3981//4410
f 3982//4411 3983//4411 3984//4411
f 3985//4412 3986//4412 3987//4412
f 3988//4413 3989//4413 3990//4413
f 3991//4414 3992//4414 3993//4414
f 3994//4415 3995//4415 3996//4415
f 3997//4416 3998//4416 3999//4416
f 4000//4417 4001//4417 4002//4417
f 4003//4418 4004//4418 4005//4418
f 4006//4419 4007//4419 4008//4419
f 4006//4420 4008//4420 4009//4420
f 4010//4421 4011//4421 4008//4421
f 4008//4422 4011//4422 4012//4422
f 4008//4423 4012//4423 4009//4423
f 4010//4424 4013//4424 4014//4424
f 4014//4425 4013//4425 4015//4425
f 4007//4426 4016//4426 4008//4426
f 4008//4427 4016//4427 4017//4427
f 4008//4428 4017//4428 4018//4428
f 4018//4429 4019//4429 4008//4429
f 4008//4430 4019//4430 4020//4430
f 4008//4431 4020//4431 4021//4431
f 4005//4432 4004//4432 4022//4432
f 4022//4433 4004//4433 4023//4433
f 4022//4434 4023//4434 4024//4434
f 4025//4435 4026//4435 4027//4435
f 4027//4436 4026//4436 4028//4436
f 4027//4437 4028//4437 4029//4437
f 4030//4438 4031//4438 4032//4438
f 4033//4439 4034//4439 3999//4439
f 3999//4440 4034//4440 4035//4440
f 3999//4441 4035//4441 3997//4441
f 4036//4442 4037//4442 3996//4442
f 3996//4443 4037//4443 4038//4443
f 3996//4444 4038//4444 3994//4444
f 4039//4445 4040//4445 4041//4445
f 4041//4446 4040//4446 4042//4446
f 4041//4447 4042//4447 4036//4447
f 4036//4448 4042//4448 4043//4448
f 4036//4449 4043//4449 4037//4449
f 4044//4450 4045//4450 4046//4450
f 4046//4451 4045//4451 4047//4451
f 4046//4452 4047//4452 4048//4452
f 4044//4453 4049//4453 4045//4453
f 4045//4454 4049//4454 4050//4454
f 4045//4455 4050//4455 4041//4455
f 4041//4456 4050//4456 4051//4456
f 4041//4457 4051//4457 4039//4457
f 4052//4458 4053//4458 4047//4458
f 4047//4459 4053//4459 4054//4459
f 4047//4460 4054//4460 4048//4460
f 4055//4461 4056//4461 4057//4461
f 4057//4462 4056//4462 4058//4462
f 4057//4463 4058//4463 4059//4463
f 4059//4464 4058//4464 4060//4464
f 4059//4465 4060//4465 4047//4465
f 4047//4466 4060//4466 4061//4466
f 4047//4467 4061//4467 4052//4467
f 4062//4468 4063//4468 4055//4468
f 4055//4469 4063//4469 4064//4469
f 4055//4461 4064//4461 4056//4461
f 4065//4470 4066//4470 4067//4470
f 4067//4471 4066//4471 4068//4471
f 4067//4472 4068//4472 4062//4472
f 4062//4473 4068//4473 4069//4473
f 4062//4474 4069//4474 4063//4474
f 4070//4475 4071//4475 4065//4475
f 4065//4476 4071//4476 4072//4476
f 4065//4477 4072//4477 4066//4477
f 4073//4478 4074//4478 4070//4478
f 4070//4479 4074//4479 4075//4479
f 4070//4480 4075//4480 4071//4480
f 4076//4481 4077//4481 4078//4481
f 4078//4482 4077//4482 4079//4482
f 4078//4482 4079//4482 4080//4482
f 4080//4483 4079//4483 4081//4483
f 4080//4484 4081//4484 4073//4484
f 4073//4485 4081//4485 4082//4485
f 4073//4486 4082//4486 4074//4486
f 4076//4487 4078//4487 4083//4487
f 4083//4488 4078//4488 4084//4488
f 4083//4489 4084//4489 4085//4489
f 4085//4490 4084//4490 4086//4490
f 4085//4491 4086//4491 4087//4491
f 4087//4492 4086//4492 4088//4492
f 4087//4493 4088//4493 4089//4493
f 4090//4494 4091//4494 4092//4494
f 4092//4495 4091//4495 4093//4495
f 4092//4496 4093//4496 4094//4496
f 4094//4497 4093//4497 4095//4497
f 4094//4498 4095//4498 4088//4498
f 4088//4499 4095//4499 4096//4499
f 4088//4500 4096//4500 4089//4500
f 4097//4501 4098//4501 4099//4501
f 4099//4502 4098//4502 4100//4502
f 4100//4503 4101//4503 4099//4503
f 4099//4504 4101//4504 4102//4504
f 4099//4505 4102//4505 4090//4505
f 4090//4506 4102//4506 4103//4506
f 4090//4494 4103//4494 4091//4494
f 4104//4507 4105//4507 4106//4507
f 4107//4508 4108//4508 4104//4508
f 4105//4509 4109//4509 4106//4509
f 4106//4510 4109//4510 4110//4510
f 4106//4511 4110//4511 4099//4511
f 4099//4512 4110//4512 4111//4512
f 4099//4513 4111//4513 4097//4513
f 3992//4514 4112//4514 4107//4514
f 4107//4515 4112//4515 4113//4515
f 4107//4516 4113//4516 4108//4516
f 4114//4517 4115//4517 4116//4517
f 4116//4518 4115//4518 3991//4518
f 4117//4519 4118//4519 4119//4519
f 4119//4520 4118//4520 4120//4520
f 3990//4521 3989//4521 4121//4521
f 4121//4522 3989//4522 4122//4522
f 4121//4523 4122//4523 4123//4523
f 3987//4524 3986//4524 4124//4524
f 4124//4525 3986//4525 4125//4525
f 4124//4526 4125//4526 4126//4526
f 4126//4527 4125//4527 4127//4527
f 4127//4528 4125//4528 4128//4528
f 4127//4529 4128//4529 4129//4529
f 4130//4530 4131//4530 4132//4530
f 4132//4531 4131//4531 4133//4531
f 4132//4532 4133//4532 4134//4532
f 4134//4533 4133//4533 4129//4533
f 4135//4534 4136//4534 4137//4534
f 4137//4535 4136//4535 4138//4535
f 4135//4536 4139//4536 4136//4536
f 4136//4537 4139//4537 4140//4537
f 4136//4538 4140//4538 4141//4538
f 4141//4539 4142//4539 4136//4539
f 4136//4540 4142//4540 4143//4540
f 4136//4541 4143//4541 4144//4541
f 4144//4542 4145//4542 4136//4542
f 4136//4543 4145//4543 4146//4543
f 4136//4544 4146//4544 4132//4544
f 4132//4545 4146//4545 4147//4545
f 4132//4546 4147//4546 4130//4546
f 4129//4547 4128//4547 4134//4547
f 4134//4548 4128//4548 4148//4548
f 4134//4548 4148//4548 4132//4548
f 4132//4549 4148//4549 4149//4549
f 4132//4550 4149//4550 4136//4550
f 4010//4551 4008//4551 4013//4551
f 4013//4552 4008//4552 4150//4552
f 4013//4553 4150//4553 4151//4553
f 4123//4554 4122//4554 3985//4554
f 3985//4555 4122//4555 4152//4555
f 3985//4556 4152//4556 3986//4556
f 3986//4557 4152//4557 4153//4557
f 3986//4557 4153//4557 4125//4557
f 4125//4558 4153//4558 4154//4558
f 4125//4558 4154//4558 4128//4558
f 4128//4559 4154//4559 4155//4559
f 4128//4559 4155//4559 4148//4559
f 4148//4560 4155//4560 4156//4560
f 4148//4561 4156//4561 4149//4561
f 4157//4562 4158//4562 4159//4562
f 4117//4563 4160//4563 3988//4563
f 3988//4564 4160//4564 4161//4564
f 3988//4565 4161//4565 3989//4565
f 3989//4566 4161//4566 4162//4566
f 3989//4566 4162//4566 4122//4566
f 4122//4567 4162//4567 4163//4567
f 4122//4567 4163//4567 4152//4567
f 4152//4568 4163//4568 4164//4568
f 4152//4568 4164//4568 4153//4568
f 4153//4569 4164//4569 4165//4569
f 4153//4569 4165//4569 4154//4569
f 4154//4570 4165//4570 4157//4570
f 4154//4571 4157//4571 4155//4571
f 4155//4572 4157//4572 4159//4572
f 4155//4573 4159//4573 4156//4573
f 4166//4574 4167//4574 4168//4574
f 4117//4575 4119//4575 4160//4575
f 4160//4576 4119//4576 4169//4576
f 4160//4577 4169//4577 4161//4577
f 4161//4578 4169//4578 4170//4578
f 4161//4578 4170//4578 4162//4578
f 4162//4579 4170//4579 4171//4579
f 4162//4579 4171//4579 4163//4579
f 4163//4580 4171//4580 4172//4580
f 4163//4580 4172//4580 4164//4580
f 4164//4581 4172//4581 4173//4581
f 4164//4581 4173//4581 4165//4581
f 4165//4582 4173//4582 4166//4582
f 4165//4582 4166//4582 4157//4582
f 4157//4583 4166//4583 4168//4583
f 4157//4584 4168//4584 4158//4584
f 4150//4585 4174//4585 4151//4585
f 4151//4586 4174//4586 4175//4586
f 4151//4587 4175//4587 4176//4587
f 4176//4588 4175//4588 4177//4588
f 4176//4589 4177//4589 4178//4589
f 4178//4590 4177//4590 4179//4590
f 4178//4591 4179//4591 4180//4591
f 4181//4592 4182//4592 4183//4592
f 4114//4593 4184//4593 4120//4593
f 4120//4594 4184//4594 4185//4594
f 4120//4595 4185//4595 4119//4595
f 4119//4596 4185//4596 4186//4596
f 4119//4597 4186//4597 4169//4597
f 4169//4598 4186//4598 4187//4598
f 4169//4598 4187//4598 4170//4598
f 4170//4599 4187//4599 4188//4599
f 4170//4599 4188//4599 4171//4599
f 4171//4600 4188//4600 4189//4600
f 4171//4600 4189//4600 4172//4600
f 4172//4601 4189//4601 4190//4601
f 4172//4602 4190//4602 4173//4602
f 4173//4603 4190//4603 4181//4603
f 4173//4603 4181//4603 4166//4603
f 4166//4604 4181//4604 4183//4604
f 4166//4605 4183//4605 4167//4605
f 4179//4606 4191//4606 4180//4606
f 4180//4607 4191//4607 4192//4607
f 4180//4608 4192//4608 4193//4608
f 4193//4609 4192//4609 4194//4609
f 4193//4610 4194//4610 4195//4610
f 4114//4611 4116//4611 4184//4611
f 4184//4612 4116//4612 4196//4612
f 4184//4613 4196//4613 4185//4613
f 4185//4614 4196//4614 4197//4614
f 4185//4614 4197//4614 4186//4614
f 4186//4615 4197//4615 4198//4615
f 4186//4615 4198//4615 4187//4615
f 4187//4616 4198//4616 4199//4616
f 4187//4616 4199//4616 4188//4616
f 4188//4617 4199//4617 4200//4617
f 4188//4617 4200//4617 4189//4617
f 4189//4618 4200//4618 4201//4618
f 4189//4618 4201//4618 4190//4618
f 4190//4619 4201//4619 4202//4619
f 4190//4619 4202//4619 4181//4619
f 4181//4620 4202//4620 4203//4620
f 4181//4620 4203//4620 4182//4620
f 4204//4621 4205//4621 4206//4621
f 3991//4622 3993//4622 4116//4622
f 4116//4623 3993//4623 4207//4623
f 4116//4623 4207//4623 4196//4623
f 4196//4624 4207//4624 4208//4624
f 4196//4624 4208//4624 4197//4624
f 4197//4625 4208//4625 4209//4625
f 4197//4625 4209//4625 4198//4625
f 4198//4626 4209//4626 4210//4626
f 4198//4627 4210//4627 4199//4627
f 4199//4628 4210//4628 4211//4628
f 4199//4629 4211//4629 4200//4629
f 4200//4630 4211//4630 4212//4630
f 4200//4630 4212//4630 4201//4630
f 4201//4631 4212//4631 4204//4631
f 4201//4631 4204//4631 4202//4631
f 4202//4632 4204//4632 4206//4632
f 4202//4633 4206//4633 4203//4633
f 4194//4610 4213//4610 4195//4610
f 4195//4634 4213//4634 4214//4634
f 4195//4635 4214//4635 4215//4635
f 4216//4636 4217//4636 4218//4636
f 3992//4637 4107//4637 3993//4637
f 3993//4638 4107//4638 4219//4638
f 3993//4639 4219//4639 4207//4639
f 4207//4640 4219//4640 4220//4640
f 4207//4641 4220//4641 4208//4641
f 4208//4642 4220//4642 4221//4642
f 4208//4642 4221//4642 4209//4642
f 4209//4643 4221//4643 4222//4643
f 4209//4643 4222//4643 4210//4643
f 4210//4644 4222//4644 4223//4644
f 4210//4645 4223//4645 4211//4645
f 4211//4646 4223//4646 4224//4646
f 4211//4646 4224//4646 4212//4646
f 4212//4647 4224//4647 4216//4647
f 4212//4647 4216//4647 4204//4647
f 4204//4648 4216//4648 4218//4648
f 4204//4649 4218//4649 4205//4649
f 4214//4650 4225//4650 4215//4650
f 4215//4651 4225//4651 4226//4651
f 4215//4652 4226//4652 4227//4652
f 4227//4653 4226//4653 4228//4653
f 4227//4654 4228//4654 4229//4654
f 4104//4655 4106//4655 4107//4655
f 4107//4656 4106//4656 4230//4656
f 4107//4656 4230//4656 4219//4656
f 4219//4657 4230//4657 4231//4657
f 4219//4658 4231//4658 4220//4658
f 4220//4659 4231//4659 4232//4659
f 4220//4659 4232//4659 4221//4659
f 4221//4660 4232//4660 4233//4660
f 4221//4660 4233//4660 4222//4660
f 4222//4661 4233//4661 4234//4661
f 4222//4661 4234//4661 4223//4661
f 4223//4662 4234//4662 4235//4662
f 4223//4662 4235//4662 4224//4662
f 4224//4663 4235//4663 3984//4663
f 4224//4663 3984//4663 4216//4663
f 4216//4664 3984//4664 3983//4664
f 4216//4664 3983//4664 4217//4664
f 3994//4665 4034//4665 3995//4665
f 3995//4666 4034//4666 4033//4666
f 3995//4667 4033//4667 3996//4667
f 3996//4667 4033//4667 4236//4667
f 3996//4668 4236//4668 4036//4668
f 4036//4668 4236//4668 4237//4668
f 4036//4669 4237//4669 4041//4669
f 4041//4670 4237//4670 4238//4670
f 4041//4671 4238//4671 4045//4671
f 4045//4671 4238//4671 4239//4671
f 3997//4672 4000//4672 3998//4672
f 3998//4673 4000//4673 4002//4673
f 3998//4674 4002//4674 3999//4674
f 3999//4674 4002//4674 4240//4674
f 3999//4675 4240//4675 4033//4675
f 4033//4676 4240//4676 4241//4676
f 4033//4677 4241//4677 4236//4677
f 4236//4678 4241//4678 4242//4678
f 4236//4679 4242//4679 4237//4679
f 4237//4679 4242//4679 4243//4679
f 4237//4680 4243//4680 4238//4680
f 4238//4680 4243//4680 4244//4680
f 4238//4681 4244//4681 4239//4681
f 4239//4681 4244//4681 4245//4681
f 4000//4682 4030//4682 4001//4682
f 4001//4683 4030//4683 4032//4683
f 4001//4684 4032//4684 4002//4684
f 4002//4684 4032//4684 4246//4684
f 4002//4685 4246//4685 4240//4685
f 4240//4685 4246//4685 4247//4685
f 4240//4686 4247//4686 4241//4686
f 4241//4686 4247//4686 4248//4686
f 4241//4687 4248//4687 4242//4687
f 4242//4687 4248//4687 4249//4687
f 4242//4688 4249//4688 4243//4688
f 4243//4688 4249//4688 4250//4688
f 4243//4689 4250//4689 4244//4689
f 4244//4689 4250//4689 4251//4689
f 4244//4690 4251//4690 4245//4690
f 4245//4690 4251//4690 4252//4690
f 4031//4691 4029//4691 4032//4691
f 4032//4692 4029//4692 4028//4692
f 4032//4693 4028//4693 4246//4693
f 4246//4693 4028//4693 4253//4693
f 4246//4694 4253//4694 4247//4694
f 4247//4694 4253//4694 4254//4694
f 4247//4695 4254//4695 4248//4695
f 4248//4695 4254//4695 4255//4695
f 4248//4696 4255//4696 4249//4696
f 4249//4696 4255//4696 4256//4696
f 4249//4697 4256//4697 4250//4697
f 4250//4697 4256//4697 4257//4697
f 4250//4698 4257//4698 4251//4698
f 4251//4698 4257//4698 4258//4698
f 4251//4699 4258//4699 4252//4699
f 4252//4699 4258//4699 4259//4699
f 4260//4700 4261//4700 4262//4700
f 4262//4701 4261//4701 3982//4701
f 3982//4702 3984//4702 4262//4702
f 4262//4703 3984//4703 4235//4703
f 4262//4703 4235//4703 4263//4703
f 4263//4704 4235//4704 4234//4704
f 4263//4704 4234//4704 4264//4704
f 4264//4705 4234//4705 4233//4705
f 4264//4705 4233//4705 4265//4705
f 4265//4706 4233//4706 4232//4706
f 4265//4706 4232//4706 4266//4706
f 4266//4707 4232//4707 4231//4707
f 4266//4707 4231//4707 4267//4707
f 4267//4708 4231//4708 4230//4708
f 4267//4708 4230//4708 4268//4708
f 4268//4709 4230//4709 4106//4709
f 4268//4709 4106//4709 4269//4709
f 4269//4710 4106//4710 4099//4710
f 4269//4710 4099//4710 4270//4710
f 4270//4711 4099//4711 4090//4711
f 4270//4711 4090//4711 4271//4711
f 4271//4712 4090//4712 4092//4712
f 4271//4712 4092//4712 4272//4712
f 4272//4713 4092//4713 4094//4713
f 4272//4713 4094//4713 4273//4713
f 4273//4714 4094//4714 4088//4714
f 4273//4714 4088//4714 4274//4714
f 4274//4715 4088//4715 4086//4715
f 4274//4715 4086//4715 4275//4715
f 4275//4716 4086//4716 4084//4716
f 4275//4716 4084//4716 4276//4716
f 4276//4717 4084//4717 4078//4717
f 4276//4717 4078//4717 4277//4717
f 4277//4718 4078//4718 4080//4718
f 4277//4718 4080//4718 4278//4718
f 4278//4719 4080//4719 4073//4719
f 4278//4719 4073//4719 4279//4719
f 4279//4720 4073//4720 4070//4720
f 4279//4720 4070//4720 4280//4720
f 4280//4721 4070//4721 4065//4721
f 4280//4721 4065//4721 4281//4721
f 4281//4722 4065//4722 4067//4722
f 4281//4722 4067//4722 4282//4722
f 4282//4723 4067//4723 4062//4723
f 4282//4723 4062//4723 4283//4723
f 4283//4724 4062//4724 4055//4724
f 4283//4724 4055//4724 4284//4724
f 4284//4725 4055//4725 4057//4725
f 4284//4725 4057//4725 4285//4725
f 4285//4726 4057//4726 4059//4726
f 4285//4726 4059//4726 4286//4726
f 4286//4727 4059//4727 4047//4727
f 4286//4727 4047//4727 4287//4727
f 4287//4728 4047//4728 4045//4728
f 4287//4728 4045//4728 4288//4728
f 4288//4729 4045//4729 4239//4729
f 4288//4729 4239//4729 4289//4729
f 4289//4730 4239//4730 4245//4730
f 4289//4731 4245//4731 4290//4731
f 4290//4732 4245//4732 4252//4732
f 4290//4732 4252//4732 4291//4732
f 4291//4733 4252//4733 4259//4733
f 4291//4733 4259//4733 4292//4733
f 4228//4654 4293//4654 4229//4654
f 4229//4734 4293//4734 4294//4734
f 4229//4735 4294//4735 4295//4735
f 4296//4736 4297//4736 4298//4736
f 4298//4737 4297//4737 4260//4737
f 4260//4738 4262//4738 4298//4738
f 4298//4739 4262//4739 4263//4739
f 4298//4739 4263//4739 4299//4739
f 4299//4740 4263//4740 4264//4740
f 4299//4740 4264//4740 4300//4740
f 4300//4741 4264//4741 4265//4741
f 4300//4741 4265//4741 4301//4741
f 4301//4742 4265//4742 4266//4742
f 4301//4742 4266//4742 4302//4742
f 4302//4743 4266//4743 4267//4743
f 4302//4743 4267//4743 4303//4743
f 4303//4744 4267//4744 4268//4744
f 4303//4744 4268//4744 4304//4744
f 4304//4745 4268//4745 4269//4745
f 4304//4745 4269//4745 4305//4745
f 4305//4746 4269//4746 4270//4746
f 4305//4746 4270//4746 4306//4746
f 4306//4747 4270//4747 4271//4747
f 4306//4748 4271//4748 4307//4748
f 4307//4749 4271//4749 4272//4749
f 4307//4749 4272//4749 4308//4749
f 4308//4750 4272//4750 4273//4750
f 4308//4750 4273//4750 4309//4750
f 4309//4751 4273//4751 4274//4751
f 4309//4751 4274//4751 4310//4751
f 4310//4752 4274//4752 4275//4752
f 4310//4752 4275//4752 4311//4752
f 4311//4753 4275//4753 4276//4753
f 4311//4754 4276//4754 4312//4754
f 4312//4755 4276//4755 4277//4755
f 4312//4755 4277//4755 4313//4755
f 4313//4756 4277//4756 4278//4756
f 4313//4756 4278//4756 4314//4756
f 4314//4757 4278//4757 4279//4757
f 4314//4757 4279//4757 4315//4757
f 4315//4758 4279//4758 4280//4758
f 4315//4758 4280//4758 4316//4758
f 4316//4759 4280//4759 4281//4759
f 4316//4759 4281//4759 4317//4759
f 4317//4760 4281//4760 4282//4760
f 4317//4761 4282//4761 4318//4761
f 4318//4762 4282//4762 4283//4762
f 4318//4762 4283//4762 4319//4762
f 4319//4763 4283//4763 4284//4763
f 4319//4764 4284//4764 4320//4764
f 4320//4765 4284//4765 4285//4765
f 4320//4765 4285//4765 4321//4765
f 4321//4766 4285//4766 4286//4766
f 4321//4766 4286//4766 4322//4766
f 4322//4767 4286//4767 4287//4767
f 4322//4767 4287//4767 4323//4767
f 4323//4768 4287//4768 4288//4768
f 4323//4768 4288//4768 4324//4768
f 4324//4769 4288//4769 4289//4769
f 4324//4769 4289//4769 4325//4769
f 4325//4770 4289//4770 4290//4770
f 4325//4770 4290//4770 4326//4770
f 4326//4771 4290//4771 4291//4771
f 4326//4771 4291//4771 4327//4771
f 4327//4772 4291//4772 4292//4772
f 4327//4772 4292//4772 4328//4772
f 4294//4773 4329//4773 4295//4773
f 4295//4774 4329//4774 4330//4774
f 4295//4775 4330//4775 4331//4775
f 3980//4776 4332//4776 4333//4776
f 4333//4777 4332//4777 4296//4777
f 4296//4778 4298//4778 4333//4778
f 4333//4779 4298//4779 4299//4779
f 4333//4780 4299//4780 4334//4780
f 4334//4781 4299//4781 4300//4781
f 4334//4781 4300//4781 4335//4781
f 4335//4782 4300//4782 4301//4782
f 4335//4782 4301//4782 4336//4782
f 4336//4783 4301//4783 4302//4783
f 4336//4784 4302//4784 4337//4784
f 4337//4785 4302//4785 4303//4785
f 4337//4785 4303//4785 4338//4785
f 4338//4786 4303//4786 4304//4786
f 4338//4786 4304//4786 4339//4786
f 4339//4787 4304//4787 4305//4787
f 4339//4787 4305//4787 4340//4787
f 4340//4788 4305//4788 4306//4788
f 4340//4788 4306//4788 4341//4788
f 4341//4789 4306//4789 4307//4789
f 4341//4789 4307//4789 4342//4789
f 4342//4790 4307//4790 4308//4790
f 4342//4790 4308//4790 4343//4790
f 4343//4791 4308//4791 4309//4791
f 4343//4791 4309//4791 4344//4791
f 4344//4792 4309//4792 4310//4792
f 4344//4792 4310//4792 4345//4792
f 4345//4793 4310//4793 4311//4793
f 4345//4793 4311//4793 4346//4793
f 4346//4794 4311//4794 4312//4794
f 4346//4794 4312//4794 4347//4794
f 4347//4795 4312//4795 4313//4795
f 4347//4795 4313//4795 4348//4795
f 4348//4796 4313//4796 4314//4796
f 4348//4797 4314//4797 4349//4797
f 4349//4798 4314//4798 4315//4798
f 4349//4798 4315//4798 4350//4798
f 4350//4799 4315//4799 4316//4799
f 4350//4800 4316//4800 4351//4800
f 4351//4801 4316//4801 4317//4801
f 4351//4801 4317//4801 4352//4801
f 4352//4802 4317//4802 4318//4802
f 4352//4802 4318//4802 4353//4802
f 4353//4803 4318//4803 4319//4803
f 4353//4803 4319//4803 4354//4803
f 4354//4804 4319//4804 4320//4804
f 4354//4804 4320//4804 4355//4804
f 4355//4805 4320//4805 4321//4805
f 4355//4806 4321//4806 4356//4806
f 4356//4807 4321//4807 4322//4807
f 4356//4807 4322//4807 4357//4807
f 4357//4808 4322//4808 4323//4808
f 4357//4808 4323//4808 4358//4808
f 4358//4809 4323//4809 4324//4809
f 4358//4809 4324//4809 4359//4809
f 4359//4810 4324//4810 4325//4810
f 4359//4810 4325//4810 4360//4810
f 4360//4811 4325//4811 4326//4811
f 4360//4811 4326//4811 4361//4811
f 4361//4812 4326//4812 4327//4812
f 4361//4812 4327//4812 4362//4812
f 4362//4813 4327//4813 4328//4813
f 4362//4814 4328//4814 4363//4814
f 4330//4815 4364//4815 4331//4815
f 4331//4816 4364//4816 4365//4816
f 4331//4817 4365//4817 4366//4817
f 4366//4818 4365//4818 4367//4818
f 4366//4819 4367//4819 4368//4819
f 3980//4776 4333//4776 3981//4776
f 3981//4820 4333//4820 4334//4820
f 3981//4820 4334//4820 4369//4820
f 4369//4821 4334//4821 4335//4821
f 4369//4821 4335//4821 4370//4821
f 4370//4822 4335//4822 4336//4822
f 4370//4822 4336//4822 4371//4822
f 4371//4823 4336//4823 4337//4823
f 4371//4823 4337//4823 4372//4823
f 4372//4824 4337//4824 4338//4824
f 4372//4824 4338//4824 4373//4824
f 4373//4825 4338//4825 4339//4825
f 4373//4825 4339//4825 4374//4825
f 4374//4826 4339//4826 4340//4826
f 4374//4826 4340//4826 4375//4826
f 4375//4827 4340//4827 4341//4827
f 4375//4827 4341//4827 4376//4827
f 4376//4828 4341//4828 4342//4828
f 4376//4828 4342//4828 4377//4828
f 4377//4829 4342//4829 4343//4829
f 4377//4829 4343//4829 4378//4829
f 4378//4830 4343//4830 4344//4830
f 4378//4831 4344//4831 4379//4831
f 4379//4832 4344//4832 4345//4832
f 4379//4832 4345//4832 4380//4832
f 4380//4833 4345//4833 4346//4833
f 4380//4833 4346//4833 4381//4833
f 4381//4834 4346//4834 4347//4834
f 4381//4834 4347//4834 4382//4834
f 4382//4835 4347//4835 4348//4835
f 4382//4835 4348//4835 4383//4835
f 4383//4836 4348//4836 4349//4836
f 4383//4836 4349//4836 4384//4836
f 4384//4837 4349//4837 4350//4837
f 4384//4837 4350//4837 4385//4837
f 4385//4838 4350//4838 4351//4838
f 4385//4838 4351//4838 4386//4838
f 4386//4839 4351//4839 4352//4839
f 4386//4839 4352//4839 4387//4839
f 4387//4840 4352//4840 4353//4840
f 4387//4840 4353//4840 4388//4840
f 4388//4841 4353//4841 4354//4841
f 4388//4841 4354//4841 4389//4841
f 4389//4842 4354//4842 4355//4842
f 4389//4842 4355//4842 4390//4842
f 4390//4843 4355//4843 4356//4843
f 4390//4843 4356//4843 4391//4843
f 4391//4844 4356//4844 4357//4844
f 4391//4844 4357//4844 4392//4844
f 4392//4845 4357//4845 4358//4845
f 4392//4845 4358//4845 4393//4845
f 4393//4846 4358//4846 4359//4846
f 4393//4846 4359//4846 4394//4846
f 4394//4847 4359//4847 4360//4847
f 4394//4847 4360//4847 4395//4847
f 4395//4848 4360//4848 4361//4848
f 4395//4848 4361//4848 4396//4848
f 4396//4849 4361//4849 4362//4849
f 4396//4849 4362//4849 4397//4849
f 4397//4850 4362//4850 4363//4850
f 4397//4850 4363//4850 4398//4850
f 4399//4851 4400//4851 4401//4851
f 4401//4852 4400//4852 3979//4852
f 3979//4853 3981//4853 4401//4853
f 4401//4854 3981//4854 4369//4854
f 4401//4854 4369//4854 4402//4854
f 4402//4855 4369//4855 4370//4855
f 4402//4855 4370//4855 4403//4855
f 4403//4856 4370//4856 4371//4856
f 4403//4856 4371//4856 4404//4856
f 4404//4857 4371//4857 4372//4857
f 4404//4858 4372//4858 4405//4858
f 4405//4859 4372//4859 4373//4859
f 4405//4859 4373//4859 4406//4859
f 4406//4860 4373//4860 4374//4860
f 4406//4861 4374//4861 4407//4861
f 4407//4862 4374//4862 4375//4862
f 4407//4862 4375//4862 4408//4862
f 4408//4863 4375//4863 4376//4863
f 4408//4863 4376//4863 4409//4863
f 4409//4864 4376//4864 4377//4864
f 4409//4864 4377//4864 4410//4864
f 4410//4865 4377//4865 4378//4865
f 4410//4865 4378//4865 4411//4865
f 4411//4866 4378//4866 4379//4866
f 4411//4866 4379//4866 4412//4866
f 4412//4867 4379//4867 4380//4867
f 4412//4867 4380//4867 4413//4867
f 4413//4868 4380//4868 4381//4868
f 4413//4868 4381//4868 4414//4868
f 4414//4869 4381//4869 4382//4869
f 4414//4870 4382//4870 4415//4870
f 4415//4871 4382//4871 4383//4871
f 4415//4871 4383//4871 4416//4871
f 4416//4872 4383//4872 4384//4872
f 4416//4872 4384//4872 4417//4872
f 4417//4873 4384//4873 4385//4873
f 4417//4873 4385//4873 4418//4873
f 4418//4874 4385//4874 4386//4874
f 4418//4874 4386//4874 4419//4874
f 4419//4875 4386//4875 4387//4875
f 4419//4875 4387//4875 4420//4875
f 4420//4876 4387//4876 4388//4876
f 4420//4876 4388//4876 4421//4876
f 4421//4877 4388//4877 4389//4877
f 4421//4877 4389//4877 4422//4877
f 4422//4878 4389//4878 4390//4878
f 4422//4878 4390//4878 4423//4878
f 4423//4879 4390//4879 4391//4879
f 4423//4879 4391//4879 4424//4879
f 4424//4880 4391//4880 4392//4880
f 4424//4880 4392//4880 4425//4880
f 4425//4881 4392//4881 4393//4881
f 4425//4881 4393//4881 4426//4881
f 4426//4882 4393//4882 4394//4882
f 4426//4883 4394//4883 4427//4883
f 4427//4884 4394//4884 4395//4884
f 4427//4884 4395//4884 4428//4884
f 4428//4885 4395//4885 4396//4885
f 4428//4885 4396//4885 4429//4885
f 4429//4886 4396//4886 4397//4886
f 4429//4887 4397//4887 4430//4887
f 4430//4888 4397//4888 4398//4888
f 4430//4889 4398//4889 4431//4889
f 4367//4819 4432//4819 4368//4819
f 4368//4890 4432//4890 4433//4890
f 4368//4891 4433//4891 4434//4891
f 4435//4892 4436//4892 4399//4892
f 4399//4893 4401//4893 4435//4893
f 4435//4894 4401//4894 4402//4894
f 4435//4894 4402//4894 4437//4894
f 4437//4895 4402//4895 4403//4895
f 4437//4895 4403//4895 4438//4895
f 4438//4896 4403//4896 4404//4896
f 4438//4896 4404//4896 4439//4896
f 4439//4897 4404//4897 4405//4897
f 4439//4897 4405//4897 4440//4897
f 4440//4898 4405//4898 4406//4898
f 4440//4898 4406//4898 4441//4898
f 4441//4899 4406//4899 4407//4899
f 4441//4899 4407//4899 4442//4899
f 4442//4900 4407//4900 4408//4900
f 4442//4900 4408//4900 4443//4900
f 4443//4901 4408//4901 4409//4901
f 4443//4901 4409//4901 4444//4901
f 4444//4902 4409//4902 4410//4902
f 4444//4902 4410//4902 4445//4902
f 4445//4903 4410//4903 4411//4903
f 4445//4904 4411//4904 4446//4904
f 4446//4905 4411//4905 4412//4905
f 4446//4905 4412//4905 4447//4905
f 4447//4906 4412//4906 4413//4906
f 4447//4906 4413//4906 4448//4906
f 4448//4907 4413//4907 4414//4907
f 4448//4907 4414//4907 4449//4907
f 4449//4908 4414//4908 4415//4908
f 4449//4908 4415//4908 4450//4908
f 4450//4909 4415//4909 4416//4909
f 4450//4909 4416//4909 4451//4909
f 4451//4910 4416//4910 4417//4910
f 4451//4910 4417//4910 4452//4910
f 4452//4911 4417//4911 4418//4911
f 4452//4911 4418//4911 4453//4911
f 4453//4912 4418//4912 4419//4912
f 4453//4912 4419//4912 4454//4912
f 4454//4913 4419//4913 4420//4913
f 4454//4913 4420//4913 4455//4913
f 4455//4914 4420//4914 4421//4914
f 4455//4914 4421//4914 4456//4914
f 4456//4915 4421//4915 4422//4915
f 4456//4915 4422//4915 4457//4915
f 4457//4916 4422//4916 4423//4916
f 4457//4916 4423//4916 4458//4916
f 4458//4917 4423//4917 4424//4917
f 4458//4918 4424//4918 4459//4918
f 4459//4919 4424//4919 4425//4919
f 4459//4919 4425//4919 4460//4919
f 4460//4920 4425//4920 4426//4920
f 4460//4920 4426//4920 4461//4920
f 4461//4921 4426//4921 4427//4921
f 4461//4921 4427//4921 4462//4921
f 4462//4922 4427//4922 4428//4922
f 4462//4922 4428//4922 4463//4922
f 4463//4923 4428//4923 4429//4923
f 4463//4923 4429//4923 4464//4923
f 4464//4924 4429//4924 4430//4924
f 4464//4924 4430//4924 4465//4924
f 4465//4925 4430//4925 4431//4925
f 4465//4926 4431//4926 4466//4926
f 4433//4927 4467//4927 4434//4927
f 4434//4928 4467//4928 4468//4928
f 4434//4929 4468//4929 4469//4929
f 4470//4930 4471//4930 4436//4930
f 4436//4931 4435//4931 4470//4931
f 4470//4932 4435//4932 4437//4932
f 4470//4932 4437//4932 4472//4932
f 4472//4933 4437//4933 4438//4933
f 4472//4933 4438//4933 4473//4933
f 4473//4934 4438//4934 4439//4934
f 4473//4934 4439//4934 4474//4934
f 4474//4935 4439//4935 4440//4935
f 4474//4935 4440//4935 4475//4935
f 4475//4936 4440//4936 4441//4936
f 4475//4936 4441//4936 4476//4936
f 4476//4937 4441//4937 4442//4937
f 4476//4937 4442//4937 4477//4937
f 4477//4938 4442//4938 4443//4938
f 4477//4938 4443//4938 4478//4938
f 4478//4939 4443//4939 4444//4939
f 4478//4939 4444//4939 4479//4939
f 4479//4940 4444//4940 4445//4940
f 4479//4940 4445//4940 4480//4940
f 4480//4941 4445//4941 4446//4941
f 4480//4941 4446//4941 4481//4941
f 4481//4942 4446//4942 4447//4942
f 4481//4942 4447//4942 4482//4942
f 4482//4943 4447//4943 4448//4943
f 4482//4943 4448//4943 4483//4943
f 4483//4944 4448//4944 4449//4944
f 4483//4944 4449//4944 4484//4944
f 4484//4945 4449//4945 4450//4945
f 4484//4945 4450//4945 4485//4945
f 4485//4946 4450//4946 4451//4946
f 4485//4946 4451//4946 4486//4946
f 4486//4947 4451//4947 4452//4947
f 4486//4947 4452//4947 4487//4947
f 4487//4948 4452//4948 4453//4948
f 4487//4948 4453//4948 4488//4948
f 4488//4949 4453//4949 4454//4949
f 4488//4949 4454//4949 4489//4949
f 4489//4950 4454//4950 4455//4950
f 4489//4950 4455//4950 4490//4950
f 4490//4951 4455//4951 4456//4951
f 4490//4951 4456//4951 4491//4951
f 4491//4952 4456//4952 4457//4952
f 4491//4953 4457//4953 4492//4953
f 4492//4954 4457//4954 4458//4954
f 4492//4954 4458//4954 4493//4954
f 4493//4955 4458//4955 4459//4955
f 4493//4955 4459//4955 4494//4955
f 4494//4956 4459//4956 4460//4956
f 4494//4956 4460//4956 4495//4956
f 4495//4957 4460//4957 4461//4957
f 4495//4957 4461//4957 4496//4957
f 4496//4958 4461//4958 4462//4958
f 4496//4958 4462//4958 4497//4958
f 4497//4959 4462//4959 4463//4959
f 4497//4959 4463//4959 4498//4959
f 4498//4960 4463//4960 4464//4960
f 4498//4960 4464//4960 4499//4960
f 4499//4961 4464//4961 4465//4961
f 4499//4961 4465//4961 4500//4961
f 4500//4962 4465//4962 4466//4962
f 4500//4962 4466//4962 4501//4962
f 4502//4963 4503//4963 3977//4963
f 3977//4964 4503//4964 4471//4964
f 4471//4965 4470//4965 3977//4965
f 3977//4966 4470//4966 4472//4966
f 3977//4967 4472//4967 3978//4967
f 3978//4968 4472//4968 4473//4968
f 3978//4968 4473//4968 4504//4968
f 4504//4969 4473//4969 4474//4969
f 4504//4969 4474//4969 4505//4969
f 4505//4970 4474//4970 4475//4970
f 4505//4970 4475//4970 4506//4970
f 4506//4971 4475//4971 4476//4971
f 4506//4972 4476//4972 4507//4972
f 4507//4973 4476//4973 4477//4973
f 4507//4973 4477//4973 4508//4973
f 4508//4974 4477//4974 4478//4974
f 4508//4975 4478//4975 4509//4975
f 4509//4976 4478//4976 4479//4976
f 4509//4977 4479//4977 4510//4977
f 4510//4978 4479//4978 4480//4978
f 4510//4978 4480//4978 4511//4978
f 4511//4979 4480//4979 4481//4979
f 4511//4979 4481//4979 4512//4979
f 4512//4980 4481//4980 4482//4980
f 4512//4980 4482//4980 4513//4980
f 4513//4981 4482//4981 4483//4981
f 4513//4981 4483//4981 4514//4981
f 4514//4982 4483//4982 4484//4982
f 4514//4982 4484//4982 4515//4982
f 4515//4983 4484//4983 4485//4983
f 4515//4984 4485//4984 4516//4984
f 4516//4985 4485//4985 4486//4985
f 4516//4985 4486//4985 4517//4985
f 4517//4986 4486//4986 4487//4986
f 4517//4986 4487//4986 4518//4986
f 4518//4987 4487//4987 4488//4987
f 4518//4987 4488//4987 4519//4987
f 4519//4988 4488//4988 4489//4988
f 4519//4988 4489//4988 4520//4988
f 4520//4989 4489//4989 4490//4989
f 4520//4989 4490//4989 4521//4989
f 4521//4990 4490//4990 4491//4990
f 4521//4990 4491//4990 4522//4990
f 4522//4991 4491//4991 4492//4991
f 4522//4991 4492//4991 4523//4991
f 4523//4992 4492//4992 4493//4992
f 4523//4992 4493//4992 4524//4992
f 4524//4993 4493//4993 4494//4993
f 4524//4993 4494//4993 4525//4993
f 4525//4994 4494//4994 4495//4994
f 4525//4994 4495//4994 4526//4994
f 4526//4995 4495//4995 4496//4995
f 4526//4995 4496//4995 4527//4995
f 4527//4996 4496//4996 4497//4996
f 4527//4997 4497//4997 4528//4997
f 4528//4998 4497//4998 4498//4998
f 4528//4998 4498//4998 4529//4998
f 4529//4999 4498//4999 4499//4999
f 4529//4999 4499//4999 4530//4999
f 4530//5000 4499//5000 4500//5000
f 4530//5001 4500//5001 4531//5001
f 4531//5002 4500//5002 4501//5002
f 4531//5002 4501//5002 4532//5002
f 3976//5003 3978//5003 4533//5003
f 4533//5004 3978//5004 4504//5004
f 4533//5004 4504//5004 4534//5004
f 4534//5005 4504//5005 4505//5005
f 4534//5005 4505//5005 4535//5005
f 4535//5006 4505//5006 4506//5006
f 4535//5006 4506//5006 4536//5006
f 4536//5007 4506//5007 4507//5007
f 4536//5007 4507//5007 4537//5007
f 4537//5008 4507//5008 4508//5008
f 4537//5008 4508//5008 4538//5008
f 4538//5009 4508//5009 4509//5009
f 4538//5009 4509//5009 4539//5009
f 4539//5010 4509//5010 4510//5010
f 4539//5010 4510//5010 4540//5010
f 4540//5011 4510//5011 4511//5011
f 4540//5011 4511//5011 4541//5011
f 4541//5012 4511//5012 4512//5012
f 4541//5012 4512//5012 4542//5012
f 4542//5013 4512//5013 4513//5013
f 4542//5013 4513//5013 4543//5013
f 4543//5014 4513//5014 4514//5014
f 4543//5014 4514//5014 4544//5014
f 4544//5015 4514//5015 4515//5015
f 4544//5015 4515//5015 4545//5015
f 4545//5016 4515//5016 4516//5016
f 4545//5016 4516//5016 4546//5016
f 4546//5017 4516//5017 4517//5017
f 4546//5017 4517//5017 4547//5017
f 4547//5018 4517//5018 4518//5018
f 4547//5018 4518//5018 4548//5018
f 4548//5019 4518//5019 4519//5019
f 4548//5020 4519//5020 4549//5020
f 4549//5021 4519//5021 4520//5021
f 4549//5021 4520//5021 4550//5021
f 4550//5022 4520//5022 4521//5022
f 4550//5022 4521//5022 4551//5022
f 4551//5023 4521//5023 4522//5023
f 4551//5023 4522//5023 4552//5023
f 4552//5024 4522//5024 4523//5024
f 4552//5024 4523//5024 4553//5024
f 4553//5025 4523//5025 4524//5025
f 4553//5025 4524//5025 4554//5025
f 4554//5026 4524//5026 4525//5026
f 4554//5026 4525//5026 4555//5026
f 4555//5027 4525//5027 4526//5027
f 4555//5028 4526//5028 4556//5028
f 4556//5029 4526//5029 4527//5029
f 4556//5030 4527//5030 4557//5030
f 4557//5031 4527//5031 4528//5031
f 4557//5031 4528//5031 4558//5031
f 4558//5032 4528//5032 4529//5032
f 4558//5032 4529//5032 4559//5032
f 4559//5033 4529//5033 4530//5033
f 4559//5033 4530//5033 4560//5033
f 4560//5034 4530//5034 4531//5034
f 4560//5034 4531//5034 4561//5034
f 4561//5035 4531//5035 4532//5035
f 4561//5035 4532//5035 4562//5035
f 4468//5036 4563//5036 4469//5036
f 4469//5037 4563//5037 4564//5037
f 4469//5038 4564//5038 4565//5038
f 4565//5039 4564//5039 4566//5039
f 4565//5040 4566//5040 4567//5040
f 4567//5041 4566//5041 4568//5041
f 4567//5042 4568//5042 4569//5042
f 4570//5043 4571//5043 4572//5043
f 4502//5044 3977//5044 4572//5044
f 4572//5045 3977//5045 3976//5045
f 4572//5046 3976//5046 4570//5046
f 4570//5047 3976//5047 4533//5047
f 4570//5047 4533//5047 4573//5047
f 4573//5048 4533//5048 4534//5048
f 4573//5049 4534//5049 4574//5049
f 4574//5050 4534//5050 4535//5050
f 4574//5050 4535//5050 4575//5050
f 4575//5051 4535//5051 4536//5051
f 4575//5051 4536//5051 4576//5051
f 4576//5052 4536//5052 4537//5052
f 4576//5053 4537//5053 4577//5053
f 4577//5054 4537//5054 4538//5054
f 4577//5054 4538//5054 4578//5054
f 4578//5055 4538//5055 4539//5055
f 4578//5056 4539//5056 4579//5056
f 4579//5057 4539//5057 4540//5057
f 4579//5058 4540//5058 4580//5058
f 4580//5059 4540//5059 4541//5059
f 4580//5060 4541//5060 4581//5060
f 4581//5061 4541//5061 4542//5061
f 4581//5061 4542//5061 4582//5061
f 4582//5062 4542//5062 4543//5062
f 4582//5062 4543//5062 4583//5062
f 4583//5063 4543//5063 4544//5063
f 4583//5063 4544//5063 4584//5063
f 4584//5064 4544//5064 4545//5064
f 4584//5064 4545//5064 4585//5064
f 4585//5065 4545//5065 4546//5065
f 4585//5066 4546//5066 4586//5066
f 4586//5067 4546//5067 4547//5067
f 4586//5067 4547//5067 4587//5067
f 4587//5068 4547//5068 4548//5068
f 4587//5068 4548//5068 4588//5068
f 4588//5069 4548//5069 4549//5069
f 4588//5069 4549//5069 4589//5069
f 4589//5070 4549//5070 4550//5070
f 4589//5070 4550//5070 4590//5070
f 4590//5071 4550//5071 4551//5071
f 4590//5071 4551//5071 4591//5071
f 4591//5072 4551//5072 4552//5072
f 4591//5072 4552//5072 4592//5072
f 4592//5073 4552//5073 4553//5073
f 4592//5073 4553//5073 4593//5073
f 4593//5074 4553//5074 4554//5074
f 4593//5074 4554//5074 4594//5074
f 4594//5075 4554//5075 4555//5075
f 4594//5076 4555//5076 4595//5076
f 4595//5077 4555//5077 4556//5077
f 4595//5077 4556//5077 4596//5077
f 4596//5078 4556//5078 4557//5078
f 4596//5078 4557//5078 4597//5078
f 4597//5079 4557//5079 4558//5079
f 4597//5079 4558//5079 4598//5079
f 4598//5080 4558//5080 4559//5080
f 4598//5081 4559//5081 4599//5081
f 4599//5082 4559//5082 4560//5082
f 4599//5082 4560//5082 4600//5082
f 4600//5083 4560//5083 4561//5083
f 4600//5084 4561//5084 4601//5084
f 4601//5085 4561//5085 4562//5085
f 4601//5086 4562//5086 4602//5086
f 4571//5087 4570//5087 4603//5087
f 4603//5088 4570//5088 4573//5088
f 4603//5089 4573//5089 4604//5089
f 4604//5090 4573//5090 4574//5090
f 4604//5090 4574//5090 4605//5090
f 4605//5091 4574//5091 4575//5091
f 4605//5091 4575//5091 4606//5091
f 4606//5092 4575//5092 4576//5092
f 4606//5093 4576//5093 4607//5093
f 4607//5094 4576//5094 4577//5094
f 4607//5094 4577//5094 4608//5094
f 4608//5095 4577//5095 4578//5095
f 4608//5096 4578//5096 4609//5096
f 4609//5097 4578//5097 4579//5097
f 4609//5097 4579//5097 4610//5097
f 4610//5098 4579//5098 4580//5098
f 4610//5098 4580//5098 4611//5098
f 4611//5099 4580//5099 4581//5099
f 4611//5099 4581//5099 4612//5099
f 4612//5100 4581//5100 4582//5100
f 4612//5100 4582//5100 4613//5100
f 4613//5101 4582//5101 4583//5101
f 4613//5101 4583//5101 4614//5101
f 4614//5102 4583//5102 4584//5102
f 4614//5102 4584//5102 4615//5102
f 4615//5103 4584//5103 4585//5103
f 4615//5104 4585//5104 4616//5104
f 4616//5105 4585//5105 4586//5105
f 4616//5105 4586//5105 4617//5105
f 4617//5106 4586//5106 4587//5106
f 4617//5106 4587//5106 4618//5106
f 4618//5107 4587//5107 4588//5107
f 4618//5107 4588//5107 4619//5107
f 4619//5108 4588//5108 4589//5108
f 4619//5108 4589//5108 4620//5108
f 4620//5109 4589//5109 4590//5109
f 4620//5109 4590//5109 4621//5109
f 4621//5110 4590//5110 4591//5110
f 4621//5110 4591//5110 4622//5110
f 4622//5111 4591//5111 4592//5111
f 4622//5111 4592//5111 4623//5111
f 4623//5112 4592//5112 4593//5112
f 4623//5113 4593//5113 4624//5113
f 4624//5114 4593//5114 4594//5114
f 4624//5114 4594//5114 4625//5114
f 4625//5115 4594//5115 4595//5115
f 4625//5116 4595//5116 4626//5116
f 4626//5117 4595//5117 4596//5117
f 4626//5117 4596//5117 4627//5117
f 4627//5118 4596//5118 4597//5118
f 4627//5118 4597//5118 4628//5118
f 4628//5119 4597//5119 4598//5119
f 4628//5120 4598//5120 4629//5120
f 4629//5121 4598//5121 4599//5121
f 4629//5121 4599//5121 4630//5121
f 4630//5122 4599//5122 4600//5122
f 4630//5122 4600//5122 4631//5122
f 4631//5123 4600//5123 4601//5123
f 4631//5123 4601//5123 4632//5123
f 4632//5124 4601//5124 4602//5124
f 4632//5125 4602//5125 4633//5125
f 3974//5126 4634//5126 4603//5126
f 4603//5127 4634//5127 4635//5127
f 4603//5128 4635//5128 4571//5128
f 3974//5129 4603//5129 3975//5129
f 3975//5130 4603//5130 4604//5130
f 3975//5130 4604//5130 4636//5130
f 4636//5131 4604//5131 4605//5131
f 4636//5132 4605//5132 4637//5132
f 4637//5133 4605//5133 4606//5133
f 4637//5133 4606//5133 4638//5133
f 4638//5134 4606//5134 4607//5134
f 4638//5135 4607//5135 4639//5135
f 4639//5136 4607//5136 4608//5136
f 4639//5136 4608//5136 4640//5136
f 4640//5137 4608//5137 4609//5137
f 4640//5137 4609//5137 4641//5137
f 4641//5138 4609//5138 4610//5138
f 4641//5138 4610//5138 4642//5138
f 4642//5139 4610//5139 4611//5139
f 4642//5140 4611//5140 4643//5140
f 4643//5141 4611//5141 4612//5141
f 4643//5141 4612//5141 4644//5141
f 4644//5142 4612//5142 4613//5142
f 4644//5142 4613//5142 4645//5142
f 4645//5143 4613//5143 4614//5143
f 4645//5143 4614//5143 4646//5143
f 4646//5144 4614//5144 4615//5144
f 4646//5144 4615//5144 4647//5144
f 4647//5145 4615//5145 4616//5145
f 4647//5145 4616//5145 4648//5145
f 4648//5146 4616//5146 4617//5146
f 4648//5147 4617//5147 4649//5147
f 4649//5148 4617//5148 4618//5148
f 4649//5148 4618//5148 4650//5148
f 4650//5149 4618//5149 4619//5149
f 4650//5150 4619//5150 4651//5150
f 4651//5151 4619//5151 4620//5151
f 4651//5151 4620//5151 4652//5151
f 4652//5152 4620//5152 4621//5152
f 4652//5152 4621//5152 4653//5152
f 4653//5153 4621//5153 4622//5153
f 4653//5153 4622//5153 4654//5153
f 4654//5154 4622//5154 4623//5154
f 4654//5154 4623//5154 4655//5154
f 4655//5155 4623//5155 4624//5155
f 4655//5155 4624//5155 4656//5155
f 4656//5156 4624//5156 4625//5156
f 4656//5156 4625//5156 4657//5156
f 4657//5157 4625//5157 4626//5157
f 4657//5158 4626//5158 4658//5158
f 4658//5159 4626//5159 4627//5159
f 4658//5159 4627//5159 4659//5159
f 4659//5160 4627//5160 4628//5160
f 4659//5160 4628//5160 4660//5160
f 4660//5161 4628//5161 4629//5161
f 4660//5162 4629//5162 4661//5162
f 4661//5163 4629//5163 4630//5163
f 4661//5164 4630//5164 4662//5164
f 4662//5165 4630//5165 4631//5165
f 4662//5165 4631//5165 4663//5165
f 4663//5166 4631//5166 4632//5166
f 4663//5166 4632//5166 4664//5166
f 4664//5167 4632//5167 4633//5167
f 4664//5168 4633//5168 4665//5168
f 4568//5169 4666//5169 4569//5169
f 4569//5170 4666//5170 4667//5170
f 4569//5171 4667//5171 4668//5171
f 4668//5172 4667//5172 4669//5172
f 4668//5173 4669//5173 4670//5173
f 4670//5174 4669//5174 4671//5174
f 4670//5175 4671//5175 4672//5175
f 4673//5176 4674//5176 3973//5176
f 3973//5177 3975//5177 4673//5177
f 4673//5178 3975//5178 4636//5178
f 4673//5178 4636//5178 4675//5178
f 4675//5179 4636//5179 4637//5179
f 4675//5180 4637//5180 4676//5180
f 4676//5181 4637//5181 4638//5181
f 4676//5181 4638//5181 4677//5181
f 4677//5182 4638//5182 4639//5182
f 4677//5183 4639//5183 4678//5183
f 4678//5184 4639//5184 4640//5184
f 4678//5184 4640//5184 4679//5184
f 4679//5185 4640//5185 4641//5185
f 4679//5186 4641//5186 4680//5186
f 4680//5187 4641//5187 4642//5187
f 4680//5187 4642//5187 4681//5187
f 4681//5188 4642//5188 4643//5188
f 4681//5188 4643//5188 4682//5188
f 4682//5189 4643//5189 4644//5189
f 4682//5190 4644//5190 4683//5190
f 4683//5191 4644//5191 4645//5191
f 4683//5191 4645//5191 4684//5191
f 4684//5192 4645//5192 4646//5192
f 4684//5192 4646//5192 4685//5192
f 4685//5193 4646//5193 4647//5193
f 4685//5194 4647//5194 4686//5194
f 4686//5195 4647//5195 4648//5195
f 4686//5195 4648//5195 4687//5195
f 4687//5196 4648//5196 4649//5196
f 4687//5196 4649//5196 4688//5196
f 4688//5197 4649//5197 4650//5197
f 4688//5197 4650//5197 4689//5197
f 4689//5198 4650//5198 4651//5198
f 4689//5199 4651//5199 4690//5199
f 4690//5200 4651//5200 4652//5200
f 4690//5200 4652//5200 4691//5200
f 4691//5201 4652//5201 4653//5201
f 4691//5202 4653//5202 4692//5202
f 4692//5203 4653//5203 4654//5203
f 4692//5203 4654//5203 4693//5203
f 4693//5204 4654//5204 4655//5204
f 4693//5204 4655//5204 4694//5204
f 4694//5205 4655//5205 4656//5205
f 4694//5205 4656//5205 4695//5205
f 4695//5206 4656//5206 4657//5206
f 4695//5206 4657//5206 4696//5206
f 4696//5207 4657//5207 4658//5207
f 4696//5207 4658//5207 4697//5207
f 4697//5208 4658//5208 4659//5208
f 4697//5208 4659//5208 4698//5208
f 4698//5209 4659//5209 4660//5209
f 4698//5210 4660//5210 4699//5210
f 4699//5211 4660//5211 4661//5211
f 4699//5211 4661//5211 4700//5211
f 4700//5212 4661//5212 4662//5212
f 4700//5213 4662//5213 4701//5213
f 4701//5214 4662//5214 4663//5214
f 4701//5214 4663//5214 4702//5214
f 4702//5215 4663//5215 4664//5215
f 4702//5215 4664//5215 4703//5215
f 4703//5216 4664//5216 4665//5216
f 4703//5217 4665//5217 4704//5217
f 4705//5218 4706//5218 4674//5218
f 4674//5219 4673//5219 4705//5219
f 4705//5220 4673//5220 4675//5220
f 4705//5221 4675//5221 4707//5221
f 4707//5222 4675//5222 4676//5222
f 4707//5222 4676//5222 4708//5222
f 4708//5223 4676//5223 4677//5223
f 4708//5224 4677//5224 4709//5224
f 4709//5225 4677//5225 4678//5225
f 4709//5225 4678//5225 4710//5225
f 4710//5226 4678//5226 4679//5226
f 4710//5227 4679//5227 4711//5227
f 4711//5228 4679//5228 4680//5228
f 4711//5228 4680//5228 4712//5228
f 4712//5229 4680//5229 4681//5229
f 4712//5229 4681//5229 4713//5229
f 4713//5230 4681//5230 4682//5230
f 4713//5231 4682//5231 4714//5231
f 4714//5232 4682//5232 4683//5232
f 4714//5233 4683//5233 4715//5233
f 4715//5234 4683//5234 4684//5234
f 4715//5235 4684//5235 4716//5235
f 4716//5236 4684//5236 4685//5236
f 4716//5237 4685//5237 4717//5237
f 4717//5238 4685//5238 4686//5238
f 4717//5239 4686//5239 4718//5239
f 4718//5240 4686//5240 4687//5240
f 4718//5240 4687//5240 4719//5240
f 4719//5241 4687//5241 4688//5241
f 4719//5242 4688//5242 4720//5242
f 4720//5243 4688//5243 4689//5243
f 4720//5243 4689//5243 4721//5243
f 4721//5244 4689//5244 4690//5244
f 4721//5245 4690//5245 4722//5245
f 4722//5246 4690//5246 4691//5246
f 4722//5246 4691//5246 4723//5246
f 4723//5247 4691//5247 4692//5247
f 4723//5248 4692//5248 4724//5248
f 4724//5249 4692//5249 4693//5249
f 4724//5249 4693//5249 4725//5249
f 4725//5250 4693//5250 4694//5250
f 4725//5251 4694//5251 4726//5251
f 4726//5252 4694//5252 4695//5252
f 4726//5253 4695//5253 4727//5253
f 4727//5254 4695//5254 4696//5254
f 4727//5254 4696//5254 4728//5254
f 4728//5255 4696//5255 4697//5255
f 4728//5255 4697//5255 4729//5255
f 4729//5256 4697//5256 4698//5256
f 4729//5256 4698//5256 4730//5256
f 4730//5257 4698//5257 4699//5257
f 4730//5258 4699//5258 4731//5258
f 4731//5259 4699//5259 4700//5259
f 4731//5260 4700//5260 4732//5260
f 4732//5261 4700//5261 4701//5261
f 4732//5262 4701//5262 4733//5262
f 4733//5263 4701//5263 4702//5263
f 4733//5264 4702//5264 4734//5264
f 4734//5265 4702//5265 4703//5265
f 4734//5266 4703//5266 4735//5266
f 4735//5267 4703//5267 4704//5267
f 4735//5267 4704//5267 4736//5267
f 3972//5268 4737//5268 4738//5268
f 4738//5269 4737//5269 4706//5269
f 4706//5270 4705//5270 4738//5270
f 4738//5271 4705//5271 4707//5271
f 4738//5272 4707//5272 4739//5272
f 4739//5273 4707//5273 4708//5273
f 4739//5274 4708//5274 4740//5274
f 4740//5275 4708//5275 4709//5275
f 4740//5276 4709//5276 4741//5276
f 4741//5277 4709//5277 4710//5277
f 4741//5278 4710//5278 4742//5278
f 4742//5279 4710//5279 4711//5279
f 4742//5280 4711//5280 4743//5280
f 4743//5281 4711//5281 4712//5281
f 4743//5281 4712//5281 4744//5281
f 4744//5282 4712//5282 4713//5282
f 4744//5283 4713//5283 4745//5283
f 4745//5284 4713//5284 4714//5284
f 4745//5285 4714//5285 4746//5285
f 4746//5286 4714//5286 4715//5286
f 4746//5287 4715//5287 4747//5287
f 4747//5288 4715//5288 4716//5288
f 4747//5289 4716//5289 4748//5289
f 4748//5290 4716//5290 4717//5290
f 4748//5290 4717//5290 4749//5290
f 4749//5291 4717//5291 4718//5291
f 4749//5292 4718//5292 4750//5292
f 4750//5293 4718//5293 4719//5293
f 4750//5294 4719//5294 4751//5294
f 4751//5295 4719//5295 4720//5295
f 4751//5296 4720//5296 4752//5296
f 4752//5297 4720//5297 4721//5297
f 4752//5297 4721//5297 4753//5297
f 4753//5298 4721//5298 4722//5298
f 4753//5298 4722//5298 4754//5298
f 4754//5299 4722//5299 4723//5299
f 4754//5299 4723//5299 4755//5299
f 4755//5300 4723//5300 4724//5300
f 4755//5300 4724//5300 4756//5300
f 4756//5301 4724//5301 4725//5301
f 4756//5301 4725//5301 4757//5301
f 4757//5302 4725//5302 4726//5302
f 4757//5302 4726//5302 4758//5302
f 4758//5303 4726//5303 4727//5303
f 4758//5304 4727//5304 4759//5304
f 4759//5305 4727//5305 4728//5305
f 4759//5306 4728//5306 4760//5306
f 4760//5307 4728//5307 4729//5307
f 4760//5308 4729//5308 4761//5308
f 4761//5309 4729//5309 4730//5309
f 4761//5310 4730//5310 4762//5310
f 4762//5311 4730//5311 4731//5311
f 4762//5312 4731//5312 4763//5312
f 4763//5313 4731//5313 4732//5313
f 4763//5313 4732//5313 4764//5313
f 4764//5314 4732//5314 4733//5314
f 4764//5314 4733//5314 4765//5314
f 4765//5315 4733//5315 4734//5315
f 4765//5315 4734//5315 4766//5315
f 4766//5316 4734//5316 4735//5316
f 4766//5317 4735//5317 4767//5317
f 4767//5318 4735//5318 4736//5318
f 4767//5319 4736//5319 4768//5319
f 4671//5320 4769//5320 4672//5320
f 4672//5321 4769//5321 4770//5321
f 4672//5322 4770//5322 4771//5322
f 4771//5323 4770//5323 4772//5323
f 4771//5324 4772//5324 4773//5324
f 4773//5325 4772//5325 4774//5325
f 4773//5326 4774//5326 4775//5326
f 3972//5327 4738//5327 3971//5327
f 3971//5328 4738//5328 4739//5328
f 3971//5329 4739//5329 3970//5329
f 3970//5330 4739//5330 4740//5330
f 3970//5331 4740//5331 3969//5331
f 3969//5332 4740//5332 4741//5332
f 3969//5333 4741//5333 3968//5333
f 3968//5334 4741//5334 4742//5334
f 3968//5335 4742//5335 3967//5335
f 3967//5336 4742//5336 4743//5336
f 3967//5336 4743//5336 3966//5336
f 3966//5337 4743//5337 4744//5337
f 3966//5338 4744//5338 3965//5338
f 3965//5339 4744//5339 4745//5339
f 3965//5340 4745//5340 3964//5340
f 3964//5341 4745//5341 4746//5341
f 3964//5342 4746//5342 3963//5342
f 3963//5343 4746//5343 4747//5343
f 3963//5344 4747//5344 3962//5344
f 3962//5345 4747//5345 4748//5345
f 3962//5346 4748//5346 3961//5346
f 3961//5347 4748//5347 4749//5347
f 3961//5348 4749//5348 3960//5348
f 3960//5349 4749//5349 4750//5349
f 3960//5350 4750//5350 3959//5350
f 3959//5351 4750//5351 4751//5351
f 3959//5352 4751//5352 3958//5352
f 3958//5353 4751//5353 4752//5353
f 3958//5354 4752//5354 3957//5354
f 3957//5355 4752//5355 4753//5355
f 3957//5356 4753//5356 3956//5356
f 3956//5357 4753//5357 4754//5357
f 3956//5358 4754//5358 3955//5358
f 3955//5359 4754//5359 4755//5359
f 3955//5360 4755//5360 3954//5360
f 3954//5361 4755//5361 4756//5361
f 3954//5362 4756//5362 3953//5362
f 3953//5363 4756//5363 4757//5363
f 3953//5364 4757//5364 3952//5364
f 3952//5365 4757//5365 4758//5365
f 3952//5365 4758//5365 3951//5365
f 3951//5366 4758//5366 4759//5366
f 3951//5367 4759//5367 3950//5367
f 3950//5368 4759//5368 4760//5368
f 3950//5369 4760//5369 3949//5369
f 3949//5370 4760//5370 4761//5370
f 3949//5370 4761//5370 3948//5370
f 3948//5371 4761//5371 4762//5371
f 3948//5372 4762//5372 3947//5372
f 3947//5373 4762//5373 4763//5373
f 3947//5373 4763//5373 3946//5373
f 3946//5374 4763//5374 4764//5374
f 3946//5375 4764//5375 3945//5375
f 3945//5376 4764//5376 4765//5376
f 3945//5376 4765//5376 3944//5376
f 3944//5377 4765//5377 4766//5377
f 3944//5378 4766//5378 3943//5378
f 3943//5379 4766//5379 4767//5379
f 3943//5380 4767//5380 3940//5380
f 3940//5381 4767//5381 4768//5381
f 3940//5382 4768//5382 3941//5382
f 4776//5383 4024//5383 4777//5383
f 4777//5384 4024//5384 4023//5384
f 4777//5385 4023//5385 4778//5385
f 4778//5385 4023//5385 4779//5385
f 4778//5386 4779//5386 4780//5386
f 4780//5386 4779//5386 4781//5386
f 4780//5387 4781//5387 4782//5387
f 4782//5387 4781//5387 4783//5387
f 4782//5388 4783//5388 4784//5388
f 4784//5388 4783//5388 4785//5388
f 4784//5389 4785//5389 4786//5389
f 4786//5389 4785//5389 4787//5389
f 4786//5390 4787//5390 4788//5390
f 4788//5390 4787//5390 4789//5390
f 4788//5391 4789//5391 4790//5391
f 4790//5391 4789//5391 4791//5391
f 4790//5392 4791//5392 4792//5392
f 4792//5392 4791//5392 4793//5392
f 4792//5393 4793//5393 4794//5393
f 4794//5393 4793//5393 4795//5393
f 4794//5394 4795//5394 4796//5394
f 4796//5394 4795//5394 4797//5394
f 4796//5395 4797//5395 4798//5395
f 4798//5395 4797//5395 4799//5395
f 4798//5396 4799//5396 4800//5396
f 4800//5396 4799//5396 4801//5396
f 4800//5397 4801//5397 4802//5397
f 4802//5398 4801//5398 4803//5398
f 4802//5399 4803//5399 4804//5399
f 4804//5399 4803//5399 4805//5399
f 4804//5400 4805//5400 4806//5400
f 4806//5401 4805//5401 4807//5401
f 4806//5402 4807//5402 4808//5402
f 4808//5402 4807//5402 4809//5402
f 4808//5403 4809//5403 4810//5403
f 4810//5403 4809//5403 4811//5403
f 4810//5404 4811//5404 4812//5404
f 4812//5405 4811//5405 4813//5405
f 4812//5406 4813//5406 4814//5406
f 4814//5406 4813//5406 4815//5406
f 4814//5407 4815//5407 4816//5407
f 4816//5408 4815//5408 4817//5408
f 4816//5409 4817//5409 4818//5409
f 4818//5409 4817//5409 4819//5409
f 4818//5410 4819//5410 4820//5410
f 4820//5411 4819//5411 4821//5411
f 4820//5412 4821//5412 4822//5412
f 4822//5412 4821//5412 4823//5412
f 4822//5413 4823//5413 4824//5413
f 4824//5414 4823//5414 4825//5414
f 4824//5415 4825//5415 3942//5415
f 4003//5416 4015//5416 4004//5416
f 4004//5417 4015//5417 4013//5417
f 4004//5418 4013//5418 4023//5418
f 4023//5418 4013//5418 4151//5418
f 4023//5419 4151//5419 4779//5419
f 4779//5420 4151//5420 4176//5420
f 4779//5421 4176//5421 4781//5421
f 4781//5422 4176//5422 4178//5422
f 4781//5423 4178//5423 4783//5423
f 4783//5423 4178//5423 4180//5423
f 4783//5424 4180//5424 4785//5424
f 4785//5424 4180//5424 4193//5424
f 4785//5425 4193//5425 4787//5425
f 4787//5425 4193//5425 4195//5425
f 4787//5426 4195//5426 4789//5426
f 4789//5426 4195//5426 4215//5426
f 4789//5427 4215//5427 4791//5427
f 4791//5427 4215//5427 4227//5427
f 4791//5428 4227//5428 4793//5428
f 4793//5428 4227//5428 4229//5428
f 4793//5429 4229//5429 4795//5429
f 4795//5429 4229//5429 4295//5429
f 4795//5430 4295//5430 4797//5430
f 4797//5430 4295//5430 4331//5430
f 4797//5431 4331//5431 4799//5431
f 4799//5431 4331//5431 4366//5431
f 4799//5432 4366//5432 4801//5432
f 4801//5432 4366//5432 4368//5432
f 4801//5433 4368//5433 4803//5433
f 4803//5433 4368//5433 4434//5433
f 4803//5434 4434//5434 4805//5434
f 4805//5434 4434//5434 4469//5434
f 4805//5435 4469//5435 4807//5435
f 4807//5435 4469//5435 4565//5435
f 4807//5436 4565//5436 4809//5436
f 4809//5437 4565//5437 4567//5437
f 4809//5438 4567//5438 4811//5438
f 4811//5439 4567//5439 4569//5439
f 4811//5440 4569//5440 4813//5440
f 4813//5440 4569//5440 4668//5440
f 4813//5441 4668//5441 4815//5441
f 4815//5442 4668//5442 4670//5442
f 4815//5443 4670//5443 4817//5443
f 4817//5443 4670//5443 4672//5443
f 4817//5444 4672//5444 4819//5444
f 4819//5445 4672//5445 4771//5445
f 4819//5446 4771//5446 4821//5446
f 4821//5447 4771//5447 4773//5447
f 4821//5448 4773//5448 4823//5448
f 4823//5449 4773//5449 4775//5449
f 4823//5450 4775//5450 4825//5450
f 4825//5451 4775//5451 4826//5451
f 4825//5452 4826//5452 3942//5452
f 4774//5453 4827//5453 4775//5453
f 4775//5454 4827//5454 4828//5454
f 4775//5455 4828//5455 4826//5455
f 4826//5456 4828//5456 3942//5456
f 4025//5457 4776//5457 4026//5457
f 4026//5458 4776//5458 4777//5458
f 4026//5459 4777//5459 4028//5459
f 4028//5459 4777//5459 4778//5459
f 4028//5460 4778//5460 4253//5460
f 4253//5460 4778//5460 4780//5460
f 4253//5461 4780//5461 4254//5461
f 4254//5461 4780//5461 4782//5461
f 4254//5462 4782//5462 4255//5462
f 4255//5462 4782//5462 4784//5462
f 4255//5463 4784//5463 4256//5463
f 4256//5463 4784//5463 4786//5463
f 4256//5464 4786//5464 4257//5464
f 4257//5465 4786//5465 4788//5465
f 4257//5466 4788//5466 4258//5466
f 4258//5467 4788//5467 4790//5467
f 4258//5468 4790//5468 4259//5468
f 4259//5468 4790//5468 4792//5468
f 4259//5469 4792//5469 4292//5469
f 4292//5470 4792//5470 4794//5470
f 4292//5471 4794//5471 4328//5471
f 4328//5471 4794//5471 4796//5471
f 4328//5472 4796//5472 4363//5472
f 4363//5472 4796//5472 4798//5472
f 4363//5473 4798//5473 4398//5473
f 4398//5474 4798//5474 4800//5474
f 4398//5475 4800//5475 4431//5475
f 4431//5475 4800//5475 4802//5475
f 4431//5476 4802//5476 4466//5476
f 4466//5477 4802//5477 4804//5477
f 4466//5478 4804//5478 4501//5478
f 4501//5479 4804//5479 4806//5479
f 4501//5480 4806//5480 4532//5480
f 4532//5481 4806//5481 4808//5481
f 4532//5482 4808//5482 4562//5482
f 4562//5482 4808//5482 4810//5482
f 4562//5483 4810//5483 4602//5483
f 4602//5483 4810//5483 4812//5483
f 4602//5484 4812//5484 4633//5484
f 4633//5484 4812//5484 4814//5484
f 4633//5485 4814//5485 4665//5485
f 4665//5485 4814//5485 4816//5485
f 4665//5486 4816//5486 4704//5486
f 4704//5487 4816//5487 4818//5487
f 4704//5488 4818//5488 4736//5488
f 4736//5488 4818//5488 4820//5488
f 4736//5489 4820//5489 4768//5489
f 4768//5490 4820//5490 4822//5490
f 4768//5491 4822//5491 3941//5491
f 3941//5492 4822//5492 4824//5492
f 3941//5493 4824//5493 3942//5493
f 4829//5494 4830//5494 4831//5494
f 4832//5494 4833//5494 4834//5494
f 4835//5494 4836//5494 4831//5494
f 4834//5494 4833//5494 4837//5494
f 4833//5494 4838//5494 4837//5494
f 4837//5494 4838//5494 4839//5494
f 4837//5494 4839//5494 4840//5494
f 4841//5494 4842//5494 4843//5494
f 4831//5494 4836//5494 4844//5494
f 4836//5495 4845//5495 4844//5495
f 4844//5494 4845//5494 4846//5494
f 4844//5494 4846//5494 4847//5494
f 4848//5494 4831//5494 4849//5494
f 4849//5494 4831//5494 4837//5494
f 4849//5494 4837//5494 4850//5494
f 4850//5494 4837//5494 4840//5494
f 4842//5494 4834//5494 4851//5494
f 4851//5494 4834//5494 4844//5494
f 4851//5494 4844//5494 4852//5494
f 4852//5494 4844//5494 4847//5494
f 4829//5495 4831//5495 4853//5495
f 4854//5494 4855//5494 4834//5494
f 4834//5494 4855//5494 4856//5494
f 4834//5494 4856//5494 4832//5494
f 4841//5496 4857//5496 4858//5496
f 4858//5497 4857//5497 4859//5497
f 4830//5494 4860//5494 4831//5494
f 4831//5494 4860//5494 4861//5494
f 4831//5494 4861//5494 4835//5494
f 4848//5494 4862//5494 4863//5494
f 4863//5494 4862//5494 4864//5494
f 4843//5495 4865//5495 4841//5495
f 4841//5498 4865//5498 4866//5498
f 4841//5499 4866//5499 4857//5499
f 4842//5494 4841//5494 4834//5494
f 4834//5494 4841//5494 4867//5494
f 4834//5494 4867//5494 4868//5494
f 4869//5500 4870//5500 4871//5500
f 4871//5501 4870//5501 4863//5501
f 4871//5494 4863//5494 4872//5494
f 4872//5496 4863//5496 4864//5496
f 4873//5495 4874//5495 4831//5495
f 4868//5494 4875//5494 4834//5494
f 4834//5502 4875//5502 4876//5502
f 4834//5494 4876//5494 4877//5494
f 4877//5494 4878//5494 4834//5494
f 4834//5495 4878//5495 4879//5495
f 4834//5494 4879//5494 4854//5494
f 4848//5494 4863//5494 4831//5494
f 4831//5494 4863//5494 4880//5494
f 4831//5503 4880//5503 4873//5503
f 4874//5494 4881//5494 4831//5494
f 4831//5494 4881//5494 4882//5494
f 4831//5494 4882//5494 4853//5494
f 4883//5504 4884//5504 2717//5504
f 4883//5505 2717//5505 4885//5505
f 4886//5506 4885//5506 2717//5506
f 4887//5507 4886//5507 2717//5507
f 4888//5508 4887//5508 2717//5508
f 4889//5509 4888//5509 2717//5509
f 4890//5510 4889//5510 2717//5510
f 4891//5511 4890//5511 2717//5511
f 4892//5512 4891//5512 2717//5512
f 4893//5513 4892//5513 2717//5513
f 4894//5514 4893//5514 2717//5514
f 4895//5515 4894//5515 2717//5515
f 4896//5516 4895//5516 2717//5516
f 4897//5517 4896//5517 2717//5517
f 4898//5518 4897//5518 2717//5518
f 4899//5519 4898//5519 2717//5519
f 4900//5520 4899//5520 2717//5520
f 4901//5521 4900//5521 2717//5521
f 4902//5522 4901//5522 2717//5522
f 4903//5523 4902//5523 2717//5523
f 4904//5524 4903//5524 2717//5524
f 4905//5525 4904//5525 2717//5525
f 4906//5526 4905//5526 2717//5526
f 4907//5527 4906//5527 2717//5527
f 4908//5528 4907//5528 2717//5528
f 4909//5529 4908//5529 2717//5529
f 4910//5530 4909//5530 2717//5530
f 4911//5531 4910//5531 2717//5531
f 4912//5532 4911//5532 2717//5532
f 4913//5533 4912//5533 2717//5533
f 4914//5534 4913//5534 2717//5534
f 4915//5535 4914//5535 2717//5535
f 4916//5536 4915//5536 2717//5536
f 4917//5537 4916//5537 2717//5537
f 4918//5538 4917//5538 2717//5538
f 4919//5539 4918//5539 2717//5539
f 4920//5540 4919//5540 2717//5540
f 4921//5541 4920//5541 2717//5541
f 4922//5542 4921//5542 2717//5542
f 4923//5543 4922//5543 2717//5543
f 4924//5544 4923//5544 2717//5544
f 4925//5545 4924//5545 2717//5545
f 4926//5546 4925//5546 2717//5546
f 4927//5547 4926//5547 2717//5547
f 4928//5548 4927//5548 2717//5548
f 4929//5549 4928//5549 2717//5549
f 4930//5550 4929//5550 2717//5550
f 4931//5551 4930//5551 2717//5551
f 4932//5552 4931//5552 2717//5552
f 4933//5553 4932//5553 2717//5553
f 4934//5554 4933//5554 2717//5554
f 4935//5555 4934//5555 2717//5555
f 4936//5556 4935//5556 2717//5556
f 4937//5557 4936//5557 2717//5557
f 4938//5558 4937//5558 2717//5558
f 4939//5559 4938//5559 2717//5559
f 4940//5560 4939//5560 2717//5560
f 4941//5561 4940//5561 2717//5561
f 4942//5562 4941//5562 2717//5562
f 4943//5563 4942//5563 2717//5563
f 4884//5564 4943//5564 2717//5564
f 4944//5565 4945//5565 4946//5565
f 4946//5566 4945//5566 4947//5566
f 4946//5566 4947//5566 4948//5566
f 4948//5567 4947//5567 4949//5567
f 4948//5567 4949//5567 4950//5567
f 4950//5568 4949//5568 4951//5568
f 4950//5569 4951//5569 4952//5569
f 4952//5570 4951//5570 4953//5570
f 4952//5570 4953//5570 4954//5570
f 4954//5571 4953//5571 4955//5571
f 4954//5572 4955//5572 4956//5572
f 4956//5573 4955//5573 4957//5573
f 4956//5573 4957//5573 4958//5573
f 4958//5574 4957//5574 4959//5574
f 4958//5574 4959//5574 4960//5574
f 4960//5575 4959//5575 4961//5575
f 4960//5576 4961//5576 4962//5576
f 4962//5577 4961//5577 4963//5577
f 4962//5577 4963//5577 4964//5577
f 4964//5578 4963//5578 4965//5578
f 4964//5578 4965//5578 4966//5578
f 4966//5579 4965//5579 4967//5579
f 4966//5579 4967//5579 4968//5579
f 4968//5580 4967//5580 4969//5580
f 4968//5580 4969//5580 4970//5580
f 4970//5581 4969//5581 4971//5581
f 4970//5581 4971//5581 4972//5581
f 4972//5582 4971//5582 4973//5582
f 4972//5582 4973//5582 4974//5582
f 4974//5583 4973//5583 4975//5583
f 4974//5583 4975//5583 4976//5583
f 4976//5584 4975//5584 4977//5584
f 4976//5584 4977//5584 4978//5584
f 4978//5585 4977//5585 4979//5585
f 4978//5585 4979//5585 4980//5585
f 4980//5586 4979//5586 4981//5586
f 4980//5587 4981//5587 4982//5587
f 4982//5588 4981//5588 4983//5588
f 4982//5588 4983//5588 4984//5588
f 4984//5589 4983//5589 4985//5589
f 4984//5589 4985//5589 4986//5589
f 4986//5590 4985//5590 4987//5590
f 4986//5590 4987//5590 4988//5590
f 4988//5591 4987//5591 4989//5591
f 4988//5591 4989//5591 4990//5591
f 4990//5592 4989//5592 4991//5592
f 4990//5592 4991//5592 4992//5592
f 4992//5593 4991//5593 4993//5593
f 4992//5593 4993//5593 4994//5593
f 4994//5594 4993//5594 4995//5594
f 4994//5595 4995//5595 4996//5595
f 4996//5596 4995//5596 4997//5596
f 4996//5596 4997//5596 4998//5596
f 4998//5597 4997//5597 4999//5597
f 4998//5597 4999//5597 5000//5597
f 5000//5598 4999//5598 5001//5598
f 5000//5598 5001//5598 5002//5598
f 5002//5599 5001//5599 5003//5599
f 5002//5599 5003//5599 5004//5599
f 5004//5600 5003//5600 5005//5600
f 5004//5600 5005//5600 5006//5600
f 5006//5601 5005//5601 5007//5601
f 5006//5601 5007//5601 5008//5601
f 5008//5602 5007//5602 5009//5602
f 5008//5602 5009//5602 5010//5602
f 5010//5603 5009//5603 5011//5603
f 5010//5604 5011//5604 5012//5604
f 5012//5605 5011//5605 5013//5605
f 5012//5605 5013//5605 5014//5605
f 5014//5606 5013//5606 5015//5606
f 5014//5607 5015//5607 5016//5607
f 5016//5608 5015//5608 5017//5608
f 5016//5608 5017//5608 5018//5608
f 5018//5609 5017//5609 5019//5609
f 5018//5609 5019//5609 5020//5609
f 5020//5610 5019//5610 5021//5610
f 5020//5610 5021//5610 5022//5610
f 5022//5611 5021//5611 5023//5611
f 5022//5611 5023//5611 5024//5611
f 5024//5612 5023//5612 5025//5612
f 5024//5612 5025//5612 5026//5612
f 5026//5613 5025//5613 5027//5613
f 5026//5613 5027//5613 5028//5613
f 5028//5614 5027//5614 5029//5614
f 5028//5614 5029//5614 5030//5614
f 5030//5615 5029//5615 5031//5615
f 5030//5616 5031//5616 5032//5616
f 5032//5617 5031//5617 5033//5617
f 5032//5617 5033//5617 5034//5617
f 5034//5618 5033//5618 5035//5618
f 5034//5618 5035//5618 5036//5618
f 5036//5619 5035//5619 5037//5619
f 5036//5619 5037//5619 5038//5619
f 5038//5620 5037//5620 5039//5620
f 5038//5620 5039//5620 5040//5620
f 5040//5621 5039//5621 5041//5621
f 5040//5621 5041//5621 5042//5621
f 5042//5622 5041//5622 5043//5622
f 5042//5622 5043//5622 5044//5622
f 5044//5623 5043//5623 5045//5623
f 5044//5623 5045//5623 5046//5623
f 5046//5624 5045//5624 5047//5624
f 5046//5625 5047//5625 5048//5625
f 5048//5626 5047//5626 5049//5626
f 5048//5626 5049//5626 5050//5626
f 5050//5627 5049//5627 5051//5627
f 5050//5628 5051//5628 5052//5628
f 5052//5629 5051//5629 5053//5629
f 5052//5629 5053//5629 5054//5629
f 5054//5630 5053//5630 5055//5630
f 5054//5630 5055//5630 5056//5630
f 5056//5631 5055//5631 5057//5631
f 5056//5631 5057//5631 5058//5631
f 5058//5632 5057//5632 5059//5632
f 5058//5632 5059//5632 5060//5632
f 5060//5633 5059//5633 5061//5633
f 5060//5633 5061//5633 5062//5633
f 5062//5634 5061//5634 5063//5634
f 5062//5634 5063//5634 5064//5634
f 5064//5635 5063//5635 5065//5635
f 5064//5635 5065//5635 5066//5635
f 5066//5636 5065//5636 4944//5636
f 5066//5637 4944//5637 4946//5637
f 5006//5638 5067//5638 5004//5638
f 5004//5639 5067//5639 5068//5639
f 5004//5639 5068//5639 5002//5639
f 5002//5640 5068//5640 5069//5640
f 5002//5640 5069//5640 5000//5640
f 5000//5641 5069//5641 5070//5641
f 5000//5641 5070//5641 4998//5641
f 4998//5642 5070//5642 5071//5642
f 4998//5642 5071//5642 4996//5642
f 4996//5643 5071//5643 5072//5643
f 4996//5643 5072//5643 4994//5643
f 4994//5644 5072//5644 5073//5644
f 4994//5644 5073//5644 4992//5644
f 4992//5645 5073//5645 5074//5645
f 4992//5645 5074//5645 4990//5645
f 4990//5646 5074//5646 5075//5646
f 4990//5646 5075//5646 4988//5646
f 4988//5647 5075//5647 5076//5647
f 4988//5647 5076//5647 4986//5647
f 4986//5648 5076//5648 5077//5648
f 4986//5649 5077//5649 4984//5649
f 4984//5650 5077//5650 5078//5650
f 4984//5650 5078//5650 4982//5650
f 4982//5651 5078//5651 5079//5651
f 4982//5652 5079//5652 4980//5652
f 4980//5653 5079//5653 5080//5653
f 4980//5653 5080//5653 4978//5653
f 4978//5654 5080//5654 5081//5654
f 4978//5655 5081//5655 4976//5655
f 4976//5656 5081//5656 5082//5656
f 4976//5656 5082//5656 4974//5656
f 4974//5657 5082//5657 5083//5657
f 4974//5657 5083//5657 4972//5657
f 4972//5658 5083//5658 5084//5658
f 4972//5658 5084//5658 4970//5658
f 4970//5659 5084//5659 5085//5659
f 4970//5659 5085//5659 4968//5659
f 4968//5660 5085//5660 5086//5660
f 4968//5660 5086//5660 4966//5660
f 4966//5661 5086//5661 5087//5661
f 4966//5661 5087//5661 4964//5661
f 4964//5662 5087//5662 5088//5662
f 4964//5663 5088//5663 4962//5663
f 4962//5664 5088//5664 5089//5664
f 4962//5664 5089//5664 4960//5664
f 4960//5665 5089//5665 5090//5665
f 4960//5665 5090//5665 4958//5665
f 4958//5666 5090//5666 5091//5666
f 4958//5666 5091//5666 4956//5666
f 4956//5667 5091//5667 5092//5667
f 4956//5667 5092//5667 4954//5667
f 4954//5668 5092//5668 5093//5668
f 4954//5668 5093//5668 4952//5668
f 4952//5669 5093//5669 5094//5669
f 4952//5669 5094//5669 4950//5669
f 4950//5670 5094//5670 5095//5670
f 4950//5670 5095//5670 4948//5670
f 4948//5671 5095//5671 5096//5671
f 4948//5671 5096//5671 4946//5671
f 4946//5672 5096//5672 5097//5672
f 4946//5673 5097//5673 5066//5673
f 5066//5674 5097//5674 5098//5674
f 5066//5674 5098//5674 5064//5674
f 5064//5675 5098//5675 5099//5675
f 5064//5675 5099//5675 5062//5675
f 5062//5676 5099//5676 5100//5676
f 5062//5676 5100//5676 5060//5676
f 5060//5677 5100//5677 5101//5677
f 5060//5677 5101//5677 5058//5677
f 5058//5678 5101//5678 5102//5678
f 5058//5678 5102//5678 5056//5678
f 5056//5679 5102//5679 5103//5679
f 5056//5680 5103//5680 5054//5680
f 5054//5681 5103//5681 5104//5681
f 5054//5681 5104//5681 5052//5681
f 5052//5682 5104//5682 5105//5682
f 5052//5682 5105//5682 5050//5682
f 5050//5683 5105//5683 5106//5683
f 5050//5683 5106//5683 5048//5683
f 5048//5684 5106//5684 5107//5684
f 5048//5684 5107//5684 5046//5684
f 5046//5685 5107//5685 5108//5685
f 5046//5685 5108//5685 5044//5685
f 5044//5686 5108//5686 5109//5686
f 5044//5686 5109//5686 5042//5686
f 5042//5687 5109//5687 5110//5687
f 5042//5687 5110//5687 5040//5687
f 5040//5688 5110//5688 5111//5688
f 5040//5688 5111//5688 5038//5688
f 5038//5689 5111//5689 5112//5689
f 5038//5689 5112//5689 5036//5689
f 5036//5690 5112//5690 5113//5690
f 5036//5690 5113//5690 5034//5690
f 5034//5691 5113//5691 5114//5691
f 5034//5691 5114//5691 5032//5691
f 5032//5692 5114//5692 5115//5692
f 5032//5693 5115//5693 5030//5693
f 5030//5694 5115//5694 5116//5694
f 5030//5695 5116//5695 5028//5695
f 5028//5696 5116//5696 5117//5696
f 5028//5697 5117//5697 5026//5697
f 5026//5698 5117//5698 5118//5698
f 5026//5698 5118//5698 5024//5698
f 5024//5699 5118//5699 5119//5699
f 5024//5699 5119//5699 5022//5699
f 5022//5700 5119//5700 5120//5700
f 5022//5700 5120//5700 5020//5700
f 5020//5701 5120//5701 5121//5701
f 5020//5701 5121//5701 5018//5701
f 5018//5702 5121//5702 5122//5702
f 5018//5702 5122//5702 5016//5702
f 5016//5703 5122//5703 5123//5703
f 5016//5703 5123//5703 5014//5703
f 5014//5704 5123//5704 5124//5704
f 5014//5704 5124//5704 5012//5704
f 5012//5705 5124//5705 5125//5705
f 5012//5705 5125//5705 5010//5705
f 5010//5706 5125//5706 5126//5706
f 5010//5706 5126//5706 5008//5706
f 5008//5707 5126//5707 5127//5707
f 5008//5707 5127//5707 5006//5707
f 5006//5638 5127//5638 5067//5638
f 5127//5708 5128//5708 5067//5708
f 5067//5709 5128//5709 5129//5709
f 5067//5709 5129//5709 5068//5709
f 5068//5710 5129//5710 5130//5710
f 5068//5710 5130//5710 5069//5710
f 5069//5711 5130//5711 5131//5711
f 5069//5711 5131//5711 5070//5711
f 5070//5712 5131//5712 5132//5712
f 5070//5712 5132//5712 5071//5712
f 5071//5713 5132//5713 5133//5713
f 5071//5714 5133//5714 5072//5714
f 5072//5715 5133//5715 5134//5715
f 5072//5715 5134//5715 5073//5715
f 5073//5716 5134//5716 5135//5716
f 5073//5716 5135//5716 5074//5716
f 5074//5717 5135//5717 5136//5717
f 5074//5717 5136//5717 5075//5717
f 5075//5718 5136//5718 5137//5718
f 5075//5718 5137//5718 5076//5718
f 5076//5719 5137//5719 5138//5719
f 5076//5719 5138//5719 5077//5719
f 5077//5720 5138//5720 5139//5720
f 5077//5720 5139//5720 5078//5720
f 5078//5721 5139//5721 5140//5721
f 5078//5721 5140//5721 5079//5721
f 5079//5722 5140//5722 5141//5722
f 5079//5722 5141//5722 5080//5722
f 5080//5723 5141//5723 5142//5723
f 5080//5723 5142//5723 5081//5723
f 5081//5724 5142//5724 5143//5724
f 5081//5724 5143//5724 5082//5724
f 5082//5725 5143//5725 5144//5725
f 5082//5725 5144//5725 5083//5725
f 5083//5726 5144//5726 5145//5726
f 5083//5726 5145//5726 5084//5726
f 5084//5727 5145//5727 5146//5727
f 5084//5727 5146//5727 5085//5727
f 5085//5728 5146//5728 5147//5728
f 5085//5728 5147//5728 5086//5728
f 5086//5729 5147//5729 5148//5729
f 5086//5730 5148//5730 5087//5730
f 5087//5731 5148//5731 5149//5731
f 5087//5731 5149//5731 5088//5731
f 5088//5732 5149//5732 5150//5732
f 5088//5733 5150//5733 5089//5733
f 5089//5734 5150//5734 5151//5734
f 5089//5734 5151//5734 5090//5734
f 5090//5735 5151//5735 5152//5735
f 5090//5735 5152//5735 5091//5735
f 5091//5736 5152//5736 5153//5736
f 5091//5737 5153//5737 5092//5737
f 5092//5738 5153//5738 5154//5738
f 5092//5739 5154//5739 5093//5739
f 5093//5740 5154//5740 5155//5740
f 5093//5740 5155//5740 5094//5740
f 5094//5741 5155//5741 5156//5741
f 5094//5742 5156//5742 5095//5742
f 5095//5743 5156//5743 5157//5743
f 5095//5744 5157//5744 5096//5744
f 5096//5745 5157//5745 5158//5745
f 5096//5745 5158//5745 5097//5745
f 5097//5746 5158//5746 5159//5746
f 5097//5747 5159//5747 5098//5747
f 5098//5748 5159//5748 5160//5748
f 5098//5748 5160//5748 5099//5748
f 5099//5749 5160//5749 5161//5749
f 5099//5749 5161//5749 5100//5749
f 5100//5750 5161//5750 5162//5750
f 5100//5750 5162//5750 5101//5750
f 5101//5751 5162//5751 5163//5751
f 5101//5752 5163//5752 5102//5752
f 5102//5753 5163//5753 5164//5753
f 5102//5753 5164//5753 5103//5753
f 5103//5754 5164//5754 5165//5754
f 5103//5754 5165//5754 5104//5754
f 5104//5755 5165//5755 5166//5755
f 5104//5756 5166//5756 5105//5756
f 5105//5757 5166//5757 5167//5757
f 5105//5757 5167//5757 5106//5757
f 5106//5758 5167//5758 5168//5758
f 5106//5758 5168//5758 5107//5758
f 5107//5759 5168//5759 5169//5759
f 5107//5760 5169//5760 5108//5760
f 5108//5761 5169//5761 5170//5761
f 5108//5761 5170//5761 5109//5761
f 5109//5762 5170//5762 5171//5762
f 5109//5762 5171//5762 5110//5762
f 5110//5763 5171//5763 5172//5763
f 5110//5763 5172//5763 5111//5763
f 5111//5764 5172//5764 5173//5764
f 5111//5764 5173//5764 5112//5764
f 5112//5765 5173//5765 5174//5765
f 5112//5765 5174//5765 5113//5765
f 5113//5766 5174//5766 5175//5766
f 5113//5766 5175//5766 5114//5766
f 5114//5767 5175//5767 5176//5767
f 5114//5768 5176//5768 5115//5768
f 5115//5769 5176//5769 5177//5769
f 5115//5769 5177//5769 5116//5769
f 5116//5770 5177//5770 5178//5770
f 5116//5770 5178//5770 5117//5770
f 5117//5771 5178//5771 5179//5771
f 5117//5771 5179//5771 5118//5771
f 5118//5772 5179//5772 5180//5772
f 5118//5772 5180//5772 5119//5772
f 5119//5773 5180//5773 5181//5773
f 5119//5773 5181//5773 5120//5773
f 5120//5774 5181//5774 5182//5774
f 5120//5774 5182//5774 5121//5774
f 5121//5775 5182//5775 5183//5775
f 5121//5776 5183//5776 5122//5776
f 5122//5777 5183//5777 5184//5777
f 5122//5777 5184//5777 5123//5777
f 5123//5778 5184//5778 5185//5778
f 5123//5778 5185//5778 5124//5778
f 5124//5779 5185//5779 5186//5779
f 5124//5779 5186//5779 5125//5779
f 5125//5780 5186//5780 5187//5780
f 5125//5780 5187//5780 5126//5780
f 5126//5781 5187//5781 5188//5781
f 5126//5781 5188//5781 5127//5781
f 5127//5708 5188//5708 5128//5708
f 5188//5782 5189//5782 5128//5782
f 5128//5783 5189//5783 5190//5783
f 5128//5783 5190//5783 5129//5783
f 5129//5784 5190//5784 5191//5784
f 5129//5784 5191//5784 5130//5784
f 5130//5785 5191//5785 5192//5785
f 5130//5785 5192//5785 5131//5785
f 5131//5786 5192//5786 5193//5786
f 5131//5787 5193//5787 5132//5787
f 5132//5788 5193//5788 5194//5788
f 5132//5788 5194//5788 5133//5788
f 5133//5789 5194//5789 5195//5789
f 5133//5789 5195//5789 5134//5789
f 5134//5790 5195//5790 5196//5790
f 5134//5790 5196//5790 5135//5790
f 5135//5791 5196//5791 5197//5791
f 5135//5791 5197//5791 5136//5791
f 5136//5792 5197//5792 5198//5792
f 5136//5792 5198//5792 5137//5792
f 5137//5793 5198//5793 5199//5793
f 5137//5793 5199//5793 5138//5793
f 5138//5794 5199//5794 5200//5794
f 5138//5794 5200//5794 5139//5794
f 5139//5795 5200//5795 5201//5795
f 5139//5795 5201//5795 5140//5795
f 5140//5796 5201//5796 5202//5796
f 5140//5796 5202//5796 5141//5796
f 5141//5797 5202//5797 5203//5797
f 5141//5797 5203//5797 5142//5797
f 5142//5798 5203//5798 5204//5798
f 5142//5798 5204//5798 5143//5798
f 5143//5799 5204//5799 5205//5799
f 5143//5799 5205//5799 5144//5799
f 5144//5800 5205//5800 5206//5800
f 5144//5800 5206//5800 5145//5800
f 5145//5801 5206//5801 5207//5801
f 5145//5801 5207//5801 5146//5801
f 5146//5802 5207//5802 5208//5802
f 5146//5802 5208//5802 5147//5802
f 5147//5803 5208//5803 5209//5803
f 5147//5803 5209//5803 5148//5803
f 5148//5804 5209//5804 5210//5804
f 5148//5804 5210//5804 5149//5804
f 5149//5805 5210//5805 5211//5805
f 5149//5805 5211//5805 5150//5805
f 5150//5806 5211//5806 5212//5806
f 5150//5807 5212//5807 5151//5807
f 5151//5808 5212//5808 5213//5808
f 5151//5808 5213//5808 5152//5808
f 5152//5809 5213//5809 5214//5809
f 5152//5809 5214//5809 5153//5809
f 5153//5810 5214//5810 5215//5810
f 5153//5810 5215//5810 5154//5810
f 5154//5811 5215//5811 5216//5811
f 5154//5811 5216//5811 5155//5811
f 5155//5812 5216//5812 5217//5812
f 5155//5813 5217//5813 5156//5813
f 5156//5814 5217//5814 5218//5814
f 5156//5815 5218//5815 5157//5815
f 5157//5816 5218//5816 5219//5816
f 5157//5816 5219//5816 5158//5816
f 5158//5817 5219//5817 5220//5817
f 5158//5818 5220//5818 5159//5818
f 5159//5819 5220//5819 5221//5819
f 5159//5820 5221//5820 5160//5820
f 5160//5821 5221//5821 5222//5821
f 5160//5821 5222//5821 5161//5821
f 5161//5822 5222//5822 5223//5822
f 5161//5822 5223//5822 5162//5822
f 5162//5823 5223//5823 5224//5823
f 5162//5823 5224//5823 5163//5823
f 5163//5824 5224//5824 5225//5824
f 5163//5824 5225//5824 5164//5824
f 5164//5825 5225//5825 5226//5825
f 5164//5826 5226//5826 5165//5826
f 5165//5827 5226//5827 5227//5827
f 5165//5827 5227//5827 5166//5827
f 5166//5828 5227//5828 5228//5828
f 5166//5828 5228//5828 5167//5828
f 5167//5829 5228//5829 5229//5829
f 5167//5829 5229//5829 5168//5829
f 5168//5830 5229//5830 5230//5830
f 5168//5830 5230//5830 5169//5830
f 5169//5831 5230//5831 5231//5831
f 5169//5831 5231//5831 5170//5831
f 5170//5832 5231//5832 5232//5832
f 5170//5832 5232//5832 5171//5832
f 5171//5833 5232//5833 5233//5833
f 5171//5833 5233//5833 5172//5833
f 5172//5834 5233//5834 5234//5834
f 5172//5834 5234//5834 5173//5834
f 5173//5835 5234//5835 5235//5835
f 5173//5835 5235//5835 5174//5835
f 5174//5836 5235//5836 5236//5836
f 5174//5836 5236//5836 5175//5836
f 5175//5837 5236//5837 5237//5837
f 5175//5837 5237//5837 5176//5837
f 5176//5838 5237//5838 5238//5838
f 5176//5838 5238//5838 5177//5838
f 5177//5839 5238//5839 5239//5839
f 5177//5839 5239//5839 5178//5839
f 5178//5840 5239//5840 5240//5840
f 5178//5840 5240//5840 5179//5840
f 5179//5841 5240//5841 5241//5841
f 5179//5841 5241//5841 5180//5841
f 5180//5842 5241//5842 5242//5842
f 5180//5842 5242//5842 5181//5842
f 5181//5843 5242//5843 5243//5843
f 5181//5843 5243//5843 5182//5843
f 5182//5844 5243//5844 5244//5844
f 5182//5844 5244//5844 5183//5844
f 5183//5845 5244//5845 5245//5845
f 5183//5845 5245//5845 5184//5845
f 5184//5846 5245//5846 5246//5846
f 5184//5846 5246//5846 5185//5846
f 5185//5847 5246//5847 5247//5847
f 5185//5847 5247//5847 5186//5847
f 5186//5848 5247//5848 5248//5848
f 5186//5849 5248//5849 5187//5849
f 5187//5850 5248//5850 5249//5850
f 5187//5850 5249//5850 5188//5850
f 5188//5782 5249//5782 5189//5782
f 5249//5851 5250//5851 5189//5851
f 5189//5852 5250//5852 5251//5852
f 5189//5853 5251//5853 5190//5853
f 5190//5854 5251//5854 5252//5854
f 5190//5854 5252//5854 5191//5854
f 5191//5855 5252//5855 5253//5855
f 5191//5855 5253//5855 5192//5855
f 5192//5856 5253//5856 5254//5856
f 5192//5857 5254//5857 5193//5857
f 5193//5858 5254//5858 5255//5858
f 5193//5858 5255//5858 5194//5858
f 5194//5859 5255//5859 5256//5859
f 5194//5859 5256//5859 5195//5859
f 5195//5860 5256//5860 5257//5860
f 5195//5860 5257//5860 5196//5860
f 5196//5861 5257//5861 5258//5861
f 5196//5861 5258//5861 5197//5861
f 5197//5862 5258//5862 5259//5862
f 5197//5862 5259//5862 5198//5862
f 5198//5863 5259//5863 5260//5863
f 5198//5863 5260//5863 5199//5863
f 5199//5864 5260//5864 5261//5864
f 5199//5864 5261//5864 5200//5864
f 5200//5865 5261//5865 5262//5865
f 5200//5866 5262//5866 5201//5866
f 5201//5867 5262//5867 5263//5867
f 5201//5867 5263//5867 5202//5867
f 5202//5868 5263//5868 5264//5868
f 5202//5869 5264//5869 5203//5869
f 5203//5870 5264//5870 5265//5870
f 5203//5870 5265//5870 5204//5870
f 5204//5871 5265//5871 5266//5871
f 5204//5871 5266//5871 5205//5871
f 5205//5872 5266//5872 5267//5872
f 5205//5872 5267//5872 5206//5872
f 5206//5873 5267//5873 5268//5873
f 5206//5873 5268//5873 5207//5873
f 5207//5874 5268//5874 5269//5874
f 5207//5874 5269//5874 5208//5874
f 5208//5875 5269//5875 5270//5875
f 5208//5875 5270//5875 5209//5875
f 5209//5876 5270//5876 5271//5876
f 5209//5876 5271//5876 5210//5876
f 5210//5877 5271//5877 5272//5877
f 5210//5877 5272//5877 5211//5877
f 5211//5878 5272//5878 5273//5878
f 5211//5879 5273//5879 5212//5879
f 5212//5880 5273//5880 5274//5880
f 5212//5880 5274//5880 5213//5880
f 5213//5881 5274//5881 5275//5881
f 5213//5881 5275//5881 5214//5881
f 5214//5882 5275//5882 5276//5882
f 5214//5883 5276//5883 5215//5883
f 5215//5884 5276//5884 5277//5884
f 5215//5885 5277//5885 5216//5885
f 5216//5886 5277//5886 5278//5886
f 5216//5887 5278//5887 5217//5887
f 5217//5888 5278//5888 5279//5888
f 5217//5888 5279//5888 5218//5888
f 5218//5889 5279//5889 5280//5889
f 5218//5889 5280//5889 5219//5889
f 5219//5890 5280//5890 5281//5890
f 5219//5891 5281//5891 5220//5891
f 5220//5892 5281//5892 5282//5892
f 5220//5892 5282//5892 5221//5892
f 5221//5893 5282//5893 5283//5893
f 5221//5894 5283//5894 5222//5894
f 5222//5895 5283//5895 5284//5895
f 5222//5896 5284//5896 5223//5896
f 5223//5897 5284//5897 5285//5897
f 5223//5897 5285//5897 5224//5897
f 5224//5898 5285//5898 5286//5898
f 5224//5898 5286//5898 5225//5898
f 5225//5899 5286//5899 5287//5899
f 5225//5899 5287//5899 5226//5899
f 5226//5900 5287//5900 5288//5900
f 5226//5901 5288//5901 5227//5901
f 5227//5902 5288//5902 5289//5902
f 5227//5902 5289//5902 5228//5902
f 5228//5903 5289//5903 5290//5903
f 5228//5903 5290//5903 5229//5903
f 5229//5904 5290//5904 5291//5904
f 5229//5904 5291//5904 5230//5904
f 5230//5905 5291//5905 5292//5905
f 5230//5905 5292//5905 5231//5905
f 5231//5906 5292//5906 5293//5906
f 5231//5906 5293//5906 5232//5906
f 5232//5907 5293//5907 5294//5907
f 5232//5907 5294//5907 5233//5907
f 5233//5908 5294//5908 5295//5908
f 5233//5908 5295//5908 5234//5908
f 5234//5909 5295//5909 5296//5909
f 5234//5910 5296//5910 5235//5910
f 5235//5911 5296//5911 5297//5911
f 5235//5912 5297//5912 5236//5912
f 5236//5913 5297//5913 5298//5913
f 5236//5914 5298//5914 5237//5914
f 5237//5915 5298//5915 5299//5915
f 5237//5915 5299//5915 5238//5915
f 5238//5916 5299//5916 5300//5916
f 5238//5916 5300//5916 5239//5916
f 5239//5917 5300//5917 5301//5917
f 5239//5918 5301//5918 5240//5918
f 5240//5919 5301//5919 5302//5919
f 5240//5919 5302//5919 5241//5919
f 5241//5920 5302//5920 5303//5920
f 5241//5920 5303//5920 5242//5920
f 5242//5921 5303//5921 5304//5921
f 5242//5921 5304//5921 5243//5921
f 5243//5922 5304//5922 5305//5922
f 5243//5922 5305//5922 5244//5922
f 5244//5923 5305//5923 5306//5923
f 5244//5924 5306//5924 5245//5924
f 5245//5925 5306//5925 5307//5925
f 5245//5925 5307//5925 5246//5925
f 5246//5926 5307//5926 5308//5926
f 5246//5926 5308//5926 5247//5926
f 5247//5927 5308//5927 5309//5927
f 5247//5928 5309//5928 5248//5928
f 5248//5929 5309//5929 5310//5929
f 5248//5930 5310//5930 5249//5930
f 5249//5931 5310//5931 5250//5931
f 5310//5932 5311//5932 5250//5932
f 5250//5933 5311//5933 5312//5933
f 5250//5933 5312//5933 5251//5933
f 5251//5934 5312//5934 5313//5934
f 5251//5934 5313//5934 5252//5934
f 5252//5935 5313//5935 5314//5935
f 5252//5935 5314//5935 5253//5935
f 5253//5936 5314//5936 5315//5936
f 5253//5936 5315//5936 5254//5936
f 5254//5937 5315//5937 5316//5937
f 5254//5937 5316//5937 5255//5937
f 5255//5938 5316//5938 5317//5938
f 5255//5938 5317//5938 5256//5938
f 5256//5939 5317//5939 5318//5939
f 5256//5940 5318//5940 5257//5940
f 5257//5941 5318//5941 5319//5941
f 5257//5941 5319//5941 5258//5941
f 5258//5942 5319//5942 5320//5942
f 5258//5942 5320//5942 5259//5942
f 5259//5943 5320//5943 5321//5943
f 5259//5943 5321//5943 5260//5943
f 5260//5944 5321//5944 5322//5944
f 5260//5944 5322//5944 5261//5944
f 5261//5945 5322//5945 5323//5945
f 5261//5945 5323//5945 5262//5945
f 5262//5946 5323//5946 5324//5946
f 5262//5946 5324//5946 5263//5946
f 5263//5947 5324//5947 5325//5947
f 5263//5947 5325//5947 5264//5947
f 5264//5948 5325//5948 5326//5948
f 5264//5948 5326//5948 5265//5948
f 5265//5949 5326//5949 5327//5949
f 5265//5949 5327//5949 5266//5949
f 5266//5950 5327//5950 5328//5950
f 5266//5950 5328//5950 5267//5950
f 5267//5951 5328//5951 5329//5951
f 5267//5951 5329//5951 5268//5951
f 5268//5952 5329//5952 5330//5952
f 5268//5952 5330//5952 5269//5952
f 5269//5953 5330//5953 5331//5953
f 5269//5953 5331//5953 5270//5953
f 5270//5954 5331//5954 5332//5954
f 5270//5954 5332//5954 5271//5954
f 5271//5955 5332//5955 5333//5955
f 5271//5956 5333//5956 5272//5956
f 5272//5957 5333//5957 5334//5957
f 5272//5958 5334//5958 5273//5958
f 5273//5959 5334//5959 5335//5959
f 5273//5959 5335//5959 5274//5959
f 5274//5960 5335//5960 5336//5960
f 5274//5960 5336//5960 5275//5960
f 5275//5961 5336//5961 5337//5961
f 5275//5961 5337//5961 5276//5961
f 5276//5962 5337//5962 5338//5962
f 5276//5962 5338//5962 5277//5962
f 5277//5963 5338//5963 5339//5963
f 5277//5964 5339//5964 5278//5964
f 5278//5965 5339//5965 5340//5965
f 5278//5965 5340//5965 5279//5965
f 5279//5966 5340//5966 5341//5966
f 5279//5967 5341//5967 5280//5967
f 5280//5968 5341//5968 5342//5968
f 5280//5969 5342//5969 5281//5969
f 5281//5970 5342//5970 5343//5970
f 5281//5971 5343//5971 5282//5971
f 5282//5972 5343//5972 5344//5972
f 5282//5973 5344//5973 5283//5973
f 5283//5974 5344//5974 5345//5974
f 5283//5975 5345//5975 5284//5975
f 5284//5976 5345//5976 5346//5976
f 5284//5976 5346//5976 5285//5976
f 5285//5977 5346//5977 5347//5977
f 5285//5977 5347//5977 5286//5977
f 5286//5978 5347//5978 5348//5978
f 5286//5979 5348//5979 5287//5979
f 5287//5980 5348//5980 5349//5980
f 5287//5981 5349//5981 5288//5981
f 5288//5982 5349//5982 5350//5982
f 5288//5982 5350//5982 5289//5982
f 5289//5983 5350//5983 5351//5983
f 5289//5983 5351//5983 5290//5983
f 5290//5984 5351//5984 5352//5984
f 5290//5984 5352//5984 5291//5984
f 5291//5985 5352//5985 5353//5985
f 5291//5985 5353//5985 5292//5985
f 5292//5986 5353//5986 5354//5986
f 5292//5986 5354//5986 5293//5986
f 5293//5987 5354//5987 5355//5987
f 5293//5987 5355//5987 5294//5987
f 5294//5988 5355//5988 5356//5988
f 5294//5989 5356//5989 5295//5989
f 5295//5990 5356//5990 5357//5990
f 5295//5990 5357//5990 5296//5990
f 5296//5991 5357//5991 5358//5991
f 5296//5991 5358//5991 5297//5991
f 5297//5992 5358//5992 5359//5992
f 5297//5992 5359//5992 5298//5992
f 5298//5993 5359//5993 5360//5993
f 5298//5993 5360//5993 5299//5993
f 5299//5994 5360//5994 5361//5994
f 5299//5994 5361//5994 5300//5994
f 5300//5995 5361//5995 5362//5995
f 5300//5995 5362//5995 5301//5995
f 5301//5996 5362//5996 5363//5996
f 5301//5996 5363//5996 5302//5996
f 5302//5997 5363//5997 5364//5997
f 5302//5998 5364//5998 5303//5998
f 5303//5999 5364//5999 5365//5999
f 5303//5999 5365//5999 5304//5999
f 5304//6000 5365//6000 5366//6000
f 5304//6000 5366//6000 5305//6000
f 5305//6001 5366//6001 5367//6001
f 5305//6001 5367//6001 5306//6001
f 5306//6002 5367//6002 5368//6002
f 5306//6002 5368//6002 5307//6002
f 5307//6003 5368//6003 5369//6003
f 5307//6003 5369//6003 5308//6003
f 5308//6004 5369//6004 5370//6004
f 5308//6005 5370//6005 5309//6005
f 5309//6006 5370//6006 5371//6006
f 5309//6006 5371//6006 5310//6006
f 5310//5932 5371//5932 5311//5932
f 5371//6007 5372//6007 5311//6007
f 5311//6008 5372//6008 5373//6008
f 5311//6009 5373//6009 5312//6009
f 5312//6010 5373//6010 5374//6010
f 5312//6010 5374//6010 5313//6010
f 5313//6011 5374//6011 5375//6011
f 5313//6011 5375//6011 5314//6011
f 5314//6012 5375//6012 5376//6012
f 5314//6012 5376//6012 5315//6012
f 5315//6013 5376//6013 5377//6013
f 5315//6013 5377//6013 5316//6013
f 5316//6014 5377//6014 5378//6014
f 5316//6014 5378//6014 5317//6014
f 5317//6015 5378//6015 5379//6015
f 5317//6015 5379//6015 5318//6015
f 5318//6016 5379//6016 5380//6016
f 5318//6016 5380//6016 5319//6016
f 5319//6017 5380//6017 5381//6017
f 5319//6017 5381//6017 5320//6017
f 5320//6018 5381//6018 5382//6018
f 5320//6018 5382//6018 5321//6018
f 5321//6019 5382//6019 5383//6019
f 5321//6019 5383//6019 5322//6019
f 5322//6020 5383//6020 5384//6020
f 5322//6020 5384//6020 5323//6020
f 5323//6021 5384//6021 5385//6021
f 5323//6021 5385//6021 5324//6021
f 5324//6022 5385//6022 5386//6022
f 5324//6022 5386//6022 5325//6022
f 5325//6023 5386//6023 5387//6023
f 5325//6023 5387//6023 5326//6023
f 5326//6024 5387//6024 5388//6024
f 5326//6025 5388//6025 5327//6025
f 5327//6026 5388//6026 5389//6026
f 5327//6026 5389//6026 5328//6026
f 5328//6027 5389//6027 5390//6027
f 5328//6027 5390//6027 5329//6027
f 5329//6028 5390//6028 5391//6028
f 5329//6029 5391//6029 5330//6029
f 5330//6030 5391//6030 5392//6030
f 5330//6031 5392//6031 5331//6031
f 5331//6032 5392//6032 5393//6032
f 5331//6032 5393//6032 5332//6032
f 5332//6033 5393//6033 5394//6033
f 5332//6033 5394//6033 5333//6033
f 5333//6034 5394//6034 5395//6034
f 5333//6034 5395//6034 5334//6034
f 5334//6035 5395//6035 5396//6035
f 5334//6036 5396//6036 5335//6036
f 5335//6037 5396//6037 5397//6037
f 5335//6037 5397//6037 5336//6037
f 5336//6038 5397//6038 5398//6038
f 5336//6038 5398//6038 5337//6038
f 5337//6039 5398//6039 5399//6039
f 5337//6039 5399//6039 5338//6039
f 5338//6040 5399//6040 5400//6040
f 5338//6040 5400//6040 5339//6040
f 5339//6041 5400//6041 5401//6041
f 5339//6042 5401//6042 5340//6042
f 5340//6043 5401//6043 5402//6043
f 5340//6043 5402//6043 5341//6043
f 5341//6044 5402//6044 5403//6044
f 5341//6045 5403//6045 5342//6045
f 5342//6046 5403//6046 5404//6046
f 5342//6046 5404//6046 5343//6046
f 5343//6047 5404//6047 5405//6047
f 5343//6047 5405//6047 5344//6047
f 5344//6048 5405//6048 5406//6048
f 5344//6048 5406//6048 5345//6048
f 5345//6049 5406//6049 5407//6049
f 5345//6049 5407//6049 5346//6049
f 5346//6050 5407//6050 5408//6050
f 5346//6051 5408//6051 5347//6051
f 5347//6052 5408//6052 5409//6052
f 5347//6053 5409//6053 5348//6053
f 5348//6054 5409//6054 5410//6054
f 5348//6054 5410//6054 5349//6054
f 5349//6055 5410//6055 5411//6055
f 5349//6055 5411//6055 5350//6055
f 5350//6056 5411//6056 5412//6056
f 5350//6056 5412//6056 5351//6056
f 5351//6057 5412//6057 5413//6057
f 5351//6057 5413//6057 5352//6057
f 5352//6058 5413//6058 5414//6058
f 5352//6058 5414//6058 5353//6058
f 5353//6059 5414//6059 5415//6059
f 5353//6059 5415//6059 5354//6059
f 5354//6060 5415//6060 5416//6060
f 5354//6060 5416//6060 5355//6060
f 5355//6061 5416//6061 5417//6061
f 5355//6061 5417//6061 5356//6061
f 5356//6062 5417//6062 5418//6062
f 5356//6062 5418//6062 5357//6062
f 5357//6063 5418//6063 5419//6063
f 5357//6063 5419//6063 5358//6063
f 5358//6064 5419//6064 5420//6064
f 5358//6064 5420//6064 5359//6064
f 5359//6065 5420//6065 5421//6065
f 5359//6066 5421//6066 5360//6066
f 5360//6067 5421//6067 5422//6067
f 5360//6067 5422//6067 5361//6067
f 5361//6068 5422//6068 5423//6068
f 5361//6068 5423//6068 5362//6068
f 5362//6069 5423//6069 5424//6069
f 5362//6069 5424//6069 5363//6069
f 5363//6070 5424//6070 5425//6070
f 5363//6071 5425//6071 5364//6071
f 5364//6072 5425//6072 5426//6072
f 5364//6072 5426//6072 5365//6072
f 5365//6073 5426//6073 5427//6073
f 5365//6073 5427//6073 5366//6073
f 5366//6074 5427//6074 5428//6074
f 5366//6074 5428//6074 5367//6074
f 5367//6075 5428//6075 5429//6075
f 5367//6076 5429//6076 5368//6076
f 5368//6077 5429//6077 5430//6077
f 5368//6078 5430//6078 5369//6078
f 5369//6079 5430//6079 5431//6079
f 5369//6079 5431//6079 5370//6079
f 5370//6080 5431//6080 5432//6080
f 5370//6080 5432//6080 5371//6080
f 5371//6007 5432//6007 5372//6007
f 5432//6081 5433//6081 5372//6081
f 5372//6082 5433//6082 5434//6082
f 5372//6083 5434//6083 5373//6083
f 5373//6084 5434//6084 5435//6084
f 5373//6084 5435//6084 5374//6084
f 5374//6085 5435//6085 5436//6085
f 5374//6085 5436//6085 5375//6085
f 5375//6086 5436//6086 5437//6086
f 5375//6086 5437//6086 5376//6086
f 5376//6087 5437//6087 5438//6087
f 5376//6088 5438//6088 5377//6088
f 5377//6089 5438//6089 5439//6089
f 5377//6089 5439//6089 5378//6089
f 5378//6090 5439//6090 5440//6090
f 5378//6090 5440//6090 5379//6090
f 5379//6091 5440//6091 5441//6091
f 5379//6091 5441//6091 5380//6091
f 5380//6092 5441//6092 5442//6092
f 5380//6092 5442//6092 5381//6092
f 5381//6093 5442//6093 5443//6093
f 5381//6093 5443//6093 5382//6093
f 5382//6094 5443//6094 5444//6094
f 5382//6094 5444//6094 5383//6094
f 5383//6095 5444//6095 5445//6095
f 5383//6096 5445//6096 5384//6096
f 5384//6097 5445//6097 5446//6097
f 5384//6097 5446//6097 5385//6097
f 5385//6098 5446//6098 5447//6098
f 5385//6098 5447//6098 5386//6098
f 5386//6099 5447//6099 5448//6099
f 5386//6100 5448//6100 5387//6100
f 5387//6101 5448//6101 5449//6101
f 5387//6101 5449//6101 5388//6101
f 5388//6102 5449//6102 5450//6102
f 5388//6102 5450//6102 5389//6102
f 5389//6103 5450//6103 5451//6103
f 5389//6103 5451//6103 5390//6103
f 5390//6104 5451//6104 5452//6104
f 5390//6105 5452//6105 5391//6105
f 5391//6106 5452//6106 5453//6106
f 5391//6106 5453//6106 5392//6106
f 5392//6107 5453//6107 5454//6107
f 5392//6107 5454//6107 5393//6107
f 5393//6108 5454//6108 5455//6108
f 5393//6108 5455//6108 5394//6108
f 5394//6109 5455//6109 5456//6109
f 5394//6110 5456//6110 5395//6110
f 5395//6111 5456//6111 5457//6111
f 5395//6111 5457//6111 5396//6111
f 5396//6112 5457//6112 5458//6112
f 5396//6112 5458//6112 5397//6112
f 5397//6113 5458//6113 5459//6113
f 5397//6114 5459//6114 5398//6114
f 5398//6115 5459//6115 5460//6115
f 5398//6115 5460//6115 5399//6115
f 5399//6116 5460//6116 5461//6116
f 5399//6116 5461//6116 5400//6116
f 5400//6117 5461//6117 5462//6117
f 5400//6118 5462//6118 5401//6118
f 5401//6119 5462//6119 5463//6119
f 5401//6119 5463//6119 5402//6119
f 5402//6120 5463//6120 5464//6120
f 5402//6120 5464//6120 5403//6120
f 5403//6121 5464//6121 5465//6121
f 5403//6122 5465//6122 5404//6122
f 5404//6123 5465//6123 5466//6123
f 5404//6123 5466//6123 5405//6123
f 5405//6124 5466//6124 5467//6124
f 5405//6124 5467//6124 5406//6124
f 5406//6125 5467//6125 5468//6125
f 5406//6125 5468//6125 5407//6125
f 5407//6126 5468//6126 5469//6126
f 5407//6126 5469//6126 5408//6126
f 5408//6127 5469//6127 5470//6127
f 5408//6128 5470//6128 5409//6128
f 5409//6129 5470//6129 5471//6129
f 5409//6129 5471//6129 5410//6129
f 5410//6130 5471//6130 5472//6130
f 5410//6130 5472//6130 5411//6130
f 5411//6131 5472//6131 5473//6131
f 5411//6131 5473//6131 5412//6131
f 5412//6132 5473//6132 5474//6132
f 5412//6133 5474//6133 5413//6133
f 5413//6134 5474//6134 5475//6134
f 5413//6134 5475//6134 5414//6134
f 5414//6135 5475//6135 5476//6135
f 5414//6135 5476//6135 5415//6135
f 5415//6136 5476//6136 5477//6136
f 5415//6136 5477//6136 5416//6136
f 5416//6137 5477//6137 5478//6137
f 5416//6137 5478//6137 5417//6137
f 5417//6138 5478//6138 5479//6138
f 5417//6138 5479//6138 5418//6138
f 5418//6139 5479//6139 5480//6139
f 5418//6139 5480//6139 5419//6139
f 5419//6140 5480//6140 5481//6140
f 5419//6141 5481//6141 5420//6141
f 5420//6142 5481//6142 5482//6142
f 5420//6143 5482//6143 5421//6143
f 5421//6144 5482//6144 5483//6144
f 5421//6145 5483//6145 5422//6145
f 5422//6146 5483//6146 5484//6146
f 5422//6146 5484//6146 5423//6146
f 5423//6147 5484//6147 5485//6147
f 5423//6147 5485//6147 5424//6147
f 5424//6148 5485//6148 5486//6148
f 5424//6149 5486//6149 5425//6149
f 5425//6150 5486//6150 5487//6150
f 5425//6150 5487//6150 5426//6150
f 5426//6151 5487//6151 5488//6151
f 5426//6151 5488//6151 5427//6151
f 5427//6152 5488//6152 5489//6152
f 5427//6152 5489//6152 5428//6152
f 5428//6153 5489//6153 5490//6153
f 5428//6153 5490//6153 5429//6153
f 5429//6154 5490//6154 5491//6154
f 5429//6154 5491//6154 5430//6154
f 5430//6155 5491//6155 5492//6155
f 5430//6156 5492//6156 5431//6156
f 5431//6157 5492//6157 5493//6157
f 5431//6157 5493//6157 5432//6157
f 5432//6081 5493//6081 5433//6081
f 5493//6158 5494//6158 5433//6158
f 5433//6159 5494//6159 5495//6159
f 5433//6159 5495//6159 5434//6159
f 5434//6160 5495//6160 5496//6160
f 5434//6160 5496//6160 5435//6160
f 5435//6161 5496//6161 5497//6161
f 5435//6161 5497//6161 5436//6161
f 5436//6162 5497//6162 5498//6162
f 5436//6162 5498//6162 5437//6162
f 5437//6163 5498//6163 5499//6163
f 5437//6163 5499//6163 5438//6163
f 5438//6164 5499//6164 5500//6164
f 5438//6164 5500//6164 5439//6164
f 5439//6165 5500//6165 5501//6165
f 5439//6166 5501//6166 5440//6166
f 5440//6167 5501//6167 5502//6167
f 5440//6167 5502//6167 5441//6167
f 5441//6168 5502//6168 5503//6168
f 5441//6168 5503//6168 5442//6168
f 5442//6169 5503//6169 5504//6169
f 5442//6169 5504//6169 5443//6169
f 5443//6170 5504//6170 5505//6170
f 5443//6170 5505//6170 5444//6170
f 5444//6171 5505//6171 5506//6171
f 5444//6171 5506//6171 5445//6171
f 5445//6172 5506//6172 5507//6172
f 5445//6172 5507//6172 5446//6172
f 5446//6173 5507//6173 5508//6173
f 5446//6173 5508//6173 5447//6173
f 5447//6174 5508//6174 5509//6174
f 5447//6174 5509//6174 5448//6174
f 5448//6175 5509//6175 5510//6175
f 5448//6175 5510//6175 5449//6175
f 5449//6176 5510//6176 5511//6176
f 5449//6176 5511//6176 5450//6176
f 5450//6177 5511//6177 5512//6177
f 5450//6178 5512//6178 5451//6178
f 5451//6179 5512//6179 5513//6179
f 5451//6179 5513//6179 5452//6179
f 5452//6180 5513//6180 5514//6180
f 5452//6181 5514//6181 5453//6181
f 5453//6182 5514//6182 5515//6182
f 5453//6183 5515//6183 5454//6183
f 5454//6184 5515//6184 5516//6184
f 5454//6184 5516//6184 5455//6184
f 5455//6185 5516//6185 5517//6185
f 5455//6185 5517//6185 5456//6185
f 5456//6186 5517//6186 5518//6186
f 5456//6187 5518//6187 5457//6187
f 5457//6188 5518//6188 5519//6188
f 5457//6189 5519//6189 5458//6189
f 5458//6190 5519//6190 5520//6190
f 5458//6190 5520//6190 5459//6190
f 5459//6191 5520//6191 5521//6191
f 5459//6191 5521//6191 5460//6191
f 5460//6192 5521//6192 5522//6192
f 5460//6192 5522//6192 5461//6192
f 5461//6193 5522//6193 5523//6193
f 5461//6193 5523//6193 5462//6193
f 5462//6194 5523//6194 5524//6194
f 5462//6195 5524//6195 5463//6195
f 5463//6196 5524//6196 5525//6196
f 5463//6196 5525//6196 5464//6196
f 5464//6197 5525//6197 5526//6197
f 5464//6198 5526//6198 5465//6198
f 5465//6199 5526//6199 5527//6199
f 5465//6199 5527//6199 5466//6199
f 5466//6200 5527//6200 5528//6200
f 5466//6200 5528//6200 5467//6200
f 5467//6201 5528//6201 5529//6201
f 5467//6202 5529//6202 5468//6202
f 5468//6203 5529//6203 5530//6203
f 5468//6204 5530//6204 5469//6204
f 5469//6205 5530//6205 5531//6205
f 5469//6206 5531//6206 5470//6206
f 5470//6207 5531//6207 5532//6207
f 5470//6207 5532//6207 5471//6207
f 5471//6208 5532//6208 5533//6208
f 5471//6208 5533//6208 5472//6208
f 5472//6209 5533//6209 5534//6209
f 5472//6209 5534//6209 5473//6209
f 5473//6210 5534//6210 5535//6210
f 5473//6210 5535//6210 5474//6210
f 5474//6211 5535//6211 5536//6211
f 5474//6211 5536//6211 5475//6211
f 5475//6212 5536//6212 5537//6212
f 5475//6212 5537//6212 5476//6212
f 5476//6213 5537//6213 5538//6213
f 5476//6213 5538//6213 5477//6213
f 5477//6214 5538//6214 5539//6214
f 5477//6214 5539//6214 5478//6214
f 5478//6215 5539//6215 5540//6215
f 5478//6215 5540//6215 5479//6215
f 5479//6216 5540//6216 5541//6216
f 5479//6216 5541//6216 5480//6216
f 5480//6217 5541//6217 5542//6217
f 5480//6217 5542//6217 5481//6217
f 5481//6218 5542//6218 5543//6218
f 5481//6218 5543//6218 5482//6218
f 5482//6219 5543//6219 5544//6219
f 5482//6219 5544//6219 5483//6219
f 5483//6220 5544//6220 5545//6220
f 5483//6220 5545//6220 5484//6220
f 5484//6221 5545//6221 5546//6221
f 5484//6221 5546//6221 5485//6221
f 5485//6222 5546//6222 5547//6222
f 5485//6223 5547//6223 5486//6223
f 5486//6224 5547//6224 5548//6224
f 5486//6224 5548//6224 5487//6224
f 5487//6225 5548//6225 5549//6225
f 5487//6226 5549//6226 5488//6226
f 5488//6227 5549//6227 5550//6227
f 5488//6227 5550//6227 5489//6227
f 5489//6228 5550//6228 5551//6228
f 5489//6228 5551//6228 5490//6228
f 5490//6229 5551//6229 5552//6229
f 5490//6230 5552//6230 5491//6230
f 5491//6231 5552//6231 5553//6231
f 5491//6231 5553//6231 5492//6231
f 5492//6232 5553//6232 5554//6232
f 5492//6232 5554//6232 5493//6232
f 5493//6158 5554//6158 5494//6158
f 5554//6233 5555//6233 5494//6233
f 5494//6234 5555//6234 5556//6234
f 5494//6235 5556//6235 5495//6235
f 5495//6236 5556//6236 5557//6236
f 5495//6236 5557//6236 5496//6236
f 5496//6237 5557//6237 5558//6237
f 5496//6237 5558//6237 5497//6237
f 5497//6238 5558//6238 5559//6238
f 5497//6238 5559//6238 5498//6238
f 5498//6239 5559//6239 5560//6239
f 5498//6239 5560//6239 5499//6239
f 5499//6240 5560//6240 5561//6240
f 5499//6240 5561//6240 5500//6240
f 5500//6241 5561//6241 5562//6241
f 5500//6241 5562//6241 5501//6241
f 5501//6242 5562//6242 5563//6242
f 5501//6242 5563//6242 5502//6242
f 5502//6243 5563//6243 5564//6243
f 5502//6243 5564//6243 5503//6243
f 5503//6244 5564//6244 5565//6244
f 5503//6244 5565//6244 5504//6244
f 5504//6245 5565//6245 5566//6245
f 5504//6245 5566//6245 5505//6245
f 5505//6246 5566//6246 5567//6246
f 5505//6246 5567//6246 5506//6246
f 5506//6247 5567//6247 5568//6247
f 5506//6248 5568//6248 5507//6248
f 5507//6249 5568//6249 5569//6249
f 5507//6249 5569//6249 5508//6249
f 5508//6250 5569//6250 5570//6250
f 5508//6250 5570//6250 5509//6250
f 5509//6251 5570//6251 5571//6251
f 5509//6251 5571//6251 5510//6251
f 5510//6252 5571//6252 5572//6252
f 5510//6252 5572//6252 5511//6252
f 5511//6253 5572//6253 5573//6253
f 5511//6253 5573//6253 5512//6253
f 5512//6254 5573//6254 5574//6254
f 5512//6254 5574//6254 5513//6254
f 5513//6255 5574//6255 5575//6255
f 5513//6255 5575//6255 5514//6255
f 5514//6256 5575//6256 5576//6256
f 5514//6257 5576//6257 5515//6257
f 5515//6258 5576//6258 5577//6258
f 5515//6258 5577//6258 5516//6258
f 5516//6259 5577//6259 5578//6259
f 5516//6259 5578//6259 5517//6259
f 5517//6260 5578//6260 5579//6260
f 5517//6260 5579//6260 5518//6260
f 5518//6261 5579//6261 5580//6261
f 5518//6262 5580//6262 5519//6262
f 5519//6263 5580//6263 5581//6263
f 5519//6264 5581//6264 5520//6264
f 5520//6265 5581//6265 5582//6265
f 5520//6265 5582//6265 5521//6265
f 5521//6266 5582//6266 5583//6266
f 5521//6267 5583//6267 5522//6267
f 5522//6268 5583//6268 5584//6268
f 5522//6268 5584//6268 5523//6268
f 5523//6269 5584//6269 5585//6269
f 5523//6269 5585//6269 5524//6269
f 5524//6270 5585//6270 5586//6270
f 5524//6270 5586//6270 5525//6270
f 5525//6271 5586//6271 5587//6271
f 5525//6271 5587//6271 5526//6271
f 5526//6272 5587//6272 5588//6272
f 5526//6273 5588//6273 5527//6273
f 5527//6274 5588//6274 5589//6274
f 5527//6275 5589//6275 5528//6275
f 5528//6276 5589//6276 5590//6276
f 5528//6277 5590//6277 5529//6277
f 5529//6278 5590//6278 5591//6278
f 5529//6278 5591//6278 5530//6278
f 5530//6279 5591//6279 5592//6279
f 5530//6279 5592//6279 5531//6279
f 5531//6280 5592//6280 5593//6280
f 5531//6280 5593//6280 5532//6280
f 5532//6281 5593//6281 5594//6281
f 5532//6282 5594//6282 5533//6282
f 5533//6283 5594//6283 5595//6283
f 5533//6283 5595//6283 5534//6283
f 5534//6284 5595//6284 5596//6284
f 5534//6284 5596//6284 5535//6284
f 5535//6285 5596//6285 5597//6285
f 5535//6285 5597//6285 5536//6285
f 5536//6286 5597//6286 5598//6286
f 5536//6286 5598//6286 5537//6286
f 5537//6287 5598//6287 5599//6287
f 5537//6287 5599//6287 5538//6287
f 5538//6288 5599//6288 5600//6288
f 5538//6288 5600//6288 5539//6288
f 5539//6289 5600//6289 5601//6289
f 5539//6289 5601//6289 5540//6289
f 5540//6290 5601//6290 5602//6290
f 5540//6290 5602//6290 5541//6290
f 5541//6291 5602//6291 5603//6291
f 5541//6292 5603//6292 5542//6292
f 5542//6293 5603//6293 5604//6293
f 5542//6293 5604//6293 5543//6293
f 5543//6294 5604//6294 5605//6294
f 5543//6294 5605//6294 5544//6294
f 5544//6295 5605//6295 5606//6295
f 5544//6295 5606//6295 5545//6295
f 5545//6296 5606//6296 5607//6296
f 5545//6297 5607//6297 5546//6297
f 5546//6298 5607//6298 5608//6298
f 5546//6298 5608//6298 5547//6298
f 5547//6299 5608//6299 5609//6299
f 5547//6299 5609//6299 5548//6299
f 5548//6300 5609//6300 5610//6300
f 5548//6300 5610//6300 5549//6300
f 5549//6301 5610//6301 5611//6301
f 5549//6301 5611//6301 5550//6301
f 5550//6302 5611//6302 5612//6302
f 5550//6302 5612//6302 5551//6302
f 5551//6303 5612//6303 5613//6303
f 5551//6303 5613//6303 5552//6303
f 5552//6304 5613//6304 5614//6304
f 5552//6305 5614//6305 5553//6305
f 5553//6306 5614//6306 5615//6306
f 5553//6306 5615//6306 5554//6306
f 5554//6233 5615//6233 5555//6233
f 5615//6307 5616//6307 5555//6307
f 5555//6308 5616//6308 5617//6308
f 5555//6308 5617//6308 5556//6308
f 5556//6309 5617//6309 5618//6309
f 5556//6310 5618//6310 5557//6310
f 5557//6311 5618//6311 5619//6311
f 5557//6311 5619//6311 5558//6311
f 5558//6312 5619//6312 5620//6312
f 5558//6312 5620//6312 5559//6312
f 5559//6313 5620//6313 5621//6313
f 5559//6313 5621//6313 5560//6313
f 5560//6314 5621//6314 5622//6314
f 5560//6314 5622//6314 5561//6314
f 5561//6315 5622//6315 5623//6315
f 5561//6315 5623//6315 5562//6315
f 5562//6316 5623//6316 5624//6316
f 5562//6316 5624//6316 5563//6316
f 5563//6317 5624//6317 5625//6317
f 5563//6318 5625//6318 5564//6318
f 5564//6319 5625//6319 5626//6319
f 5564//6319 5626//6319 5565//6319
f 5565//6320 5626//6320 5627//6320
f 5565//6320 5627//6320 5566//6320
f 5566//6321 5627//6321 5628//6321
f 5566//6321 5628//6321 5567//6321
f 5567//6322 5628//6322 5629//6322
f 5567//6322 5629//6322 5568//6322
f 5568//6323 5629//6323 5630//6323
f 5568//6323 5630//6323 5569//6323
f 5569//6324 5630//6324 5631//6324
f 5569//6324 5631//6324 5570//6324
f 5570//6325 5631//6325 5632//6325
f 5570//6326 5632//6326 5571//6326
f 5571//6327 5632//6327 5633//6327
f 5571//6327 5633//6327 5572//6327
f 5572//6328 5633//6328 5634//6328
f 5572//6329 5634//6329 5573//6329
f 5573//6330 5634//6330 5635//6330
f 5573//6330 5635//6330 5574//6330
f 5574//6331 5635//6331 5636//6331
f 5574//6331 5636//6331 5575//6331
f 5575//6332 5636//6332 5637//6332
f 5575//6333 5637//6333 5576//6333
f 5576//6334 5637//6334 5638//6334
f 5576//6335 5638//6335 5577//6335
f 5577//6336 5638//6336 5639//6336
f 5577//6336 5639//6336 5578//6336
f 5578//6337 5639//6337 5640//6337
f 5578//6337 5640//6337 5579//6337
f 5579//6338 5640//6338 5641//6338
f 5579//6338 5641//6338 5580//6338
f 5580//6339 5641//6339 5642//6339
f 5580//6340 5642//6340 5581//6340
f 5581//6341 5642//6341 5643//6341
f 5581//6341 5643//6341 5582//6341
f 5582//6342 5643//6342 5644//6342
f 5582//6342 5644//6342 5583//6342
f 5583//6343 5644//6343 5645//6343
f 5583//6343 5645//6343 5584//6343
f 5584//6344 5645//6344 5646//6344
f 5584//6344 5646//6344 5585//6344
f 5585//6345 5646//6345 5647//6345
f 5585//6345 5647//6345 5586//6345
f 5586//6346 5647//6346 5648//6346
f 5586//6347 5648//6347 5587//6347
f 5587//6348 5648//6348 5649//6348
f 5587//6348 5649//6348 5588//6348
f 5588//6349 5649//6349 5650//6349
f 5588//6350 5650//6350 5589//6350
f 5589//6351 5650//6351 5651//6351
f 5589//6351 5651//6351 5590//6351
f 5590//6352 5651//6352 5652//6352
f 5590//6353 5652//6353 5591//6353
f 5591//6354 5652//6354 5653//6354
f 5591//6354 5653//6354 5592//6354
f 5592//6355 5653//6355 5654//6355
f 5592//6356 5654//6356 5593//6356
f 5593//6357 5654//6357 5655//6357
f 5593//6357 5655//6357 5594//6357
f 5594//6358 5655//6358 5656//6358
f 5594//6358 5656//6358 5595//6358
f 5595//6359 5656//6359 5657//6359
f 5595//6359 5657//6359 5596//6359
f 5596//6360 5657//6360 5658//6360
f 5596//6361 5658//6361 5597//6361
f 5597//6362 5658//6362 5659//6362
f 5597//6363 5659//6363 5598//6363
f 5598//6364 5659//6364 5660//6364
f 5598//6364 5660//6364 5599//6364
f 5599//6365 5660//6365 5661//6365
f 5599//6366 5661//6366 5600//6366
f 5600//6367 5661//6367 5662//6367
f 5600//6367 5662//6367 5601//6367
f 5601//6368 5662//6368 5663//6368
f 5601//6369 5663//6369 5602//6369
f 5602//6370 5663//6370 5664//6370
f 5602//6371 5664//6371 5603//6371
f 5603//6372 5664//6372 5665//6372
f 5603//6372 5665//6372 5604//6372
f 5604//6373 5665//6373 5666//6373
f 5604//6374 5666//6374 5605//6374
f 5605//6375 5666//6375 5667//6375
f 5605//6375 5667//6375 5606//6375
f 5606//6376 5667//6376 5668//6376
f 5606//6377 5668//6377 5607//6377
f 5607//6378 5668//6378 5669//6378
f 5607//6379 5669//6379 5608//6379
f 5608//6380 5669//6380 5670//6380
f 5608//6380 5670//6380 5609//6380
f 5609//6381 5670//6381 5671//6381
f 5609//6381 5671//6381 5610//6381
f 5610//6382 5671//6382 5672//6382
f 5610//6382 5672//6382 5611//6382
f 5611//6383 5672//6383 5673//6383
f 5611//6383 5673//6383 5612//6383
f 5612//6384 5673//6384 5674//6384
f 5612//6384 5674//6384 5613//6384
f 5613//6385 5674//6385 5675//6385
f 5613//6385 5675//6385 5614//6385
f 5614//6386 5675//6386 5676//6386
f 5614//6386 5676//6386 5615//6386
f 5615//6307 5676//6307 5616//6307
f 5676//6387 5677//6387 5616//6387
f 5616//6388 5677//6388 5678//6388
f 5616//6389 5678//6389 5617//6389
f 5617//6390 5678//6390 5679//6390
f 5617//6390 5679//6390 5618//6390
f 5618//6391 5679//6391 5680//6391
f 5618//6391 5680//6391 5619//6391
f 5619//6392 5680//6392 5681//6392
f 5619//6392 5681//6392 5620//6392
f 5620//6393 5681//6393 5682//6393
f 5620//6393 5682//6393 5621//6393
f 5621//6394 5682//6394 5683//6394
f 5621//6395 5683//6395 5622//6395
f 5622//6396 5683//6396 5684//6396
f 5622//6396 5684//6396 5623//6396
f 5623//6397 5684//6397 5685//6397
f 5623//6397 5685//6397 5624//6397
f 5624//6398 5685//6398 5686//6398
f 5624//6398 5686//6398 5625//6398
f 5625//6399 5686//6399 5687//6399
f 5625//6399 5687//6399 5626//6399
f 5626//6400 5687//6400 5688//6400
f 5626//6400 5688//6400 5627//6400
f 5627//6401 5688//6401 5689//6401
f 5627//6401 5689//6401 5628//6401
f 5628//6402 5689//6402 5690//6402
f 5628//6402 5690//6402 5629//6402
f 5629//6403 5690//6403 5691//6403
f 5629//6403 5691//6403 5630//6403
f 5630//6404 5691//6404 5692//6404
f 5630//6404 5692//6404 5631//6404
f 5631//6405 5692//6405 5693//6405
f 5631//6405 5693//6405 5632//6405
f 5632//6406 5693//6406 5694//6406
f 5632//6407 5694//6407 5633//6407
f 5633//6408 5694//6408 5695//6408
f 5633//6408 5695//6408 5634//6408
f 5634//6409 5695//6409 5696//6409
f 5634//6410 5696//6410 5635//6410
f 5635//6411 5696//6411 5697//6411
f 5635//6412 5697//6412 5636//6412
f 5636//6413 5697//6413 5698//6413
f 5636//6413 5698//6413 5637//6413
f 5637//6414 5698//6414 5699//6414
f 5637//6415 5699//6415 5638//6415
f 5638//6416 5699//6416 5700//6416
f 5638//6417 5700//6417 5639//6417
f 5639//6418 5700//6418 5701//6418
f 5639//6418 5701//6418 5640//6418
f 5640//6419 5701//6419 5702//6419
f 5640//6420 5702//6420 5641//6420
f 5641//6421 5702//6421 5703//6421
f 5641//6421 5703//6421 5642//6421
f 5642//6422 5703//6422 5704//6422
f 5642//6423 5704//6423 5643//6423
f 5643//6424 5704//6424 5705//6424
f 5643//6424 5705//6424 5644//6424
f 5644//6425 5705//6425 5706//6425
f 5644//6425 5706//6425 5645//6425
f 5645//6426 5706//6426 5707//6426
f 5645//6427 5707//6427 5646//6427
f 5646//6428 5707//6428 5708//6428
f 5646//6428 5708//6428 5647//6428
f 5647//6429 5708//6429 5709//6429
f 5647//6430 5709//6430 5648//6430
f 5648//6431 5709//6431 5710//6431
f 5648//6432 5710//6432 5649//6432
f 5649//6433 5710//6433 5711//6433
f 5649//6433 5711//6433 5650//6433
f 5650//6434 5711//6434 5712//6434
f 5650//6434 5712//6434 5651//6434
f 5651//6435 5712//6435 5713//6435
f 5651//6435 5713//6435 5652//6435
f 5652//6436 5713//6436 5714//6436
f 5652//6437 5714//6437 5653//6437
f 5653//6438 5714//6438 5715//6438
f 5653//6438 5715//6438 5654//6438
f 5654//6439 5715//6439 5716//6439
f 5654//6439 5716//6439 5655//6439
f 5655//6440 5716//6440 5717//6440
f 5655//6441 5717//6441 5656//6441
f 5656//6442 5717//6442 5718//6442
f 5656//6443 5718//6443 5657//6443
f 5657//6444 5718//6444 5719//6444
f 5657//6445 5719//6445 5658//6445
f 5658//6446 5719//6446 5720//6446
f 5658//6446 5720//6446 5659//6446
f 5659//6447 5720//6447 5721//6447
f 5659//6448 5721//6448 5660//6448
f 5660//6449 5721//6449 5722//6449
f 5660//6450 5722//6450 5661//6450
f 5661//6451 5722//6451 5723//6451
f 5661//6452 5723//6452 5662//6452
f 5662//6453 5723//6453 5724//6453
f 5662//6453 5724//6453 5663//6453
f 5663//6454 5724//6454 5725//6454
f 5663//6454 5725//6454 5664//6454
f 5664//6455 5725//6455 5726//6455
f 5664//6455 5726//6455 5665//6455
f 5665//6456 5726//6456 5727//6456
f 5665//6456 5727//6456 5666//6456
f 5666//6457 5727//6457 5728//6457
f 5666//6457 5728//6457 5667//6457
f 5667//6458 5728//6458 5729//6458
f 5667//6458 5729//6458 5668//6458
f 5668//6459 5729//6459 5730//6459
f 5668//6460 5730//6460 5669//6460
f 5669//6461 5730//6461 5731//6461
f 5669//6461 5731//6461 5670//6461
f 5670//6462 5731//6462 5732//6462
f 5670//6463 5732//6463 5671//6463
f 5671//6464 5732//6464 5733//6464
f 5671//6464 5733//6464 5672//6464
f 5672//6465 5733//6465 5734//6465
f 5672//6465 5734//6465 5673//6465
f 5673//6466 5734//6466 5735//6466
f 5673//6466 5735//6466 5674//6466
f 5674//6467 5735//6467 5736//6467
f 5674//6467 5736//6467 5675//6467
f 5675//6468 5736//6468 5737//6468
f 5675//6469 5737//6469 5676//6469
f 5676//6470 5737//6470 5677//6470
f 5737//6471 5738//6471 5677//6471
f 5677//6472 5738//6472 5739//6472
f 5677//6472 5739//6472 5678//6472
f 5678//6473 5739//6473 5740//6473
f 5678//6473 5740//6473 5679//6473
f 5679//6474 5740//6474 5741//6474
f 5679//6474 5741//6474 5680//6474
f 5680//6475 5741//6475 5742//6475
f 5680//6475 5742//6475 5681//6475
f 5681//6476 5742//6476 5743//6476
f 5681//6476 5743//6476 5682//6476
f 5682//6477 5743//6477 5744//6477
f 5682//6477 5744//6477 5683//6477
f 5683//6478 5744//6478 5745//6478
f 5683//6478 5745//6478 5684//6478
f 5684//6479 5745//6479 5746//6479
f 5684//6479 5746//6479 5685//6479
f 5685//6480 5746//6480 5747//6480
f 5685//6480 5747//6480 5686//6480
f 5686//6481 5747//6481 5748//6481
f 5686//6481 5748//6481 5687//6481
f 5687//6482 5748//6482 5749//6482
f 5687//6482 5749//6482 5688//6482
f 5688//6483 5749//6483 5750//6483
f 5688//6483 5750//6483 5689//6483
f 5689//6484 5750//6484 5751//6484
f 5689//6484 5751//6484 5690//6484
f 5690//6485 5751//6485 5752//6485
f 5690//6485 5752//6485 5691//6485
f 5691//6486 5752//6486 5753//6486
f 5691//6487 5753//6487 5692//6487
f 5692//6488 5753//6488 5754//6488
f 5692//6488 5754//6488 5693//6488
f 5693//6489 5754//6489 5755//6489
f 5693//6490 5755//6490 5694//6490
f 5694//6491 5755//6491 5756//6491
f 5694//6491 5756//6491 5695//6491
f 5695//6492 5756//6492 5757//6492
f 5695//6492 5757//6492 5696//6492
f 5696//6493 5757//6493 5758//6493
f 5696//6494 5758//6494 5697//6494
f 5697//6495 5758//6495 5759//6495
f 5697//6496 5759//6496 5698//6496
f 5698//6497 5759//6497 5760//6497
f 5698//6498 5760//6498 5699//6498
f 5699//6499 5760//6499 5761//6499
f 5699//6500 5761//6500 5700//6500
f 5700//6501 5761//6501 5762//6501
f 5700//6502 5762//6502 5701//6502
f 5701//6503 5762//6503 5763//6503
f 5701//6503 5763//6503 5702//6503
f 5702//6504 5763//6504 5764//6504
f 5702//6505 5764//6505 5703//6505
f 5703//6506 5764//6506 5765//6506
f 5703//6506 5765//6506 5704//6506
f 5704//6507 5765//6507 5766//6507
f 5704//6507 5766//6507 5705//6507
f 5705//6508 5766//6508 5767//6508
f 5705//6509 5767//6509 5706//6509
f 5706//6510 5767//6510 5768//6510
f 5706//6510 5768//6510 5707//6510
f 5707//6511 5768//6511 5769//6511
f 5707//6512 5769//6512 5708//6512
f 5708//6513 5769//6513 5770//6513
f 5708//6513 5770//6513 5709//6513
f 5709//6514 5770//6514 5771//6514
f 5709//6515 5771//6515 5710//6515
f 5710//6516 5771//6516 5772//6516
f 5710//6516 5772//6516 5711//6516
f 5711//6517 5772//6517 5773//6517
f 5711//6517 5773//6517 5712//6517
f 5712//6518 5773//6518 5774//6518
f 5712//6518 5774//6518 5713//6518
f 5713//6519 5774//6519 5775//6519
f 5713//6520 5775//6520 5714//6520
f 5714//6521 5775//6521 5776//6521
f 5714//6522 5776//6522 5715//6522
f 5715//6523 5776//6523 5777//6523
f 5715//6523 5777//6523 5716//6523
f 5716//6524 5777//6524 5778//6524
f 5716//6524 5778//6524 5717//6524
f 5717//6525 5778//6525 5779//6525
f 5717//6526 5779//6526 5718//6526
f 5718//6527 5779//6527 5780//6527
f 5718//6527 5780//6527 5719//6527
f 5719//6528 5780//6528 5781//6528
f 5719//6528 5781//6528 5720//6528
f 5720//6529 5781//6529 5782//6529
f 5720//6530 5782//6530 5721//6530
f 5721//6531 5782//6531 5783//6531
f 5721//6532 5783//6532 5722//6532
f 5722//6533 5783//6533 5784//6533
f 5722//6533 5784//6533 5723//6533
f 5723//6534 5784//6534 5785//6534
f 5723//6534 5785//6534 5724//6534
f 5724//6535 5785//6535 5786//6535
f 5724//6536 5786//6536 5725//6536
f 5725//6537 5786//6537 5787//6537
f 5725//6538 5787//6538 5726//6538
f 5726//6539 5787//6539 5788//6539
f 5726//6539 5788//6539 5727//6539
f 5727//6540 5788//6540 5789//6540
f 5727//6540 5789//6540 5728//6540
f 5728//6541 5789//6541 5790//6541
f 5728//6541 5790//6541 5729//6541
f 5729//6542 5790//6542 5791//6542
f 5729//6542 5791//6542 5730//6542
f 5730//6543 5791//6543 5792//6543
f 5730//6543 5792//6543 5731//6543
f 5731//6544 5792//6544 5793//6544
f 5731//6544 5793//6544 5732//6544
f 5732//6545 5793//6545 5794//6545
f 5732//6546 5794//6546 5733//6546
f 5733//6547 5794//6547 5795//6547
f 5733//6547 5795//6547 5734//6547
f 5734//6548 5795//6548 5796//6548
f 5734//6548 5796//6548 5735//6548
f 5735//6549 5796//6549 5797//6549
f 5735//6549 5797//6549 5736//6549
f 5736//6550 5797//6550 5798//6550
f 5736//6550 5798//6550 5737//6550
f 5737//6471 5798//6471 5738//6471
f 5798//6551 5799//6551 5738//6551
f 5738//6552 5799//6552 5800//6552
f 5738//6553 5800//6553 5739//6553
f 5739//6554 5800//6554 5801//6554
f 5739//6555 5801//6555 5740//6555
f 5740//6556 5801//6556 5802//6556
f 5740//6557 5802//6557 5741//6557
f 5741//6558 5802//6558 5803//6558
f 5741//6558 5803//6558 5742//6558
f 5742//6559 5803//6559 5804//6559
f 5742//6559 5804//6559 5743//6559
f 5743//6560 5804//6560 5805//6560
f 5743//6560 5805//6560 5744//6560
f 5744//6561 5805//6561 5806//6561
f 5744//6561 5806//6561 5745//6561
f 5745//6562 5806//6562 5807//6562
f 5745//6562 5807//6562 5746//6562
f 5746//6563 5807//6563 5808//6563
f 5746//6563 5808//6563 5747//6563
f 5747//6564 5808//6564 5809//6564
f 5747//6565 5809//6565 5748//6565
f 5748//6566 5809//6566 5810//6566
f 5748//6567 5810//6567 5749//6567
f 5749//6568 5810//6568 5811//6568
f 5749//6569 5811//6569 5750//6569
f 5750//6570 5811//6570 5812//6570
f 5750//6570 5812//6570 5751//6570
f 5751//6571 5812//6571 5813//6571
f 5751//6572 5813//6572 5752//6572
f 5752//6573 5813//6573 5814//6573
f 5752//6574 5814//6574 5753//6574
f 5753//6575 5814//6575 5815//6575
f 5753//6576 5815//6576 5754//6576
f 5754//6577 5815//6577 5816//6577
f 5754//6578 5816//6578 5755//6578
f 5755//6579 5816//6579 5817//6579
f 5755//6580 5817//6580 5756//6580
f 5756//6581 5817//6581 5818//6581
f 5756//6581 5818//6581 5757//6581
f 5757//6582 5818//6582 5819//6582
f 5757//6583 5819//6583 5758//6583
f 5758//6584 5819//6584 5820//6584
f 5758//6584 5820//6584 5759//6584
f 5759//6585 5820//6585 5821//6585
f 5759//6586 5821//6586 5760//6586
f 5760//6587 5821//6587 5822//6587
f 5760//6588 5822//6588 5761//6588
f 5761//6589 5822//6589 5823//6589
f 5761//6590 5823//6590 5762//6590
f 5762//6591 5823//6591 5824//6591
f 5762//6592 5824//6592 5763//6592
f 5763//6593 5824//6593 5825//6593
f 5763//6593 5825//6593 5764//6593
f 5764//6594 5825//6594 5826//6594
f 5764//6595 5826//6595 5765//6595
f 5765//6596 5826//6596 5827//6596
f 5765//6596 5827//6596 5766//6596
f 5766//6597 5827//6597 5828//6597
f 5766//6597 5828//6597 5767//6597
f 5767//6598 5828//6598 5829//6598
f 5767//6599 5829//6599 5768//6599
f 5768//6600 5829//6600 5830//6600
f 5768//6601 5830//6601 5769//6601
f 5769//6602 5830//6602 5831//6602
f 5769//6602 5831//6602 5770//6602
f 5770//6603 5831//6603 5832//6603
f 5770//6604 5832//6604 5771//6604
f 5771//6605 5832//6605 5833//6605
f 5771//6605 5833//6605 5772//6605
f 5772//6606 5833//6606 5834//6606
f 5772//6606 5834//6606 5773//6606
f 5773//6607 5834//6607 5835//6607
f 5773//6607 5835//6607 5774//6607
f 5774//6608 5835//6608 5836//6608
f 5774//6608 5836//6608 5775//6608
f 5775//6609 5836//6609 5837//6609
f 5775//6609 5837//6609 5776//6609
f 5776//6610 5837//6610 5838//6610
f 5776//6611 5838//6611 5777//6611
f 5777//6612 5838//6612 5839//6612
f 5777//6613 5839//6613 5778//6613
f 5778//6614 5839//6614 5840//6614
f 5778//6615 5840//6615 5779//6615
f 5779//6616 5840//6616 5841//6616
f 5779//6617 5841//6617 5780//6617
f 5780//6618 5841//6618 5842//6618
f 5780//6619 5842//6619 5781//6619
f 5781//6620 5842//6620 5843//6620
f 5781//6621 5843//6621 5782//6621
f 5782//6622 5843//6622 5844//6622
f 5782//6623 5844//6623 5783//6623
f 5783//6624 5844//6624 5845//6624
f 5783//6624 5845//6624 5784//6624
f 5784//6625 5845//6625 5846//6625
f 5784//6625 5846//6625 5785//6625
f 5785//6626 5846//6626 5847//6626
f 5785//6626 5847//6626 5786//6626
f 5786//6627 5847//6627 5848//6627
f 5786//6627 5848//6627 5787//6627
f 5787//6628 5848//6628 5849//6628
f 5787//6628 5849//6628 5788//6628
f 5788//6629 5849//6629 5850//6629
f 5788//6630 5850//6630 5789//6630
f 5789//6631 5850//6631 5851//6631
f 5789//6632 5851//6632 5790//6632
f 5790//6633 5851//6633 5852//6633
f 5790//6633 5852//6633 5791//6633
f 5791//6634 5852//6634 5853//6634
f 5791//6635 5853//6635 5792//6635
f 5792//6636 5853//6636 5854//6636
f 5792//6636 5854//6636 5793//6636
f 5793//6637 5854//6637 5855//6637
f 5793//6637 5855//6637 5794//6637
f 5794//6638 5855//6638 5856//6638
f 5794//6638 5856//6638 5795//6638
f 5795//6639 5856//6639 5857//6639
f 5795//6640 5857//6640 5796//6640
f 5796//6641 5857//6641 5858//6641
f 5796//6641 5858//6641 5797//6641
f 5797//6642 5858//6642 5859//6642
f 5797//6643 5859//6643 5798//6643
f 5798//6551 5859//6551 5799//6551
f 5859//6644 4884//6644 5799//6644
f 5799//6645 4884//6645 4883//6645
f 5799//6645 4883//6645 5800//6645
f 5800//6646 4883//6646 4885//6646
f 5800//6646 4885//6646 5801//6646
f 5801//6647 4885//6647 4886//6647
f 5801//6648 4886//6648 5802//6648
f 5802//6649 4886//6649 4887//6649
f 5802//6650 4887//6650 5803//6650
f 5803//6651 4887//6651 4888//6651
f 5803//6651 4888//6651 5804//6651
f 5804//6652 4888//6652 4889//6652
f 5804//6653 4889//6653 5805//6653
f 5805//6654 4889//6654 4890//6654
f 5805//6655 4890//6655 5806//6655
f 5806//6656 4890//6656 4891//6656
f 5806//6656 4891//6656 5807//6656
f 5807//6657 4891//6657 4892//6657
f 5807//6658 4892//6658 5808//6658
f 5808//6659 4892//6659 4893//6659
f 5808//6660 4893//6660 5809//6660
f 5809//6661 4893//6661 4894//6661
f 5809//6662 4894//6662 5810//6662
f 5810//6663 4894//6663 4895//6663
f 5810//6664 4895//6664 5811//6664
f 5811//6665 4895//6665 4896//6665
f 5811//6666 4896//6666 5812//6666
f 5812//6667 4896//6667 4897//6667
f 5812//6667 4897//6667 5813//6667
f 5813//6668 4897//6668 4898//6668
f 5813//6668 4898//6668 5814//6668
f 5814//6669 4898//6669 4899//6669
f 5814//6670 4899//6670 5815//6670
f 5815//6671 4899//6671 4900//6671
f 5815//6672 4900//6672 5816//6672
f 5816//6673 4900//6673 4901//6673
f 5816//6674 4901//6674 5817//6674
f 5817//6675 4901//6675 4902//6675
f 5817//6676 4902//6676 5818//6676
f 5818//6677 4902//6677 4903//6677
f 5818//6678 4903//6678 5819//6678
f 5819//6679 4903//6679 4904//6679
f 5819//6680 4904//6680 5820//6680
f 5820//6681 4904//6681 4905//6681
f 5820//6682 4905//6682 5821//6682
f 5821//6683 4905//6683 4906//6683
f 5821//6684 4906//6684 5822//6684
f 5822//6685 4906//6685 4907//6685
f 5822//6686 4907//6686 5823//6686
f 5823//6687 4907//6687 4908//6687
f 5823//6688 4908//6688 5824//6688
f 5824//6689 4908//6689 4909//6689
f 5824//6690 4909//6690 5825//6690
f 5825//6691 4909//6691 4910//6691
f 5825//6692 4910//6692 5826//6692
f 5826//6693 4910//6693 4911//6693
f 5826//6694 4911//6694 5827//6694
f 5827//6695 4911//6695 4912//6695
f 5827//6696 4912//6696 5828//6696
f 5828//6697 4912//6697 4913//6697
f 5828//6697 4913//6697 5829//6697
f 5829//6698 4913//6698 4914//6698
f 5829//6699 4914//6699 5830//6699
f 5830//6700 4914//6700 4915//6700
f 5830//6701 4915//6701 5831//6701
f 5831//6702 4915//6702 4916//6702
f 5831//6703 4916//6703 5832//6703
f 5832//6704 4916//6704 4917//6704
f 5832//6704 4917//6704 5833//6704
f 5833//6705 4917//6705 4918//6705
f 5833//6706 4918//6706 5834//6706
f 5834//6707 4918//6707 4919//6707
f 5834//6708 4919//6708 5835//6708
f 5835//6709 4919//6709 4920//6709
f 5835//6710 4920//6710 5836//6710
f 5836//6711 4920//6711 4921//6711
f 5836//6712 4921//6712 5837//6712
f 5837//6713 4921//6713 4922//6713
f 5837//6714 4922//6714 5838//6714
f 5838//6715 4922//6715 4923//6715
f 5838//6716 4923//6716 5839//6716
f 5839//6717 4923//6717 4924//6717
f 5839//6718 4924//6718 5840//6718
f 5840//6719 4924//6719 4925//6719
f 5840//6720 4925//6720 5841//6720
f 5841//6721 4925//6721 4926//6721
f 5841//6722 4926//6722 5842//6722
f 5842//6723 4926//6723 4927//6723
f 5842//6724 4927//6724 5843//6724
f 5843//6725 4927//6725 4928//6725
f 5843//6726 4928//6726 5844//6726
f 5844//6727 4928//6727 4929//6727
f 5844//6728 4929//6728 5845//6728
f 5845//6729 4929//6729 4930//6729
f 5845//6730 4930//6730 5846//6730
f 5846//6731 4930//6731 4931//6731
f 5846//6732 4931//6732 5847//6732
f 5847//6733 4931//6733 4932//6733
f 5847//6734 4932//6734 5848//6734
f 5848//6735 4932//6735 4933//6735
f 5848//6736 4933//6736 5849//6736
f 5849//6737 4933//6737 4934//6737
f 5849//6737 4934//6737 5850//6737
f 5850//6738 4934//6738 4935//6738
f 5850//6738 4935//6738 5851//6738
f 5851//6739 4935//6739 4936//6739
f 5851//6740 4936//6740 5852//6740
f 5852//6741 4936//6741 4937//6741
f 5852//6741 4937//6741 5853//6741
f 5853//6742 4937//6742 4938//6742
f 5853//6743 4938//6743 5854//6743
f 5854//6744 4938//6744 4939//6744
f 5854//6744 4939//6744 5855//6744
f 5855//6745 4939//6745 4940//6745
f 5855//6745 4940//6745 5856//6745
f 5856//6746 4940//6746 4941//6746
f 5856//6747 4941//6747 5857//6747
f 5857//6748 4941//6748 4942//6748
f 5857//6749 4942//6749 5858//6749
f 5858//6750 4942//6750 4943//6750
f 5858//6750 4943//6750 5859//6750
f 5859//6751 4943//6751 4884//6751
f 4214//51 4979//51 4977//51
f 4987//52 4985//52 4175//52
f 4214//51 4213//51 4979//51
f 4979//51 4213//51 4194//51
f 4979//51 4194//51 4981//51
f 4975//51 4226//51 4977//51
f 4977//51 4226//51 4225//51
f 4977//51 4225//51 4214//51
f 4973//51 4971//51 4329//51
f 4969//51 4364//51 4971//51
f 4971//51 4364//51 4330//51
f 4971//51 4330//51 4329//51
f 4965//52 4963//52 4468//52
f 4999//51 4997//51 5860//51
f 4993//51 5861//51 4995//51
f 4995//51 5861//51 5862//51
f 4995//51 5862//51 4997//51
f 4997//51 5862//51 5863//51
f 4997//51 5863//51 5860//51
f 4991//51 5864//51 4993//51
f 4993//51 5864//51 5865//51
f 4993//51 5865//51 5861//51
f 4175//51 4174//51 4987//51
f 4987//51 4174//51 4150//51
f 4987//51 4150//51 4989//51
f 4989//51 4150//51 4008//51
f 4989//51 4008//51 4991//51
f 4991//51 4008//51 4021//51
f 4991//51 4021//51 5864//51
f 4194//51 4192//51 4981//51
f 4981//51 4192//51 4191//51
f 4981//51 4191//51 4983//51
f 4983//51 4191//51 4179//51
f 4983//51 4179//51 4985//51
f 4985//51 4179//51 4177//51
f 4985//51 4177//51 4175//51
f 4329//51 4294//51 4973//51
f 4973//167 4294//167 4293//167
f 4973//51 4293//51 4975//51
f 4975//51 4293//51 4228//51
f 4975//51 4228//51 4226//51
f 4967//51 4367//51 4969//51
f 4969//130 4367//130 4365//130
f 4969//51 4365//51 4364//51
f 4468//51 4467//51 4965//51
f 4965//51 4467//51 4433//51
f 4965//51 4433//51 4967//51
f 4967//130 4433//130 4432//130
f 4967//51 4432//51 4367//51
f 5023//51 4159//51 5025//51
f 5025//51 4159//51 4158//51
f 5025//52 4158//52 5027//52
f 5015//51 5866//51 5017//51
f 5017//51 5866//51 5867//51
f 5017//51 5867//51 5019//51
f 5019//51 5867//51 4138//51
f 5019//51 4138//51 5021//51
f 5013//51 5868//51 5015//51
f 5015//51 5868//51 5869//51
f 5015//51 5869//51 5866//51
f 5003//51 5870//51 5005//51
f 5005//51 5870//51 5871//51
f 5005//51 5871//51 5007//51
f 5860//51 5872//51 4999//51
f 4999//51 5872//51 5873//51
f 4999//51 5873//51 5001//51
f 5001//51 5873//51 5874//51
f 5001//51 5874//51 5003//51
f 5003//51 5874//51 5875//51
f 5003//51 5875//51 5870//51
f 4667//51 4666//51 4957//51
f 4957//51 4666//51 4959//51
f 4667//51 4957//51 4669//51
f 4669//51 4957//51 4955//51
f 4669//51 4955//51 4671//51
f 4671//51 4955//51 4953//51
f 4671//51 4953//51 4769//51
f 4769//51 4953//51 4770//51
f 4770//51 4953//51 4951//51
f 4770//51 4951//51 4772//51
f 4772//51 4951//51 4949//51
f 4772//51 4949//51 4774//51
f 4774//51 4949//51 4827//51
f 4827//51 4949//51 4947//51
f 4827//51 4947//51 4828//51
f 4828//51 4947//51 4945//51
f 4828//51 4945//51 3942//51
f 5057//51 3973//51 5059//51
f 5059//51 3973//51 4674//51
f 5059//51 4674//51 5061//51
f 5061//51 4674//51 4706//51
f 5061//51 4706//51 5063//51
f 4261//51 5039//51 5037//51
f 4138//51 4136//51 5021//51
f 5021//51 4136//51 4149//51
f 5021//51 4149//51 5023//51
f 5023//51 4149//51 4156//51
f 5023//51 4156//51 4159//51
f 4666//51 4568//51 4959//51
f 4959//52 4568//52 4566//52
f 4959//51 4566//51 4961//51
f 4961//51 4566//51 4564//51
f 4961//51 4564//51 4963//51
f 4963//51 4564//51 4563//51
f 4963//51 4563//51 4468//51
f 5055//51 4634//51 5057//51
f 5057//51 4634//51 3974//51
f 5057//51 3974//51 3973//51
f 4261//51 4260//51 5039//51
f 5039//51 4260//51 4297//51
f 5039//51 4297//51 5041//51
f 5035//51 3983//51 5037//51
f 5037//51 3983//51 3982//51
f 5037//51 3982//51 4261//51
f 5009//51 5876//51 5011//51
f 5011//51 5876//51 5877//51
f 5011//51 5877//51 5013//51
f 5013//6752 5877//6752 5878//6752
f 5013//51 5878//51 5868//51
f 5871//51 5879//51 5007//51
f 5007//51 5879//51 5880//51
f 5007//51 5880//51 5009//51
f 5009//51 5880//51 5881//51
f 5009//51 5881//51 5876//51
f 4945//51 4944//51 3942//51
f 3942//51 4944//51 5065//51
f 3942//51 5065//51 3972//51
f 3972//51 5065//51 5063//51
f 3972//51 5063//51 4737//51
f 4737//51 5063//51 4706//51
f 4503//51 5051//51 5049//51
f 5031//52 5029//52 4182//52
f 4158//51 4168//51 5027//51
f 5027//51 4168//51 4167//51
f 5027//51 4167//51 5029//51
f 5029//51 4167//51 4183//51
f 5029//130 4183//130 4182//130
f 4503//51 4502//51 5051//51
f 5051//51 4502//51 4572//51
f 5051//51 4572//51 5053//51
f 5053//51 4572//51 4571//51
f 5053//51 4571//51 5055//51
f 5055//51 4571//51 4635//51
f 5055//52 4635//52 4634//52
f 5045//51 4399//51 5047//51
f 5047//51 4399//51 4436//51
f 5047//51 4436//51 5049//51
f 5049//51 4436//51 4471//51
f 5049//51 4471//51 4503//51
f 4297//51 4296//51 5041//51
f 5041//51 4296//51 4332//51
f 5041//51 4332//51 5043//51
f 5033//51 4218//51 5035//51
f 5035//130 4218//130 4217//130
f 5035//51 4217//51 3983//51
f 4182//51 4203//51 5031//51
f 5031//52 4203//52 4206//52
f 5031//51 4206//51 5033//51
f 5033//51 4206//51 4205//51
f 5033//51 4205//51 4218//51
f 4332//51 3980//51 5043//51
f 5043//130 3980//130 3979//130
f 5043//51 3979//51 5045//51
f 5045//51 3979//51 4400//51
f 5045//51 4400//51 4399//51
f 5882//184 5883//184 4844//184
f 4844//184 5883//184 4831//184
f 5884//81 5885//81 5886//81
f 5887//81 5888//81 5883//81
f 5883//81 5888//81 5889//81
f 5890//81 5891//81 5886//81
f 5886//81 5891//81 5892//81
f 5886//81 5892//81 5893//81
f 5894//81 5895//81 5896//81
f 5897//81 5898//81 5899//81
f 5889//81 5900//81 5883//81
f 5883//81 5900//81 5901//81
f 5883//81 5901//81 5902//81
f 5902//81 5903//81 5883//81
f 5883//81 5903//81 5904//81
f 5883//81 5904//81 4831//81
f 4831//81 5904//81 5905//81
f 5906//81 5907//81 4831//81
f 5908//81 5909//81 4837//81
f 5893//81 5910//81 5886//81
f 5886//81 5910//81 5911//81
f 5886//81 5911//81 5883//81
f 5883//81 5911//81 5912//81
f 5883//81 5912//81 5913//81
f 5886//81 5914//81 5915//81
f 5894//81 5896//81 5916//81
f 5905//81 5917//81 4831//81
f 4831//81 5917//81 5918//81
f 4831//81 5918//81 5919//81
f 5920//81 5921//81 5922//81
f 5922//81 5921//81 5923//81
f 5920//83 5922//83 5924//83
f 5924//81 5922//81 5925//81
f 5924//81 5925//81 5926//81
f 5885//81 5927//81 5886//81
f 5886//81 5927//81 5928//81
f 5886//81 5928//81 5914//81
f 5895//81 5929//81 5896//81
f 5896//81 5929//81 5930//81
f 5896//6753 5930//6753 5931//6753
f 5919//81 5932//81 4831//81
f 4831//81 5932//81 5933//81
f 4831//81 5933//81 5934//81
f 5935//81 5936//81 5937//81
f 5938//81 5939//81 4837//81
f 4837//81 5939//81 5940//81
f 4837//81 5940//81 5941//81
f 5941//81 5942//81 4837//81
f 4837//81 5942//81 5943//81
f 4837//81 5943//81 5886//81
f 5886//81 5943//81 5944//81
f 5886//81 5944//81 5884//81
f 5915//81 5945//81 5886//81
f 5886//81 5945//81 5946//81
f 5886//81 5946//81 5947//81
f 5913//81 5948//81 5883//81
f 5883//81 5948//81 5949//81
f 5883//81 5949//81 5950//81
f 5950//81 5951//81 5883//81
f 5883//81 5951//81 5952//81
f 5883//81 5952//81 5953//81
f 5953//81 5954//81 5883//81
f 5883//81 5954//81 5955//81
f 5883//81 5955//81 5956//81
f 5887//81 5957//81 5958//81
f 5899//81 5959//81 5897//81
f 5897//81 5959//81 5960//81
f 5897//81 5960//81 5961//81
f 5923//81 5962//81 5922//81
f 5922//81 5962//81 5963//81
f 5922//81 5963//81 5964//81
f 5964//81 5965//81 5922//81
f 5922//81 5965//81 5966//81
f 5922//83 5966//83 5967//83
f 5968//81 5969//81 5970//81
f 5907//81 5971//81 4831//81
f 4831//81 5971//81 5972//81
f 4831//81 5972//81 4837//81
f 4837//81 5972//81 5973//81
f 4837//81 5973//81 5908//81
f 5916//81 5896//81 5937//81
f 5937//81 5896//81 5974//81
f 5937//81 5974//81 5935//81
f 5975//81 5976//81 5977//81
f 5977//81 5976//81 5937//81
f 5977//81 5937//81 5978//81
f 5978//81 5937//81 5936//81
f 5909//81 5979//81 4837//81
f 4837//81 5979//81 5980//81
f 4837//81 5980//81 5981//81
f 5982//81 5983//81 5897//81
f 5984//81 5985//81 5887//81
f 5887//81 5985//81 5986//81
f 5887//81 5986//81 5957//81
f 5981//81 5987//81 4837//81
f 4837//81 5987//81 5988//81
f 4837//81 5988//81 5989//81
f 5890//81 5990//81 5991//81
f 5991//81 5992//81 5890//81
f 5890//81 5992//81 5993//81
f 5890//81 5993//81 5994//81
f 5994//81 5993//81 5995//81
f 5994//81 5995//81 5996//81
f 5996//81 5995//81 5982//81
f 5996//81 5982//81 5997//81
f 5997//81 5982//81 5897//81
f 5997//81 5897//81 5998//81
f 5998//81 5897//81 5961//81
f 5956//81 5999//81 5883//81
f 5883//81 5999//81 6000//81
f 5883//81 6000//81 5887//81
f 5887//81 6000//81 6001//81
f 5887//81 6001//81 5984//81
f 5898//81 5897//81 6002//81
f 6002//81 5897//81 6003//81
f 6002//81 6003//81 6004//81
f 6004//81 6003//81 6005//81
f 6004//81 6005//81 5958//81
f 5958//81 6005//81 6006//81
f 5958//81 6006//81 5887//81
f 5926//81 6007//81 5924//81
f 5924//81 6007//81 6008//81
f 5924//6754 6008//6754 5970//6754
f 5970//81 6008//81 6009//81
f 5970//81 6009//81 5968//81
f 5947//81 6010//81 5886//81
f 5886//81 6010//81 6011//81
f 5886//81 6011//81 5890//81
f 5890//81 6011//81 6012//81
f 5890//83 6012//83 5990//83
f 5930//81 6013//81 5931//81
f 5931//81 6013//81 6014//81
f 5931//81 6014//81 5967//81
f 5934//81 6015//81 4831//81
f 4831//81 6015//81 6016//81
f 4831//81 6016//81 5970//81
f 5989//81 6017//81 4837//81
f 4837//81 6017//81 6018//81
f 4837//81 6018//81 5976//81
f 5966//81 6019//81 5967//81
f 5967//81 6019//81 6020//81
f 5967//81 6020//81 5931//81
f 5931//81 6020//81 6021//81
f 5931//81 6021//81 5982//81
f 5982//81 6021//81 6022//81
f 5982//81 6022//81 5983//81
f 5969//81 6023//81 5970//81
f 5970//81 6023//81 6024//81
f 5970//81 6024//81 4831//81
f 4831//81 6024//81 6025//81
f 4831//81 6025//81 5906//81
f 5975//81 6026//81 5976//81
f 5976//81 6026//81 6027//81
f 5976//81 6027//81 4837//81
f 4837//81 6027//81 6028//81
f 4837//81 6028//81 5938//81
f 5886//183 6029//183 4837//183
f 4837//183 6029//183 4834//183
f 6030//6755 6031//6755 4844//6755
f 6031//1 6032//1 4844//1
f 4844//1 6032//1 6033//1
f 4844//1 6033//1 6034//1
f 6034//1 6035//1 4844//1
f 4844//1 6035//1 6036//1
f 4844//1 6036//1 6037//1
f 6038//1 4844//1 6039//1
f 6039//1 4844//1 4834//1
f 6039//1 4834//1 6040//1
f 6040//1 4834//1 6041//1
f 6038//1 6042//1 4844//1
f 4844//1 6042//1 6043//1
f 4844//1 6043//1 6044//1
f 6045//6756 6046//6756 6047//6756
f 6047//6757 6046//6757 6048//6757
f 6037//1 6049//1 4844//1
f 4844//1 6049//1 6050//1
f 4844//1 6050//1 6051//1
f 6052//1 6053//1 6029//1
f 6054//6758 6055//6758 6056//6758
f 6056//1 6055//1 6057//1
f 6057//6758 6058//6758 6056//6758
f 6056//1 6058//1 6059//1
f 6056//1 6059//1 6060//1
f 6061//1 5882//1 6062//1
f 6062//1 5882//1 4844//1
f 6062//1 4844//1 6063//1
f 6061//1 6064//1 5882//1
f 5882//1 6064//1 6065//1
f 5882//1 6065//1 6066//1
f 6067//1 6068//1 6069//1
f 6069//1 6068//1 6070//1
f 6071//1 6072//1 6073//1
f 6073//1 6072//1 6074//1
f 6073//1 6074//1 6075//1
f 6044//1 6076//1 4844//1
f 4844//1 6076//1 6077//1
f 4844//1 6077//1 6030//1
f 6030//1 6077//1 6073//1
f 6030//6759 6073//6759 6078//6759
f 6078//1 6073//1 6075//1
f 6066//1 6079//1 5882//1
f 5882//1 6079//1 6080//1
f 5882//1 6080//1 6081//1
f 6082//1 5882//1 6083//1
f 6083//1 5882//1 6084//1
f 6053//1 6085//1 6029//1
f 6029//1 6085//1 6086//1
f 6029//1 6086//1 6087//1
f 6088//1 6089//1 6090//1
f 6091//1 6092//1 6093//1
f 6081//1 6094//1 5882//1
f 5882//1 6094//1 6095//1
f 5882//1 6095//1 6096//1
f 6067//1 6069//1 6097//1
f 6097//1 6069//1 6098//1
f 6097//1 6098//1 6099//1
f 6082//1 6100//1 5882//1
f 5882//6757 6100//6757 6101//6757
f 5882//1 6101//1 6029//1
f 6029//6759 6101//6759 6102//6759
f 6029//6758 6102//6758 6052//6758
f 6054//6760 6056//6760 6103//6760
f 6103//1 6056//1 6104//1
f 6103//1 6104//1 6105//1
f 6106//1 6107//1 6029//1
f 6029//1 6107//1 6108//1
f 6029//1 6108//1 6109//1
f 6051//1 6110//1 4844//1
f 4844//1 6110//1 6111//1
f 4844//1 6111//1 6063//1
f 6063//6758 6111//6758 6112//6758
f 6063//6755 6112//6755 6113//6755
f 6113//1 6114//1 6063//1
f 6063//6758 6114//6758 6115//6758
f 6063//1 6115//1 6116//1
f 6088//1 6090//1 6116//1
f 6116//1 6090//1 6117//1
f 6116//1 6117//1 6118//1
f 6118//1 6119//1 6116//1
f 6116//6755 6119//6755 6120//6755
f 6116//1 6120//1 6063//1
f 6070//1 6121//1 6069//1
f 6069//6757 6121//6757 6093//6757
f 6069//1 6093//1 6122//1
f 6122//1 6093//1 6092//1
f 6045//1 6123//1 6046//1
f 6046//1 6123//1 6124//1
f 6046//1 6124//1 6125//1
f 6125//1 6126//1 6046//1
f 6046//1 6126//1 6127//1
f 6046//1 6127//1 6128//1
f 6128//1 6127//1 6129//1
f 6128//1 6129//1 6073//1
f 6073//1 6129//1 6130//1
f 6073//1 6130//1 6071//1
f 6131//1 6132//1 6048//1
f 6132//1 6131//1 6089//1
f 6089//1 6131//1 6133//1
f 6089//1 6133//1 6090//1
f 6060//1 6134//1 6056//1
f 6056//1 6134//1 6135//1
f 6056//1 6135//1 6136//1
f 6136//1 6135//1 6137//1
f 6136//1 6137//1 6138//1
f 6138//1 6137//1 6139//1
f 6138//1 6139//1 6140//1
f 6141//1 6142//1 6143//1
f 6143//1 6142//1 6084//1
f 6143//1 6084//1 6144//1
f 6144//1 6084//1 5882//1
f 6144//1 5882//1 6145//1
f 6145//6757 5882//6757 6096//6757
f 6087//1 6146//1 6029//1
f 6029//1 6146//1 6147//1
f 6029//1 6147//1 6148//1
f 6109//1 6149//1 6029//1
f 6029//1 6149//1 6150//1
f 6029//1 6150//1 4834//1
f 4834//1 6150//1 6151//1
f 4834//1 6151//1 6152//1
f 6152//1 6153//1 4834//1
f 4834//1 6153//1 6154//1
f 4834//1 6154//1 6155//1
f 6140//1 6091//1 6138//1
f 6138//1 6091//1 6093//1
f 6138//1 6093//1 6156//1
f 6156//1 6093//1 6131//1
f 6156//1 6131//1 6157//1
f 6157//1 6131//1 6048//1
f 6157//1 6048//1 6158//1
f 6158//1 6048//1 6046//1
f 6148//1 6159//1 6029//1
f 6029//1 6159//1 6160//1
f 6029//1 6160//1 6103//1
f 6155//1 6161//1 4834//1
f 4834//1 6161//1 6162//1
f 4834//1 6162//1 6041//1
f 6143//1 6163//1 6141//1
f 6141//1 6163//1 6164//1
f 6141//1 6164//1 6165//1
f 6105//1 6166//1 6103//1
f 6103//1 6166//1 6167//1
f 6103//1 6167//1 6029//1
f 6029//1 6167//1 6168//1
f 6029//1 6168//1 6106//1
f 6165//1 6169//1 6141//1
f 6141//1 6169//1 6170//1
f 6141//1 6170//1 6171//1
f 6171//1 6170//1 6172//1
f 6171//1 6172//1 6098//1
f 6098//1 6172//1 6173//1
f 6098//1 6173//1 6099//1
f 6029//5494 5886//5494 5882//5494
f 5882//5494 5886//5494 5883//5494
f 4089//6761 4096//6761 4850//6761
f 4862//6762 4848//6762 4102//6762
f 4102//6763 4848//6763 4103//6763
f 4850//6764 4096//6764 4849//6764
f 4096//6765 4095//6765 4849//6765
f 4849//6766 4095//6766 4093//6766
f 4849//6767 4093//6767 4848//6767
f 4848//6768 4093//6768 4091//6768
f 4848//6769 4091//6769 4103//6769
f 4840//6770 4085//6770 4850//6770
f 4850//6771 4085//6771 4087//6771
f 4850//6772 4087//6772 4089//6772
f 4079//6773 4077//6773 4839//6773
f 4839//6774 4077//6774 4076//6774
f 4839//6775 4076//6775 4840//6775
f 4840//6776 4076//6776 4083//6776
f 4840//6777 4083//6777 4085//6777
f 4079//6778 4839//6778 4081//6778
f 4081//6779 4839//6779 4838//6779
f 4081//6780 4838//6780 4082//6780
f 4082//6781 4838//6781 4833//6781
f 4082//6782 4833//6782 4074//6782
f 4074//6783 4833//6783 4075//6783
f 4075//6784 4833//6784 4832//6784
f 4075//6785 4832//6785 4071//6785
f 4071//6786 4832//6786 4072//6786
f 4072//6787 4832//6787 4856//6787
f 4072//6788 4856//6788 4066//6788
f 4855//6789 4069//6789 4856//6789
f 4856//6790 4069//6790 4068//6790
f 4856//6791 4068//6791 4066//6791
f 4058//6792 4056//6792 4854//6792
f 4854//6793 4056//6793 4064//6793
f 4854//6794 4064//6794 4855//6794
f 4855//6795 4064//6795 4063//6795
f 4855//6796 4063//6796 4069//6796
f 4058//6797 4854//6797 4060//6797
f 4060//6798 4854//6798 4879//6798
f 4060//6799 4879//6799 4061//6799
f 4867//6800 6174//6800 6175//6800
f 6176//81 6177//81 4867//81
f 4867//81 6177//81 6178//81
f 4867//81 6178//81 6174//81
f 6179//81 6180//81 6181//81
f 6181//81 6180//81 6182//81
f 6183//6801 6184//6801 6185//6801
f 6185//81 6184//81 6186//81
f 6185//81 6186//81 6187//81
f 6182//81 6188//81 6181//81
f 6181//81 6188//81 6189//81
f 6181//81 6189//81 6190//81
f 6185//6802 6191//6802 6183//6802
f 6183//81 6191//81 6192//81
f 6183//81 6192//81 6193//81
f 4034//81 3994//81 6194//81
f 6195//81 6196//81 4867//81
f 6175//6803 6197//6803 4867//6803
f 4867//81 6197//81 6198//81
f 4867//81 6198//81 4042//81
f 4042//6804 6198//6804 6199//6804
f 6200//81 6201//81 4867//81
f 6202//6804 6203//6804 6204//6804
f 6204//81 6203//81 6205//81
f 6206//81 6207//81 6208//81
f 6209//81 6210//81 4867//81
f 6196//81 6211//81 4867//81
f 4867//81 6211//81 6212//81
f 4867//81 6212//81 6213//81
f 6214//81 6215//81 6216//81
f 6216//6805 6215//6805 6217//6805
f 6216//6800 6217//6800 6218//6800
f 6199//81 6219//81 4042//81
f 4042//81 6219//81 6220//81
f 4042//81 6220//81 6221//81
f 6221//81 6222//81 4042//81
f 4042//81 6222//81 6223//81
f 4042//81 6223//81 6224//81
f 6201//83 6225//83 4867//83
f 4867//81 6225//81 6226//81
f 4867//81 6226//81 6208//81
f 6227//81 6228//81 6229//81
f 6229//81 6228//81 6230//81
f 6229//83 6230//83 6231//83
f 6210//83 6232//83 4867//83
f 4867//81 6232//81 6233//81
f 4867//81 6233//81 6195//81
f 6203//81 6234//81 6205//81
f 6205//6753 6234//6753 6235//6753
f 6205//6804 6235//6804 6236//6804
f 6237//81 6238//81 6239//81
f 6239//81 6238//81 6205//81
f 6239//81 6205//81 6240//81
f 6240//81 6205//81 6236//81
f 6187//83 6241//83 6185//83
f 6185//81 6241//81 6242//81
f 6185//6806 6242//6806 6243//6806
f 6243//81 6242//81 6244//81
f 6243//81 6244//81 6245//81
f 6245//81 6246//81 6243//81
f 6243//81 6246//81 6247//81
f 6243//81 6247//81 6248//81
f 6230//81 6249//81 6231//81
f 6231//81 6249//81 6250//81
f 6231//6807 6250//6807 6193//6807
f 3994//81 6251//81 6252//81
f 6208//81 6253//81 6254//81
f 6213//81 6255//81 4867//81
f 4867//81 6255//81 6256//81
f 4867//81 6256//81 6238//81
f 6202//81 6243//81 6203//81
f 6203//81 6243//81 6248//81
f 6203//81 6248//81 6257//81
f 6257//81 6248//81 6258//81
f 6257//81 6258//81 6259//81
f 6259//81 6258//81 6260//81
f 6259//81 6260//81 6190//81
f 6190//81 6260//81 6261//81
f 6190//81 6261//81 6181//81
f 6250//81 6262//81 6193//81
f 6193//81 6262//81 6263//81
f 6193//81 6263//81 6183//81
f 6183//81 6263//81 6216//81
f 6183//81 6216//81 6264//81
f 6264//81 6216//81 6218//81
f 6251//81 3994//81 6265//81
f 6194//81 3994//81 6266//81
f 6266//81 3994//81 6252//81
f 6266//81 6252//81 6181//81
f 6181//83 6252//83 6267//83
f 6181//82 6267//82 6179//82
f 6216//81 6268//81 6214//81
f 6214//81 6268//81 6269//81
f 6214//81 6269//81 6270//81
f 6227//81 6229//81 6208//81
f 6208//81 6229//81 6271//81
f 6208//81 6271//81 6272//81
f 6272//81 6273//81 6208//81
f 6208//81 6273//81 6274//81
f 6208//81 6274//81 6206//81
f 6207//81 6275//81 6208//81
f 6208//81 6275//81 6276//81
f 6208//81 6276//81 6253//81
f 6237//81 6277//81 6238//81
f 6238//81 6277//81 6278//81
f 6238//81 6278//81 4867//81
f 4867//81 6278//81 6279//81
f 4867//81 6279//81 6176//81
f 3994//81 4038//81 6265//81
f 6265//81 4038//81 4037//81
f 6265//81 4037//81 6224//81
f 6224//81 4037//81 4043//81
f 6224//81 4043//81 4042//81
f 4025//81 6280//81 4776//81
f 4776//81 6280//81 6281//81
f 4003//81 6282//81 4015//81
f 4015//81 6282//81 4014//81
f 6282//81 6283//81 4014//81
f 4014//81 6283//81 6284//81
f 4014//81 6284//81 6285//81
f 6208//81 6286//81 4867//81
f 4867//81 6286//81 6287//81
f 4867//81 6287//81 6209//81
f 4025//81 4027//81 6280//81
f 6280//81 4027//81 4029//81
f 6280//81 4029//81 6288//81
f 6288//6804 4029//6804 4031//6804
f 6288//81 4031//81 6289//81
f 6289//81 4031//81 4030//81
f 6289//81 4030//81 6290//81
f 6290//81 4030//81 4000//81
f 6290//81 4000//81 6291//81
f 6291//81 4000//81 3997//81
f 6291//81 3997//81 6194//81
f 6194//81 3997//81 4035//81
f 6194//81 4035//81 4034//81
f 4003//6804 4005//6804 6282//6804
f 6282//81 4005//81 4022//81
f 6282//81 4022//81 6281//81
f 6281//81 4022//81 4024//81
f 6281//81 4024//81 4776//81
f 6292//81 4014//81 6293//81
f 6293//81 4014//81 6294//81
f 6292//81 6295//81 4014//81
f 4014//81 6295//81 6296//81
f 4014//81 6296//81 6297//81
f 4841//81 6298//81 6299//81
f 6300//81 6301//81 4841//81
f 4841//81 6301//81 6302//81
f 4841//81 6302//81 6303//81
f 6254//81 6304//81 6208//81
f 6208//81 6304//81 6305//81
f 6208//82 6305//82 6286//82
f 6285//81 6306//81 4014//81
f 4014//81 6306//81 6307//81
f 4014//6804 6307//6804 6308//6804
f 6303//81 6309//81 4841//81
f 4841//81 6309//81 6310//81
f 4841//81 6310//81 4867//81
f 4867//81 6310//81 6311//81
f 4867//81 6311//81 6200//81
f 6297//81 6312//81 4014//81
f 4014//81 6312//81 6313//81
f 4014//81 6313//81 4841//81
f 4841//81 6313//81 6314//81
f 4841//81 6314//81 6298//81
f 6299//81 6315//81 4841//81
f 4841//81 6315//81 6316//81
f 4841//81 6316//81 6300//81
f 6308//81 6317//81 4014//81
f 4014//81 6317//81 6214//81
f 4014//81 6214//81 6294//81
f 6294//81 6214//81 6270//81
f 5871//6808 5870//6808 4845//6808
f 4843//6809 4842//6809 4021//6809
f 4021//6810 4842//6810 5864//6810
f 4851//6811 5861//6811 4842//6811
f 4842//6812 5861//6812 5865//6812
f 4842//6813 5865//6813 5864//6813
f 4852//6814 4847//6814 5872//6814
f 5872//6815 5860//6815 4852//6815
f 4852//6816 5860//6816 5863//6816
f 4852//6817 5863//6817 4851//6817
f 4851//6818 5863//6818 5862//6818
f 4851//6819 5862//6819 5861//6819
f 4845//6820 5870//6820 4846//6820
f 5870//6821 5875//6821 4846//6821
f 4846//6822 5875//6822 5874//6822
f 4846//6823 5874//6823 4847//6823
f 4847//6824 5874//6824 5873//6824
f 4847//6825 5873//6825 5872//6825
f 5871//6826 4845//6826 5879//6826
f 5879//6827 4845//6827 4836//6827
f 5879//6828 4836//6828 5880//6828
f 5880//6829 4836//6829 4835//6829
f 5880//6830 4835//6830 5881//6830
f 5881//6831 4835//6831 5876//6831
f 5876//6832 4835//6832 4861//6832
f 5876//6833 4861//6833 5877//6833
f 5877//6834 4861//6834 5878//6834
f 5878//6835 4861//6835 4860//6835
f 5878//6836 4860//6836 5868//6836
f 5868//6837 4860//6837 5869//6837
f 5869//6838 4860//6838 4830//6838
f 5869//6839 4830//6839 5866//6839
f 5866//6840 4830//6840 5867//6840
f 5867//6841 4830//6841 4829//6841
f 5867//6842 4829//6842 4138//6842
f 6318//1 6319//1 6320//1
f 6321//1 6322//1 4130//1
f 4130//1 6322//1 6323//1
f 4130//1 6323//1 6324//1
f 6325//1 6326//1 4880//1
f 6319//1 6327//1 4880//1
f 4880//1 6327//1 6328//1
f 4880//1 6328//1 4130//1
f 4130//6843 6328//6843 6329//6843
f 4130//1 6329//1 6321//1
f 6330//1 6331//1 6332//1
f 6320//1 6319//1 6333//1
f 4124//1 4126//1 6334//1
f 6326//1 6335//1 4880//1
f 4880//1 6335//1 6336//1
f 4880//1 6336//1 6337//1
f 6338//1 6339//1 6340//1
f 4880//1 6341//1 6342//1
f 6343//6757 6344//6757 6345//6757
f 4129//1 4133//1 6346//1
f 6347//1 6348//1 4863//1
f 6320//1 6349//1 6350//1
f 6351//1 6352//1 4880//1
f 4880//1 6352//1 6353//1
f 4880//1 6353//1 6325//1
f 6337//1 6354//1 4880//1
f 4880//1 6354//1 6355//1
f 4880//1 6355//1 6341//1
f 6324//1 6356//1 4130//1
f 4130//1 6356//1 6346//1
f 4130//1 6346//1 4131//1
f 4131//1 6346//1 4133//1
f 6357//1 6358//1 6359//1
f 6359//6758 6358//6758 6360//6758
f 6331//1 6361//1 6332//1
f 6332//1 6361//1 6362//1
f 6332//1 6362//1 6363//1
f 6363//1 6362//1 6364//1
f 6363//1 6364//1 6365//1
f 6350//1 6366//1 6320//1
f 6320//1 6366//1 6367//1
f 6320//1 6367//1 6318//1
f 6344//1 6368//1 6345//1
f 6345//1 6368//1 6369//1
f 6345//1 6369//1 6370//1
f 6370//1 6369//1 6371//1
f 6372//1 6373//1 6374//1
f 6374//1 6373//1 6375//1
f 6334//1 4126//1 6346//1
f 6346//1 4126//1 4127//1
f 6346//1 4127//1 4129//1
f 6342//1 6376//1 4880//1
f 4880//1 6376//1 6377//1
f 4880//1 6377//1 6319//1
f 6319//1 6377//1 6378//1
f 6319//1 6378//1 6333//1
f 6379//1 6380//1 6381//1
f 6365//1 6382//1 6363//1
f 6363//1 6382//1 6383//1
f 6363//1 6383//1 6340//1
f 6380//1 6384//1 6381//1
f 6381//1 6384//1 6385//1
f 6381//1 6385//1 6386//1
f 6386//1 6385//1 6387//1
f 6379//1 6381//1 6369//1
f 6369//1 6381//1 6388//1
f 6369//1 6388//1 6371//1
f 6330//1 6332//1 6389//1
f 6389//6759 6332//6759 6390//6759
f 6389//6755 6390//6755 6391//6755
f 6391//1 6390//1 6392//1
f 6391//1 6392//1 6393//1
f 4124//1 6334//1 3987//1
f 3987//1 6334//1 6394//1
f 3987//1 6394//1 3985//1
f 6348//1 6395//1 4863//1
f 4863//1 6395//1 6396//1
f 4863//1 6396//1 6397//1
f 6398//1 6399//1 4880//1
f 4880//1 6399//1 6400//1
f 6339//1 6401//1 6340//1
f 6340//6756 6401//6756 6402//6756
f 6340//1 6402//1 6363//1
f 6363//1 6402//1 6403//1
f 6363//1 6403//1 6320//1
f 6320//1 6403//1 6404//1
f 6320//1 6404//1 6349//1
f 6357//1 6405//1 6358//1
f 6358//1 6405//1 6406//1
f 6358//1 6406//1 6407//1
f 6407//1 6406//1 6391//1
f 6407//1 6391//1 6345//1
f 6345//1 6391//1 6393//1
f 6345//6844 6393//6844 6343//6844
f 6397//1 6408//1 4863//1
f 4863//1 6408//1 6409//1
f 4863//1 6409//1 6410//1
f 6410//1 6411//1 4863//1
f 4863//1 6411//1 6412//1
f 4863//1 6412//1 4880//1
f 4880//1 6412//1 6413//1
f 4880//1 6413//1 6398//1
f 6372//1 6351//1 6373//1
f 6373//1 6351//1 4880//1
f 6373//1 4880//1 6414//1
f 6414//1 4880//1 6400//1
f 6415//1 4112//1 6416//1
f 6416//1 4112//1 6417//1
f 6415//1 6418//1 4112//1
f 4112//1 6418//1 6419//1
f 4112//1 6419//1 6420//1
f 6420//1 6421//1 4112//1
f 4112//1 6421//1 6422//1
f 4112//1 6422//1 4863//1
f 4863//1 6422//1 6423//1
f 4863//1 6423//1 6347//1
f 6424//1 4118//1 6425//1
f 6425//1 4118//1 4117//1
f 6425//1 4117//1 6426//1
f 6426//1 4117//1 3988//1
f 6426//1 3988//1 6427//1
f 6427//1 3988//1 3990//1
f 6427//1 3990//1 6428//1
f 6428//1 3990//1 4121//1
f 6428//1 4121//1 6394//1
f 6394//6755 4121//6755 4123//6755
f 6394//1 4123//1 3985//1
f 6429//1 6430//1 6431//1
f 6431//1 6430//1 6432//1
f 6431//1 6432//1 6340//1
f 6340//1 6432//1 6433//1
f 6340//1 6433//1 6338//1
f 6434//1 6435//1 6436//1
f 6436//1 6435//1 6437//1
f 6434//1 6436//1 6424//1
f 6424//1 6436//1 6438//1
f 6424//1 6438//1 4118//1
f 4118//1 6438//1 6439//1
f 4118//1 6439//1 6440//1
f 6441//1 6442//1 4112//1
f 6442//1 6443//1 4112//1
f 4112//1 6443//1 6444//1
f 4112//1 6444//1 6445//1
f 6387//1 6385//1 6446//1
f 6446//1 6385//1 6447//1
f 6446//1 6447//1 6448//1
f 6448//1 6447//1 6449//1
f 6448//1 6449//1 6373//1
f 6373//1 6449//1 6450//1
f 6373//1 6450//1 6375//1
f 6440//1 6451//1 4118//1
f 4118//1 6451//1 6452//1
f 4118//1 6452//1 4120//1
f 4120//1 6452//1 6453//1
f 4120//1 6453//1 4114//1
f 4114//1 6453//1 6454//1
f 4114//1 6454//1 4115//1
f 4115//1 6454//1 6455//1
f 4115//1 6455//1 3991//1
f 6445//1 6456//1 4112//1
f 4112//1 6456//1 6360//1
f 4112//1 6360//1 6417//1
f 6417//1 6360//1 6358//1
f 6429//1 6431//1 6457//1
f 6457//1 6431//1 6458//1
f 6457//1 6458//1 6437//1
f 6437//1 6458//1 6459//1
f 6437//1 6459//1 6436//1
f 3991//1 6455//1 3992//1
f 3992//1 6455//1 6460//1
f 3992//1 6460//1 4112//1
f 4112//1 6460//1 6461//1
f 4112//1 6461//1 6441//1
f 5969//86 6446//86 6023//86
f 6023//19 6446//19 6448//19
f 6023//17 6448//17 6024//17
f 6024//18 6448//18 6373//18
f 6024//6845 6373//6845 6025//6845
f 6025//141 6373//141 6414//141
f 6025//85 6414//85 5906//85
f 5906//85 6414//85 6400//85
f 5906//6846 6400//6846 5907//6846
f 5907//12 6400//12 6399//12
f 5907//84 6399//84 5971//84
f 5971//11 6399//11 6398//11
f 5971//10 6398//10 5972//10
f 5972//9 6398//9 6413//9
f 5972//8 6413//8 5973//8
f 5973//7 6413//7 6412//7
f 5973//182 6412//182 5908//182
f 5908//6847 6412//6847 6411//6847
f 5908//134 6411//134 5909//134
f 5909//6848 6411//6848 6410//6848
f 5909//90 6410//90 5979//90
f 5979//56 6410//56 6409//56
f 5979//55 6409//55 5980//55
f 5980//180 6409//180 6408//180
f 5980//6849 6408//6849 5981//6849
f 5981//53 6408//53 6397//53
f 5981//130 6397//130 5987//130
f 5987//130 6397//130 6396//130
f 5987//50 6396//50 5988//50
f 5988//50 6396//50 6395//50
f 5988//49 6395//49 5989//49
f 5989//48 6395//48 6348//48
f 5989//47 6348//47 6017//47
f 6017//47 6348//47 6347//47
f 6017//45 6347//45 6018//45
f 6018//44 6347//44 6423//44
f 6018//4 6423//4 5976//4
f 5976//43 6423//43 6422//43
f 5976//42 6422//42 5937//42
f 5937//42 6422//42 6421//42
f 5937//126 6421//126 5916//126
f 5916//152 6421//152 6420//152
f 5916//151 6420//151 5894//151
f 5894//38 6420//38 6419//38
f 5894//124 6419//124 5895//124
f 5895//125 6419//125 6418//125
f 5895//150 6418//150 5929//150
f 5929//36 6418//36 6415//36
f 5929//123 6415//123 5930//123
f 5930//35 6415//35 6416//35
f 5930//33 6416//33 6013//33
f 6013//175 6416//175 6417//175
f 6013//162 6417//162 6014//162
f 6014//31 6417//31 6358//31
f 6014//29 6358//29 5967//29
f 5967//30 6358//30 6407//30
f 5967//27 6407//27 5922//27
f 5922//28 6407//28 6345//28
f 5922//26 6345//26 5925//26
f 5925//120 6345//120 6370//120
f 5925//25 6370//25 5926//25
f 5926//119 6370//119 6371//119
f 5926//24 6371//24 6007//24
f 6007//24 6371//24 6388//24
f 6007//117 6388//117 6008//117
f 6008//23 6388//23 6381//23
f 6008//6 6381//6 6009//6
f 6009//22 6381//22 6386//22
f 6009//21 6386//21 5968//21
f 5968//21 6386//21 6387//21
f 5968//20 6387//20 5969//20
f 5969//20 6387//20 6446//20
f 5904//19 6376//19 5905//19
f 5905//86 6376//86 6342//86
f 5905//17 6342//17 5917//17
f 5917//18 6342//18 6341//18
f 5917//16 6341//16 5918//16
f 5918//15 6341//15 6355//15
f 5918//85 6355//85 5919//85
f 5919//85 6355//85 6354//85
f 5919//12 6354//12 5932//12
f 5932//12 6354//12 6337//12
f 5932//11 6337//11 5933//11
f 5933//11 6337//11 6336//11
f 5933//158 6336//158 5934//158
f 5934//9 6336//9 6335//9
f 5934//115 6335//115 6015//115
f 6015//7 6335//7 6326//7
f 6015//135 6326//135 6016//135
f 6016//59 6326//59 6325//59
f 6016//57 6325//57 5970//57
f 5970//57 6325//57 6353//57
f 5970//90 6353//90 5924//90
f 5924//56 6353//56 6352//56
f 5924//180 6352//180 5920//180
f 5920//55 6352//55 6351//55
f 5920//53 6351//53 5921//53
f 5921//6849 6351//6849 6372//6849
f 5921//51 6372//51 5923//51
f 5923//51 6372//51 6374//51
f 5923//166 6374//166 5962//166
f 5962//166 6374//166 6375//166
f 5962//48 6375//48 5963//48
f 5963//48 6375//48 6450//48
f 5963//47 6450//47 5964//47
f 5964//46 6450//46 6449//46
f 5964//44 6449//44 5965//44
f 5965//44 6449//44 6447//44
f 5965//4 6447//4 5966//4
f 5966//4 6447//4 6385//4
f 5966//42 6385//42 6019//42
f 6019//127 6385//127 6384//127
f 6019//126 6384//126 6020//126
f 6020//40 6384//40 6380//40
f 6020//38 6380//38 6021//38
f 6021//39 6380//39 6379//39
f 6021//176 6379//176 6022//176
f 6022//37 6379//37 6369//37
f 6022//88 6369//88 5983//88
f 5983//36 6369//36 6368//36
f 5983//123 6368//123 5897//123
f 5897//35 6368//35 6344//35
f 5897//122 6344//122 6003//122
f 6003//34 6344//34 6343//34
f 6003//32 6343//32 6005//32
f 6005//162 6343//162 6393//162
f 6005//29 6393//29 6006//29
f 6006//174 6393//174 6392//174
f 6006//27 6392//27 5887//27
f 5887//173 6392//173 6390//173
f 5887//120 6390//120 5888//120
f 5888//6850 6390//6850 6332//6850
f 5888//25 6332//25 5889//25
f 5889//119 6332//119 6363//119
f 5889//24 6363//24 5900//24
f 5900//24 6363//24 6320//24
f 5900//117 6320//117 5901//117
f 5901//23 6320//23 6333//23
f 5901//22 6333//22 5902//22
f 5902//22 6333//22 6378//22
f 5902//79 6378//79 5903//79
f 5903//79 6378//79 6377//79
f 5903//20 6377//20 5904//20
f 5904//87 6377//87 6376//87
f 5956//19 6328//19 5999//19
f 5999//86 6328//86 6327//86
f 5999//17 6327//17 6000//17
f 6000//18 6327//18 6319//18
f 6000//16 6319//16 6001//16
f 6001//15 6319//15 6318//15
f 6001//170 6318//170 5984//170
f 5984//14 6318//14 6367//14
f 5984//116 6367//116 5985//116
f 5985//116 6367//116 6366//116
f 5985//84 6366//84 5986//84
f 5986//11 6366//11 6350//11
f 5986//6851 6350//6851 5957//6851
f 5957//158 6350//158 6349//158
f 5957//7 6349//7 5958//7
f 5958//8 6349//8 6404//8
f 5958//59 6404//59 6004//59
f 6004//182 6404//182 6403//182
f 6004//57 6403//57 6002//57
f 6002//57 6403//57 6402//57
f 6002//90 6402//90 5898//90
f 5898//56 6402//56 6401//56
f 5898//55 6401//55 5899//55
f 5899//179 6401//179 6339//179
f 5899//6849 6339//6849 5959//6849
f 5959//53 6339//53 6338//53
f 5959//51 6338//51 5960//51
f 5960//130 6338//130 6433//130
f 5960//166 6433//166 5961//166
f 5961//50 6433//50 6432//50
f 5961//48 6432//48 5998//48
f 5998//48 6432//48 6430//48
f 5998//46 6430//46 5997//46
f 5997//47 6430//47 6429//47
f 5997//45 6429//45 5996//45
f 5996//45 6429//45 6457//45
f 5996//4 6457//4 5994//4
f 5994//43 6457//43 6437//43
f 5994//42 6437//42 5890//42
f 5890//42 6437//42 6435//42
f 5890//126 6435//126 5891//126
f 5891//41 6435//41 6434//41
f 5891//39 6434//39 5892//39
f 5892//38 6434//38 6424//38
f 5892//37 6424//37 5893//37
f 5893//37 6424//37 6425//37
f 5893//88 6425//88 5910//88
f 5910//88 6425//88 6426//88
f 5910//123 6426//123 5911//123
f 5911//6852 6426//6852 6427//6852
f 5911//33 6427//33 5912//33
f 5912//34 6427//34 6428//34
f 5912//121 6428//121 5913//121
f 5913//31 6428//31 6394//31
f 5913//29 6394//29 5948//29
f 5948//29 6394//29 6334//29
f 5948//6853 6334//6853 5949//6853
f 5949//27 6334//27 6346//27
f 5949//26 6346//26 5950//26
f 5950//120 6346//120 6356//120
f 5950//25 6356//25 5951//25
f 5951//146 6356//146 6324//146
f 5951//145 6324//145 5952//145
f 5952//24 6324//24 6323//24
f 5952//23 6323//23 5953//23
f 5953//117 6323//117 6322//117
f 5953//6 6322//6 5954//6
f 5954//6 6322//6 6321//6
f 5954//79 6321//79 5955//79
f 5955//21 6321//21 6329//21
f 5955//20 6329//20 5956//20
f 5956//20 6329//20 6328//20
f 5982//19 6458//19 5931//19
f 5931//86 6458//86 6431//86
f 5931//17 6431//17 5896//17
f 5896//17 6431//17 6340//17
f 5896//141 6340//141 5974//141
f 5974//6845 6340//6845 6383//6845
f 5974//85 6383//85 5935//85
f 5935//14 6383//14 6382//14
f 5935//12 6382//12 5936//12
f 5936//116 6382//116 6365//116
f 5936//138 6365//138 5978//138
f 5978//84 6365//84 6364//84
f 5978//6854 6364//6854 5977//6854
f 5977//10 6364//10 6362//10
f 5977//8 6362//8 5975//8
f 5975//7 6362//7 6361//7
f 5975//135 6361//135 6026//135
f 6026//59 6361//59 6331//59
f 6026//57 6331//57 6027//57
f 6027//134 6331//134 6330//134
f 6027//90 6330//90 6028//90
f 6028//90 6330//90 6389//90
f 6028//55 6389//55 5938//55
f 5938//180 6389//180 6391//180
f 5938//54 6391//54 5939//54
f 5939//53 6391//53 6406//53
f 5939//51 6406//51 5940//51
f 5940//51 6406//51 6405//51
f 5940//166 6405//166 5941//166
f 5941//50 6405//50 6357//50
f 5941//48 6357//48 5942//48
f 5942//48 6357//48 6359//48
f 5942//47 6359//47 5943//47
f 5943//46 6359//46 6360//46
f 5943//45 6360//45 5944//45
f 5944//44 6360//44 6456//44
f 5944//4 6456//4 5884//4
f 5884//4 6456//4 6445//4
f 5884//42 6445//42 5885//42
f 5885//42 6445//42 6444//42
f 5885//152 6444//152 5927//152
f 5927//40 6444//40 6443//40
f 5927//39 6443//39 5928//39
f 5928//38 6443//38 6442//38
f 5928//37 6442//37 5914//37
f 5914//124 6442//124 6441//124
f 5914//88 6441//88 5915//88
f 5915//36 6441//36 6461//36
f 5915//123 6461//123 5945//123
f 5945//80 6461//80 6460//80
f 5945//122 6460//122 5946//122
f 5946//33 6460//33 6455//33
f 5946//121 6455//121 5947//121
f 5947//32 6455//32 6454//32
f 5947//30 6454//30 6010//30
f 6010//29 6454//29 6453//29
f 6010//27 6453//27 6011//27
f 6011//173 6453//173 6452//173
f 6011//6850 6452//6850 6012//6850
f 6012//6850 6452//6850 6451//6850
f 6012//119 6451//119 5990//119
f 5990//25 6451//25 6440//25
f 5990//24 6440//24 5991//24
f 5991//145 6440//145 6439//145
f 5991//117 6439//117 5992//117
f 5992//6855 6439//6855 6438//6855
f 5992//22 6438//22 5993//22
f 5993//22 6438//22 6436//22
f 5993//79 6436//79 5995//79
f 5995//79 6436//79 6459//79
f 5995//87 6459//87 5982//87
f 5982//87 6459//87 6458//87
f 6275//19 6128//19 6276//19
f 6276//86 6128//86 6073//86
f 6276//18 6073//18 6253//18
f 6253//18 6073//18 6077//18
f 6253//6845 6077//6845 6254//6845
f 6254//6856 6077//6856 6076//6856
f 6254//6857 6076//6857 6304//6857
f 6304//85 6076//85 6044//85
f 6304//12 6044//12 6305//12
f 6305//116 6044//116 6043//116
f 6305//11 6043//11 6286//11
f 6286//11 6043//11 6042//11
f 6286//158 6042//158 6287//158
f 6287//6854 6042//6854 6038//6854
f 6287//115 6038//115 6209//115
f 6209//8 6038//8 6039//8
f 6209//58 6039//58 6210//58
f 6210//59 6039//59 6040//59
f 6210//134 6040//134 6232//134
f 6232//134 6040//134 6041//134
f 6232//90 6041//90 6233//90
f 6233//90 6041//90 6162//90
f 6233//55 6162//55 6195//55
f 6195//6858 6162//6858 6161//6858
f 6195//54 6161//54 6196//54
f 6196//53 6161//53 6155//53
f 6196//51 6155//51 6211//51
f 6211//51 6155//51 6154//51
f 6211//166 6154//166 6212//166
f 6212//166 6154//166 6153//166
f 6212//48 6153//48 6213//48
f 6213//48 6153//48 6152//48
f 6213//46 6152//46 6255//46
f 6255//46 6152//46 6151//46
f 6255//44 6151//44 6256//44
f 6256//44 6151//44 6150//44
f 6256//4 6150//4 6238//4
f 6238//4 6150//4 6149//4
f 6238//128 6149//128 6205//128
f 6205//42 6149//42 6109//42
f 6205//126 6109//126 6204//126
f 6204//41 6109//41 6108//41
f 6204//39 6108//39 6202//39
f 6202//39 6108//39 6107//39
f 6202//176 6107//176 6243//176
f 6243//124 6107//124 6106//124
f 6243//36 6106//36 6185//36
f 6185//150 6106//150 6168//150
f 6185//123 6168//123 6191//123
f 6191//35 6168//35 6167//35
f 6191//122 6167//122 6192//122
f 6192//34 6167//34 6166//34
f 6192//121 6166//121 6193//121
f 6193//162 6166//162 6105//162
f 6193//29 6105//29 6231//29
f 6231//29 6105//29 6104//29
f 6231//6859 6104//6859 6229//6859
f 6229//173 6104//173 6056//173
f 6229//120 6056//120 6271//120
f 6271//6850 6056//6850 6136//6850
f 6271//119 6136//119 6272//119
f 6272//25 6136//25 6138//25
f 6272//24 6138//24 6273//24
f 6273//145 6138//145 6156//145
f 6273//23 6156//23 6274//23
f 6274//23 6156//23 6157//23
f 6274//22 6157//22 6206//22
f 6206//6 6157//6 6158//6
f 6206//79 6158//79 6207//79
f 6207//79 6158//79 6046//79
f 6207//20 6046//20 6275//20
f 6275//87 6046//87 6128//87
f 6314//19 6110//19 6298//19
f 6298//19 6110//19 6051//19
f 6298//17 6051//17 6299//17
f 6299//18 6051//18 6050//18
f 6299//16 6050//16 6315//16
f 6315//15 6050//15 6049//15
f 6315//85 6049//85 6316//85
f 6316//171 6049//171 6037//171
f 6316//6860 6037//6860 6300//6860
f 6300//12 6037//12 6036//12
f 6300//84 6036//84 6301//84
f 6301//138 6036//138 6035//138
f 6301//10 6035//10 6302//10
f 6302//10 6035//10 6034//10
f 6302//8 6034//8 6303//8
f 6303//8 6034//8 6033//8
f 6303//182 6033//182 6309//182
f 6309//59 6033//59 6032//59
f 6309//57 6032//57 6310//57
f 6310//57 6032//57 6031//57
f 6310//90 6031//90 6311//90
f 6311//90 6031//90 6030//90
f 6311//131 6030//131 6200//131
f 6200//132 6030//132 6078//132
f 6200//6849 6078//6849 6201//6849
f 6201//53 6078//53 6075//53
f 6201//51 6075//51 6225//51
f 6225//130 6075//130 6074//130
f 6225//50 6074//50 6226//50
f 6226//50 6074//50 6072//50
f 6226//49 6072//49 6208//49
f 6208//48 6072//48 6071//48
f 6208//47 6071//47 6227//47
f 6227//47 6071//47 6130//47
f 6227//44 6130//44 6228//44
f 6228//45 6130//45 6129//45
f 6228//43 6129//43 6230//43
f 6230//4 6129//4 6127//4
f 6230//128 6127//128 6249//128
f 6249//42 6127//42 6126//42
f 6249//41 6126//41 6250//41
f 6250//40 6126//40 6125//40
f 6250//39 6125//39 6262//39
f 6262//39 6125//39 6124//39
f 6262//176 6124//176 6263//176
f 6263//125 6124//125 6123//125
f 6263//88 6123//88 6216//88
f 6216//164 6123//164 6045//164
f 6216//6852 6045//6852 6268//6852
f 6268//123 6045//123 6047//123
f 6268//34 6047//34 6269//34
f 6269//175 6047//175 6048//175
f 6269//162 6048//162 6270//162
f 6270//31 6048//31 6132//31
f 6270//29 6132//29 6294//29
f 6294//30 6132//30 6089//30
f 6294//27 6089//27 6293//27
f 6293//27 6089//27 6088//27
f 6293//120 6088//120 6292//120
f 6292//26 6088//26 6116//26
f 6292//25 6116//25 6295//25
f 6295//146 6116//146 6115//146
f 6295//24 6115//24 6296//24
f 6296//145 6115//145 6114//145
f 6296//23 6114//23 6297//23
f 6297//117 6114//117 6113//117
f 6297//6 6113//6 6312//6
f 6312//22 6113//22 6112//22
f 6312//79 6112//79 6313//79
f 6313//21 6112//21 6111//21
f 6313//87 6111//87 6314//87
f 6314//6861 6111//6861 6110//6861
f 6317//19 6061//19 6214//19
f 6214//19 6061//19 6062//19
f 6214//18 6062//18 6215//18
f 6215//17 6062//17 6063//17
f 6215//6845 6063//6845 6217//6845
f 6217//141 6063//141 6120//141
f 6217//85 6120//85 6218//85
f 6218//14 6120//14 6119//14
f 6218//12 6119//12 6264//12
f 6264//12 6119//12 6118//12
f 6264//11 6118//11 6183//11
f 6183//11 6118//11 6117//11
f 6183//10 6117//10 6184//10
f 6184//10 6117//10 6090//10
f 6184//8 6090//8 6186//8
f 6186//8 6090//8 6133//8
f 6186//59 6133//59 6187//59
f 6187//59 6133//59 6131//59
f 6187//6862 6131//6862 6241//6862
f 6241//57 6131//57 6093//57
f 6241//6863 6093//6863 6242//6863
f 6242//133 6093//133 6121//133
f 6242//55 6121//55 6244//55
f 6244//55 6121//55 6070//55
f 6244//6849 6070//6849 6245//6849
f 6245//53 6070//53 6068//53
f 6245//51 6068//51 6246//51
f 6246//51 6068//51 6067//51
f 6246//50 6067//50 6247//50
f 6247//166 6067//166 6097//166
f 6247//48 6097//48 6248//48
f 6248//48 6097//48 6099//48
f 6248//47 6099//47 6258//47
f 6258//46 6099//46 6173//46
f 6258//45 6173//45 6260//45
f 6260//44 6173//44 6172//44
f 6260//4 6172//4 6261//4
f 6261//4 6172//4 6170//4
f 6261//42 6170//42 6181//42
f 6181//42 6170//42 6169//42
f 6181//41 6169//41 6266//41
f 6266//40 6169//40 6165//40
f 6266//39 6165//39 6194//39
f 6194//38 6165//38 6164//38
f 6194//37 6164//37 6291//37
f 6291//124 6164//124 6163//124
f 6291//36 6163//36 6290//36
f 6290//36 6163//36 6143//36
f 6290//80 6143//80 6289//80
f 6289//6852 6143//6852 6144//6852
f 6289//33 6144//33 6288//33
f 6288//33 6144//33 6145//33
f 6288//31 6145//31 6280//31
f 6280//121 6145//121 6096//121
f 6280//30 6096//30 6281//30
f 6281//174 6096//174 6095//174
f 6281//27 6095//27 6282//27
f 6282//6864 6095//6864 6094//6864
f 6282//26 6094//26 6283//26
f 6283//148 6094//148 6081//148
f 6283//119 6081//119 6284//119
f 6284//25 6081//25 6080//25
f 6284//24 6080//24 6285//24
f 6285//145 6080//145 6079//145
f 6285//23 6079//23 6306//23
f 6306//23 6079//23 6066//23
f 6306//22 6066//22 6307//22
f 6307//22 6066//22 6065//22
f 6307//79 6065//79 6308//79
f 6308//79 6065//79 6064//79
f 6308//20 6064//20 6317//20
f 6317//87 6064//87 6061//87
f 6259//19 6171//19 6257//19
f 6257//86 6171//86 6098//86
f 6257//17 6098//17 6203//17
f 6203//18 6098//18 6069//18
f 6203//16 6069//16 6234//16
f 6234//16 6069//16 6122//16
f 6234//85 6122//85 6235//85
f 6235//14 6122//14 6092//14
f 6235//12 6092//12 6236//12
f 6236//6860 6092//6860 6091//6860
f 6236//84 6091//84 6240//84
f 6240//11 6091//11 6140//11
f 6240//10 6140//10 6239//10
f 6239//10 6140//10 6139//10
f 6239//8 6139//8 6237//8
f 6237//8 6139//8 6137//8
f 6237//135 6137//135 6277//135
f 6277//59 6137//59 6135//59
f 6277//57 6135//57 6278//57
f 6278//156 6135//156 6134//156
f 6278//155 6134//155 6279//155
f 6279//90 6134//90 6060//90
f 6279//55 6060//55 6176//55
f 6176//180 6060//180 6059//180
f 6176//6849 6059//6849 6177//6849
f 6177//6849 6059//6849 6058//6849
f 6177//154 6058//154 6178//154
f 6178//51 6058//51 6057//51
f 6178//166 6057//166 6174//166
f 6174//6865 6057//6865 6055//6865
f 6174//49 6055//49 6175//49
f 6175//48 6055//48 6054//48
f 6175//47 6054//47 6197//47
f 6197//47 6054//47 6103//47
f 6197//45 6103//45 6198//45
f 6198//45 6103//45 6160//45
f 6198//43 6160//43 6199//43
f 6199//43 6160//43 6159//43
f 6199//42 6159//42 6219//42
f 6219//128 6159//128 6148//128
f 6219//126 6148//126 6220//126
f 6220//41 6148//41 6147//41
f 6220//38 6147//38 6221//38
f 6221//39 6147//39 6146//39
f 6221//37 6146//37 6222//37
f 6222//176 6146//176 6087//176
f 6222//88 6087//88 6223//88
f 6223//36 6087//36 6086//36
f 6223//80 6086//80 6224//80
f 6224//35 6086//35 6085//35
f 6224//33 6085//33 6265//33
f 6265//33 6085//33 6053//33
f 6265//31 6053//31 6251//31
f 6251//32 6053//32 6052//32
f 6251//30 6052//30 6252//30
f 6252//30 6052//30 6102//30
f 6252//27 6102//27 6267//27
f 6267//28 6102//28 6101//28
f 6267//6850 6101//6850 6179//6850
f 6179//6866 6101//6866 6100//6866
f 6179//119 6100//119 6180//119
f 6180//25 6100//25 6082//25
f 6180//24 6082//24 6182//24
f 6182//24 6082//24 6083//24
f 6182//117 6083//117 6188//117
f 6188//23 6083//23 6084//23
f 6188//22 6084//22 6189//22
f 6189//22 6084//22 6142//22
f 6189//21 6142//21 6190//21
f 6190//21 6142//21 6141//21
f 6190//87 6141//87 6259//87
f 6259//20 6141//20 6171//20
f 4014//6867 4841//6867 4010//6867
f 4010//6868 4841//6868 4858//6868
f 4010//6869 4858//6869 4011//6869
f 4011//6870 4858//6870 4012//6870
f 4012//6871 4858//6871 4859//6871
f 4012//6872 4859//6872 4009//6872
f 4009//6873 4859//6873 4006//6873
f 4006//6874 4859//6874 4857//6874
f 4006//6875 4857//6875 4007//6875
f 4007//6876 4857//6876 4016//6876
f 4016//6877 4857//6877 4866//6877
f 4016//6878 4866//6878 4017//6878
f 4017//6879 4866//6879 4018//6879
f 4018//6880 4866//6880 4865//6880
f 4018//6881 4865//6881 4019//6881
f 4019//6882 4865//6882 4020//6882
f 4020//6883 4865//6883 4843//6883
f 4020//6884 4843//6884 4021//6884
f 4061//6885 4879//6885 4052//6885
f 4052//6886 4879//6886 4878//6886
f 4052//6887 4878//6887 4053//6887
f 4053//6888 4878//6888 4054//6888
f 4054//6889 4878//6889 4877//6889
f 4054//6890 4877//6890 4048//6890
f 4048//6891 4877//6891 4046//6891
f 4046//6892 4877//6892 4876//6892
f 4046//6893 4876//6893 4044//6893
f 4044//6894 4876//6894 4049//6894
f 4049//6895 4876//6895 4875//6895
f 4049//6896 4875//6896 4050//6896
f 4868//6897 4867//6897 4042//6897
f 4042//6898 4040//6898 4868//6898
f 4868//6899 4040//6899 4039//6899
f 4868//6900 4039//6900 4875//6900
f 4875//6901 4039//6901 4051//6901
f 4875//6902 4051//6902 4050//6902
f 4138//6903 4829//6903 4137//6903
f 4137//6904 4829//6904 4853//6904
f 4137//6905 4853//6905 4135//6905
f 4135//6906 4853//6906 4139//6906
f 4139//6907 4853//6907 4882//6907
f 4139//6908 4882//6908 4140//6908
f 4140//6909 4882//6909 4141//6909
f 4141//6910 4882//6910 4881//6910
f 4141//6911 4881//6911 4142//6911
f 4142//6912 4881//6912 4143//6912
f 4143//6913 4881//6913 4874//6913
f 4143//6914 4874//6914 4144//6914
f 4873//6915 4880//6915 4130//6915
f 4130//6916 4147//6916 4873//6916
f 4873//6917 4147//6917 4146//6917
f 4873//6918 4146//6918 4874//6918
f 4874//6919 4146//6919 4145//6919
f 4874//6920 4145//6920 4144//6920
f 4112//6921 4863//6921 4113//6921
f 4113//6922 4863//6922 4870//6922
f 4113//6923 4870//6923 4108//6923
f 4108//6924 4870//6924 4104//6924
f 4104//6925 4870//6925 4869//6925
f 4104//6926 4869//6926 4105//6926
f 4105//6927 4869//6927 4109//6927
f 4109//6928 4869//6928 4871//6928
f 4109//6929 4871//6929 4110//6929
f 4110//6930 4871//6930 4111//6930
f 4111//6931 4871//6931 4872//6931
f 4111//6932 4872//6932 4097//6932
f 4097//6933 4872//6933 4098//6933
f 4098//6934 4872//6934 4864//6934
f 4098//6935 4864//6935 4100//6935
f 4100//6936 4864//6936 4101//6936
f 4101//6937 4864//6937 4862//6937
f 4101//6938 4862//6938 4102//6938
